B	19007694	1	Royal Punjab	Parbjot Singh Aulakh	0	3	0	0	0.00	RHB	c Santosh Natarajan b Gopal Kanniappan	41091824	1594831	Amiirtham - GTCC Fall league 2025	15	TENNIS
B	19007694	1	Royal Punjab	Jaskaran 	21	14	3	1	150.00	RHB	b Santhosh Rajan	39251673	1594831	Amiirtham - GTCC Fall league 2025	15	TENNIS
B	19007694	1	Royal Punjab	Vikram Singh  (wk)	0	5	0	0	0.00	RHB	st †Arunkumar b Gopal Kanniappan	41170578	1594831	Amiirtham - GTCC Fall league 2025	15	TENNIS
B	19007694	1	Royal Punjab	Amrit Amrit	17	12	3	0	141.67	RHB	c †Arunkumar b Magulan Duraipandian	41671523	1594831	Amiirtham - GTCC Fall league 2025	15	TENNIS
B	19007694	1	Royal Punjab	Bikramjeet singh	14	8	1	1	175.00	RHB	c Sathish Rajan b Santhosh Rajan	41099524	1594831	Amiirtham - GTCC Fall league 2025	15	TENNIS
B	19007694	1	Royal Punjab	Lovepreet Khosa	29	11	1	4	263.64	RHB	c †Arunkumar b Magulan Duraipandian	41122178	1594831	Amiirtham - GTCC Fall league 2025	15	TENNIS
B	19007694	1	Royal Punjab	Amritpal  Singh	35	22	1	3	159.09	RHB	c Sathish Rajan b Magulan Duraipandian	41127556	1594831	Amiirtham - GTCC Fall league 2025	15	TENNIS
B	19007694	1	Royal Punjab	Jugraj Singh	13	14	0	1	92.86	RHB	not out	41127561	1594831	Amiirtham - GTCC Fall league 2025	15	TENNIS
B	19007694	1	Royal Punjab	Jasandeep Jasandeep  (c)	0	1	0	0	0.00	RHB	run out Bilal Salim / Magulan Duraipandian	41089636	1594831	Amiirtham - GTCC Fall league 2025	15	TENNIS
B	19007694	1	Royal Punjab	Harmanpreet Singh	0	0	0	0	0.00	RHB	run out Sathish Rajan / † Arunkumar	41099479	1594831	Amiirtham - GTCC Fall league 2025	15	TENNIS
B	19007694	2	Durham Strikers	Gopal Kanniappan	37	26	1	3	142.31	RHB	c Bikramjeet singh b Amrit Amrit	27728606	1594831	Amiirtham - GTCC Fall league 2025	15	TENNIS
B	19007694	2	Durham Strikers	Yuvaraj Rajendran  (c)	12	10	2	0	120.00	RHB	c Amrit Amrit b Parbjot Singh Aulakh	16168824	1594831	Amiirtham - GTCC Fall league 2025	15	TENNIS
B	19007694	2	Durham Strikers	Bilal Salim	0	2	0	0	0.00	RHB	c Jugraj Singh b Parbjot Singh Aulakh	41655594	1594831	Amiirtham - GTCC Fall league 2025	15	TENNIS
B	19007694	2	Durham Strikers	Santosh Natarajan	37	27	1	4	137.04	RHB	c Jaskaran  b Amrit Amrit	23117493	1594831	Amiirtham - GTCC Fall league 2025	15	TENNIS
B	19007694	2	Durham Strikers	Sathish Rajan	8	8	0	0	100.00	RHB	c Amritpal  Singh b Amrit Amrit	41670672	1594831	Amiirtham - GTCC Fall league 2025	15	TENNIS
B	19007694	2	Durham Strikers	Venkatesh Agneeswaran	16	15	0	1	106.67	RHB	c †Vikram Singh b Ashu Sharma	23105461	1594831	Amiirtham - GTCC Fall league 2025	15	TENNIS
B	19007694	2	Durham Strikers	Santhosh Rajan	0	0	0	0	0.00	RHB	run out Bikramjeet singh / Amritpal  Singh	23717445	1594831	Amiirtham - GTCC Fall league 2025	15	TENNIS
B	19007694	2	Durham Strikers	Arunkumar	0	0	0	0	0.00	RHB	not out	16168974	1594831	Amiirtham - GTCC Fall league 2025	15	TENNIS
B	19007694	2	Durham Strikers	Karthik Shivashanmugam Loganathan	2	2	0	0	100.00	RHB	not out	41670676	1594831	Amiirtham - GTCC Fall league 2025	15	TENNIS
B	19007693	1	Panjab XI	Thakur  (c)	0	3	0	0	0.00	RHB	b Parker Ronak	40807678	1594831	Amiirtham - GTCC Fall league 2025	15	TENNIS
B	19007693	1	Panjab XI	Sunny Bains	16	9	2	1	177.78	RHB	b Parker Ronak	40808518	1594831	Amiirtham - GTCC Fall league 2025	15	TENNIS
B	19007693	1	Panjab XI	Ramanveer Singh	1	5	0	0	20.00	LHB	c Shoeb Mankar b Seshil Christian	41694939	1594831	Amiirtham - GTCC Fall league 2025	15	TENNIS
B	19007693	1	Panjab XI	Surjeet Singh	21	21	0	2	100.00	LHB	c †SYED FASIUDDIN b Seshil Christian	38766896	1594831	Amiirtham - GTCC Fall league 2025	15	TENNIS
B	19007693	1	Panjab XI	Sanjiv sharma	14	15	1	1	93.33	RHB	c&b Ashish Andani	39683013	1594831	Amiirtham - GTCC Fall league 2025	15	TENNIS
B	19007693	1	Panjab XI	Pawan Khaira	16	16	0	1	100.00	RHB	c Shoeb Mankar b Afzal Khan	32888366	1594831	Amiirtham - GTCC Fall league 2025	15	TENNIS
B	19007693	1	Panjab XI	Harsh Pratap Singh Yadav	3	7	0	0	42.86	RHB	b Parker Ronak	38589007	1594831	Amiirtham - GTCC Fall league 2025	15	TENNIS
B	19007693	1	Panjab XI	Ramandeep Singh 	6	6	0	0	100.00	RHB	not out	38771920	1594831	Amiirtham - GTCC Fall league 2025	15	TENNIS
B	19007693	1	Panjab XI	Arpan Singh	6	5	0	0	120.00	RHB	c Arpit Mecwan b Ashish Andani	31040706	1594831	Amiirtham - GTCC Fall league 2025	15	TENNIS
B	19007693	1	Panjab XI	Sukhpal Singh	0	2	0	0	0.00	RHB	c ASH KENNETH b Ashish Andani	40841211	1594831	Amiirtham - GTCC Fall league 2025	15	TENNIS
B	19007693	1	Panjab XI	Harman	1	1	0	0	100.00	RHB	not out	40782357	1594831	Amiirtham - GTCC Fall league 2025	15	TENNIS
B	19007693	2	Royal Challengers Bowmanville	SYED FASIUDDIN  (wk)	48	34	3	2	141.18	RHB	run out Arpan Singh	23808709	1594831	Amiirtham - GTCC Fall league 2025	15	TENNIS
B	19007693	2	Royal Challengers Bowmanville	Brian Gomes	44	24	1	5	183.33	RHB	not out	15231146	1594831	Amiirtham - GTCC Fall league 2025	15	TENNIS
B	19007693	2	Royal Challengers Bowmanville	ASH KENNETH	0	1	0	0	0.00	LHB	b Sanjiv sharma	31422300	1594831	Amiirtham - GTCC Fall league 2025	15	TENNIS
B	19007693	2	Royal Challengers Bowmanville	Parker Ronak	2	3	0	0	66.67	LHB	not out	31335119	1594831	Amiirtham - GTCC Fall league 2025	15	TENNIS
B	19007695	1	Maple Eagles	Satwinder Singh  (wk)	5	5	0	0	100.00	RHB	c SOHAIL MOHAMMED b Syed Fasiuddin	42515588	1594831	Amiirtham - GTCC Fall league 2025	15	TENNIS
B	19007695	1	Maple Eagles	Prabhneet Singh  (wk)	2	7	0	0	28.57	RHB	c SOHAIL MOHAMMED b Mohammed Shahid Khan	40191336	1594831	Amiirtham - GTCC Fall league 2025	15	TENNIS
B	19007695	1	Maple Eagles	Vipin Sharma	31	29	1	3	106.90	RHB	c Abdul Wahaid b Mohammed Shafi	32519583	1594831	Amiirtham - GTCC Fall league 2025	15	TENNIS
B	19007695	1	Maple Eagles	Shaishav Patel  (wk)	3	7	0	0	42.86	RHB	c Mohammed Shafi b Awais Mohammed	42419434	1594831	Amiirtham - GTCC Fall league 2025	15	TENNIS
B	19007695	1	Maple Eagles	Amandeep Singh	43	15	5	3	286.67	RHB	c Abdul Wahaid b Mohammed Shafi	41624226	1594831	Amiirtham - GTCC Fall league 2025	15	TENNIS
B	19007695	1	Maple Eagles	Arshdeep Singh	12	8	1	1	150.00	RHB	c Syed Fasiuddin b Awais Mohammed	39637167	1594831	Amiirtham - GTCC Fall league 2025	15	TENNIS
B	19007695	1	Maple Eagles	Samrat Shira	12	11	1	0	109.09	RHB	c&b Syed Fasiuddin	41833631	1594831	Amiirtham - GTCC Fall league 2025	15	TENNIS
B	19007695	1	Maple Eagles	Pardeep Singh	8	4	0	1	200.00	RHB	c Abdul Wahaid b Mohammed Shahid Khan	42485355	1594831	Amiirtham - GTCC Fall league 2025	15	TENNIS
B	19007695	1	Maple Eagles	Jigar Sheth  (c)	2	2	0	0	100.00	RHB	not out	32879769	1594831	Amiirtham - GTCC Fall league 2025	15	TENNIS
B	19007695	2	Deccan Warriors	SOHAIL MOHAMMED	3	3	0	0	100.00	RHB	c Samrat Shira b Arshdeep Singh	30347639	1594831	Amiirtham - GTCC Fall league 2025	15	TENNIS
B	19007695	2	Deccan Warriors	Syed Moseen	17	14	1	2	121.43	RHB	c Jigar Sheth b Amandeep Singh	16147062	1594831	Amiirtham - GTCC Fall league 2025	15	TENNIS
B	19007695	2	Deccan Warriors	Mohammed Shahid Khan  (c)	0	5	0	0	0.00	RHB	c Arshdeep Singh b Amandeep Singh	15392532	1594831	Amiirtham - GTCC Fall league 2025	15	TENNIS
B	19007695	2	Deccan Warriors	Syed Fasiuddin	2	9	0	0	22.22	RHB	c †Shaishav Patel b Satwinder Singh	1956076	1594831	Amiirtham - GTCC Fall league 2025	15	TENNIS
B	19007695	2	Deccan Warriors	Mohammed Noman Hussain	0	1	0	0	0.00	RHB	c Jigar Sheth b Arshdeep Singh	30523853	1594831	Amiirtham - GTCC Fall league 2025	15	TENNIS
B	19007695	2	Deccan Warriors	Mohammed Shafi	6	7	1	0	85.71	RHB	c †Shaishav Patel b Satwinder Singh	15397797	1594831	Amiirtham - GTCC Fall league 2025	15	TENNIS
B	19007695	2	Deccan Warriors	Abdul Wahaid  (wk)	7	5	1	0	140.00	RHB	c †Satwinder Singh b Jigar Sheth	30347785	1594831	Amiirtham - GTCC Fall league 2025	15	TENNIS
B	19007695	2	Deccan Warriors	Awais Mohammed	3	5	0	0	60.00	RHB	c †Shaishav Patel b Pardeep Singh	30347820	1594831	Amiirtham - GTCC Fall league 2025	15	TENNIS
B	19007695	2	Deccan Warriors	Abdul Mudaseer Mohmmed	21	15	2	1	140.00	RHB	c †Prabhneet Singh b Satwinder Singh	1160866	1594831	Amiirtham - GTCC Fall league 2025	15	TENNIS
B	19007695	2	Deccan Warriors	Shoeb Ahmed	6	14	0	0	42.86	RHB	b Arshdeep Singh	33118218	1594831	Amiirtham - GTCC Fall league 2025	15	TENNIS
B	19007695	2	Deccan Warriors	Shaik Abdul Raheem	2	4	0	0	50.00	RHB	not out	39359259	1594831	Amiirtham - GTCC Fall league 2025	15	TENNIS
B	19007696	1	FERAL XI	Santhosh M	0	1	0	0	0.00	RHB	c Junaid Usmani b Naren C	15283061	1594831	Amiirtham - GTCC Fall league 2025	15	TENNIS
B	19007696	1	FERAL XI	Lovepreet Singh	3	6	0	0	50.00	RHB	c Harish Challa b Kiran Chigiri	42402918	1594831	Amiirtham - GTCC Fall league 2025	15	TENNIS
B	19007696	1	FERAL XI	Varun Jampani	4	4	1	0	100.00	RHB	c Sai Sharan Pandramish b Naren C	15282785	1594831	Amiirtham - GTCC Fall league 2025	15	TENNIS
B	19007696	1	FERAL XI	Mani Asron	3	11	0	0	27.27	RHB	b Kiran Chigiri	7371163	1594831	Amiirtham - GTCC Fall league 2025	15	TENNIS
B	19007696	1	FERAL XI	Fardeen Khan	1	3	0	0	33.33	RHB	c Sheshasai Kankipati b Venkata Balaji Balabha Drapatruni	27729185	1594831	Amiirtham - GTCC Fall league 2025	15	TENNIS
B	19007696	1	FERAL XI	Aashish Cricket	5	4	1	0	125.00	LHB	c Dileep Nannore b Sheshasai Kankipati	42394870	1594831	Amiirtham - GTCC Fall league 2025	15	TENNIS
B	19007696	1	FERAL XI	Kushal Reddy  (c)	4	3	1	0	133.33	RHB	b Venkata Balaji Balabha Drapatruni	15283637	1594831	Amiirtham - GTCC Fall league 2025	15	TENNIS
B	19007696	1	FERAL XI	Jayakumar Narayanasamy	6	17	0	0	35.29	RHB	c Harish Challa b Dileep Nannore	32071080	1594831	Amiirtham - GTCC Fall league 2025	15	TENNIS
B	19007696	1	FERAL XI	Vigneshwar Reddy	10	14	1	0	71.43	RHB	c Dileep Nannore b Venkata Balaji Balabha Drapatruni	15282856	1594831	Amiirtham - GTCC Fall league 2025	15	TENNIS
B	19007696	1	FERAL XI	Balkar singh	29	20	1	2	145.00	RHB	c Junaid Usmani b Kiran Chigiri	41693676	1594831	Amiirtham - GTCC Fall league 2025	15	TENNIS
B	19007696	1	FERAL XI	Raja Sekhar Reddy Gantla  (wk)	2	4	0	0	50.00	RHB	not out	15282981	1594831	Amiirtham - GTCC Fall league 2025	15	TENNIS
B	19007696	2	Whitby Thunderbolts Gtcc fall	Karan Bhatt	34	19	3	3	178.95	RHB	c&b Mani Asron	43639731	1594831	Amiirtham - GTCC Fall league 2025	15	TENNIS
B	19007696	2	Whitby Thunderbolts Gtcc fall	Venkata Balaji Balabha Drapatruni	2	4	0	0	50.00	LHB	c Adnan khan  b Balkar singh	23656575	1594831	Amiirtham - GTCC Fall league 2025	15	TENNIS
B	19007696	2	Whitby Thunderbolts Gtcc fall	Junaid Usmani  (c)	38	25	0	5	152.00	RHB	not out	15998322	1594831	Amiirtham - GTCC Fall league 2025	15	TENNIS
B	19007696	2	Whitby Thunderbolts Gtcc fall	Jaswanth Reddy	5	6	0	0	83.33	RHB	not out	22732988	1594831	Amiirtham - GTCC Fall league 2025	15	TENNIS
B	19007697	1	Mavericks	Jijeesh Girija Vijayan	0	1	0	0	0.00	RHB	c&b Mohammed Shahid Khan	21760491	1594831	Amiirtham - GTCC Fall league 2025	15	TENNIS
B	19007697	1	Mavericks	Munawar Mohammed  (wk)	3	5	0	0	60.00	RHB	c Abdul Wahaid b Mohammed Shahid Khan	9101292	1594831	Amiirtham - GTCC Fall league 2025	15	TENNIS
B	19007697	1	Mavericks	Abhi Abraham	1	5	0	0	20.00	RHB	c SOHAIL MOHAMMED b Mohammed Shahid Khan	27788556	1594831	Amiirtham - GTCC Fall league 2025	15	TENNIS
B	19007697	1	Mavericks	Shibin Mohammed	0	1	0	0	0.00	RHB	c Mohammed Shahid Khan b Syed Fasiuddin	22588126	1594831	Amiirtham - GTCC Fall league 2025	15	TENNIS
B	19007697	1	Mavericks	Bala Santhosam	33	46	1	1	71.74	RHB	c SOHAIL MOHAMMED b Mohammed Shahid Khan	28305774	1594831	Amiirtham - GTCC Fall league 2025	15	TENNIS
B	19007697	1	Mavericks	shobith balakrishnan	29	20	1	2	145.00	RHB	c Syed Fasiuddin b Mohammed Noman Hussain	30442161	1594831	Amiirtham - GTCC Fall league 2025	15	TENNIS
B	19007697	1	Mavericks	Mani Chandrasekaran	2	4	0	0	50.00	RHB	c Syed Fasiuddin b Abdul Mudaseer Mohmmed	21571134	1594831	Amiirtham - GTCC Fall league 2025	15	TENNIS
B	19007697	1	Mavericks	Manik Arora	9	7	1	0	128.57	RHB	not out	23603966	1594831	Amiirtham - GTCC Fall league 2025	15	TENNIS
B	19007697	1	Mavericks	Anoop K C	1	2	0	0	50.00	RHB	run out Mohammed Noman Hussain	41577227	1594831	Amiirtham - GTCC Fall league 2025	15	TENNIS
B	19007697	2	Deccan Warriors	SOHAIL MOHAMMED	18	24	1	0	75.00	RHB	c †Munawar Mohammed b Manik Arora	30347639	1594831	Amiirtham - GTCC Fall league 2025	15	TENNIS
B	19007697	2	Deccan Warriors	Syed Moseen	12	10	1	1	120.00	RHB	b Suganth Muthuraman	16147062	1594831	Amiirtham - GTCC Fall league 2025	15	TENNIS
B	19007697	2	Deccan Warriors	Syed Usama Shahzeb	30	20	1	2	150.00	RHB	c Bala Santhosam b Abhi Abraham	42452972	1594831	Amiirtham - GTCC Fall league 2025	15	TENNIS
B	19007697	2	Deccan Warriors	Syed Fasiuddin	1	7	0	0	14.29	RHB	c †Munawar Mohammed b Manik Arora	1956076	1594831	Amiirtham - GTCC Fall league 2025	15	TENNIS
B	19007697	2	Deccan Warriors	Mohammed Shahid Khan  (c)	25	16	0	3	156.25	RHB	not out	15392532	1594831	Amiirtham - GTCC Fall league 2025	15	TENNIS
B	19007697	2	Deccan Warriors	Mohammed Noman Hussain	1	7	0	0	14.29	RHB	b Suganth Muthuraman	30523853	1594831	Amiirtham - GTCC Fall league 2025	15	TENNIS
B	19007697	2	Deccan Warriors	Awais Mohammed	0	1	0	0	0.00	RHB	run out Manik Arora	30347820	1594831	Amiirtham - GTCC Fall league 2025	15	TENNIS
B	19007697	2	Deccan Warriors	Abdul Wahaid  (wk)	5	5	0	0	100.00	RHB	not out	30347785	1594831	Amiirtham - GTCC Fall league 2025	15	TENNIS
B	19007698	1	Friends United - Fall T15	Saurav	18	12	3	0	150.00	RHB	c Parry b Abhishek Thakur	38188893	1594831	Amiirtham - GTCC Fall league 2025	15	TENNIS
B	19007698	1	Friends United - Fall T15	Amandeep Singh	2	10	0	0	20.00	RHB	c †Abhy b Ragu Sharma	39148817	1594831	Amiirtham - GTCC Fall league 2025	15	TENNIS
B	19007698	1	Friends United - Fall T15	Ravi  (wk)	71	29	6	6	244.83	RHB	c †Abhy b Shaibaz Khan	1153446	1594831	Amiirtham - GTCC Fall league 2025	15	TENNIS
B	19007698	1	Friends United - Fall T15	Aashish TIWARI	40	22	2	3	181.82	RHB	not out	822337	1594831	Amiirtham - GTCC Fall league 2025	15	TENNIS
B	19007698	1	Friends United - Fall T15	Prince	29	9	1	4	322.22	RHB	c †Abhy b Ragu Sharma	23202334	1594831	Amiirtham - GTCC Fall league 2025	15	TENNIS
B	19007698	1	Friends United - Fall T15	Karan Bajwa	0	1	0	0	0.00	RHB	c&b Abhishek Thakur	6249085	1594831	Amiirtham - GTCC Fall league 2025	15	TENNIS
B	19007698	1	Friends United - Fall T15	Dev Sardar	4	3	1	0	133.33	RHB	c Harjot Singh Toor b Abhishek Thakur	11402008	1594831	Amiirtham - GTCC Fall league 2025	15	TENNIS
B	19007698	1	Friends United - Fall T15	Ashu Sharma	12	5	0	1	240.00	RHB	not out	6562419	1594831	Amiirtham - GTCC Fall league 2025	15	TENNIS
B	19007698	2	Golden City	Abhy  (wk)	9	7	2	0	128.57	RHB	c Vishal DR b Jasmeet Singh	39113369	1594831	Amiirtham - GTCC Fall league 2025	15	TENNIS
B	19007698	2	Golden City	Abhishek Thakur	17	14	0	2	121.43	LHB	c Vishal DR b Ashu Sharma	39122063	1594831	Amiirtham - GTCC Fall league 2025	15	TENNIS
B	19007698	2	Golden City	Harjot Singh Toor	1	3	0	0	33.33	RHB	c Saurav b Ranjit Cricket	41538204	1594831	Amiirtham - GTCC Fall league 2025	15	TENNIS
B	19007698	2	Golden City	Parry  (c)	7	9	1	0	77.78	RHB	c Vishal DR b Ranjit Cricket	38211758	1594831	Amiirtham - GTCC Fall league 2025	15	TENNIS
B	19007698	2	Golden City	Shaibaz Khan	8	6	0	1	133.33	RHB	c Vishal DR b Jasmeet Singh	41537512	1594831	Amiirtham - GTCC Fall league 2025	15	TENNIS
B	19007698	2	Golden City	Bilal Munir	5	9	0	0	55.56	RHB	c Dev Sardar b Ashu Sharma	41846827	1594831	Amiirtham - GTCC Fall league 2025	15	TENNIS
B	19007698	2	Golden City	Harpreet Parmar	0	1	0	0	0.00	RHB	c †Ravi b Ashu Sharma	42046780	1594831	Amiirtham - GTCC Fall league 2025	15	TENNIS
B	19007698	2	Golden City	Jasraj Singh	0	2	0	0	0.00	RHB	b Ashu Sharma	42437530	1594831	Amiirtham - GTCC Fall league 2025	15	TENNIS
B	19007698	2	Golden City	Ragu Sharma	8	6	0	1	133.33	RHB	not out	39147762	1594831	Amiirtham - GTCC Fall league 2025	15	TENNIS
B	19007698	2	Golden City	Harmeet Singh	0	1	0	0	0.00	RHB	b Vishal DR	39255428	1594831	Amiirtham - GTCC Fall league 2025	15	TENNIS
B	19007698	2	Golden City	Mohit K	0	1	0	0	0.00	RHB	b Vishal DR	39112810	1594831	Amiirtham - GTCC Fall league 2025	15	TENNIS
B	19007699	1	Friends United - Fall T15	Saurav	57	38	4	3	150.00	RHB	c †Mohammed Salman b AsRar RaHman	38188893	1594831	Amiirtham - GTCC Fall league 2025	15	TENNIS
B	19007699	1	Friends United - Fall T15	Amandeep Singh	40	25	3	2	160.00	RHB	c  b Rajat Sharma	39148817	1594831	Amiirtham - GTCC Fall league 2025	15	TENNIS
B	19007699	1	Friends United - Fall T15	Ravi  (wk)	0	1	0	0	0.00	RHB	b Rajat Sharma	1153446	1594831	Amiirtham - GTCC Fall league 2025	15	TENNIS
B	19007699	1	Friends United - Fall T15	Ashu Sharma	9	8	0	1	112.50	RHB	c Zeeshan Ahmed Khan b Mohammed Salman	6562419	1594831	Amiirtham - GTCC Fall league 2025	15	TENNIS
B	19007699	1	Friends United - Fall T15	Prince	41	15	5	3	273.33	RHB	c Zeeshan Ahmed Khan b AsRar RaHman	23202334	1594831	Amiirtham - GTCC Fall league 2025	15	TENNIS
B	19007699	1	Friends United - Fall T15	Karan Bajwa	13	4	0	2	325.00	RHB	not out	6249085	1594831	Amiirtham - GTCC Fall league 2025	15	TENNIS
B	19007699	1	Friends United - Fall T15	Vishal DR	4	3	1	0	133.33	LHB	c †saad masood fakhar b AsRar RaHman	9964315	1594831	Amiirtham - GTCC Fall league 2025	15	TENNIS
B	19007699	2	Toronto Nawabs	Mohammed Shareef  (c)	5	4	1	0	125.00	RHB	c †Ravi b Jasmeet Singh	16147541	1594831	Amiirtham - GTCC Fall league 2025	15	TENNIS
B	19007699	2	Toronto Nawabs	AsRar RaHman	19	15	1	2	126.67	RHB	b Karan Bajwa	42406798	1594831	Amiirtham - GTCC Fall league 2025	15	TENNIS
B	19007699	2	Toronto Nawabs	saad masood fakhar  (wk)	0	1	0	0	0.00	RHB	b Jasmeet Singh	32067806	1594831	Amiirtham - GTCC Fall league 2025	15	TENNIS
B	19007699	2	Toronto Nawabs	Mohammed Salman	0	2	0	0	0.00	RHB	c Aashish TIWARI b Jasmeet Singh	41768685	1594831	Amiirtham - GTCC Fall league 2025	15	TENNIS
B	19007699	2	Toronto Nawabs	Abdul Sajjad	2	17	0	0	11.76	RHB	run out Jasmeet Singh	42414177	1594831	Amiirtham - GTCC Fall league 2025	15	TENNIS
B	19007699	2	Toronto Nawabs	Mohit	0	1	0	0	0.00	RHB	c †Ravi b Karan Bajwa	9302498	1594831	Amiirtham - GTCC Fall league 2025	15	TENNIS
B	19007699	2	Toronto Nawabs	Ali	12	8	1	1	150.00	RHB	b Karan Bajwa	41766159	1594831	Amiirtham - GTCC Fall league 2025	15	TENNIS
B	19007699	2	Toronto Nawabs	Rajat Sharma	1	4	0	0	25.00	RHB	c Dev Sardar b Karan Bajwa	32069714	1594831	Amiirtham - GTCC Fall league 2025	15	TENNIS
B	19007699	2	Toronto Nawabs	Kamran Ali	12	14	0	1	85.71	RHB	b Ranjit Cricket	42511818	1594831	Amiirtham - GTCC Fall league 2025	15	TENNIS
B	19007699	2	Toronto Nawabs	Zeeshan Ahmed Khan	6	7	0	0	85.71	RHB	not out	32069784	1594831	Amiirtham - GTCC Fall league 2025	15	TENNIS
B	19007700	1	Downtown Hunterz	Sam	2	5	0	0	40.00	RHB	c Alos Macwan b Parker Ronak	42529904	1594831	Amiirtham - GTCC Fall league 2025	15	TENNIS
B	19007700	1	Downtown Hunterz	Akram khan	9	12	1	0	75.00	LHB	b Parker Ronak	31095416	1594831	Amiirtham - GTCC Fall league 2025	15	TENNIS
B	19007700	1	Downtown Hunterz	Hassan khulaidi	13	8	0	1	162.50	RHB	b Arpit Mecwan	31856676	1594831	Amiirtham - GTCC Fall league 2025	15	TENNIS
B	19007700	1	Downtown Hunterz	Mohammed munawar ali	9	6	0	1	150.00	RHB	c Brian Gohil b ASH KENNETH	31861656	1594831	Amiirtham - GTCC Fall league 2025	15	TENNIS
B	19007700	1	Downtown Hunterz	Irfan Mohammed	1	4	0	0	25.00	RHB	c Arpit Mecwan b Brian Gohil	15608701	1594831	Amiirtham - GTCC Fall league 2025	15	TENNIS
B	19007700	1	Downtown Hunterz	Mohammed kaif	15	22	0	1	68.18	RHB	run out ASH KENNETH / Brian Gohil	39542771	1594831	Amiirtham - GTCC Fall league 2025	15	TENNIS
B	19007700	1	Downtown Hunterz	Faisal Yafai  (c & wk)	41	21	3	3	195.24	RHB	not out	10200084	1594831	Amiirtham - GTCC Fall league 2025	15	TENNIS
B	19007700	1	Downtown Hunterz	MOHAMMED MANNAN ALI	19	12	0	2	158.33	RHB	not out	41759501	1594831	Amiirtham - GTCC Fall league 2025	15	TENNIS
B	19007700	2	Royal Challengers Bowmanville	SYED FASIUDDIN  (wk)	21	16	1	1	131.25	RHB	c †Faisal Yafai b Mir Mujahed Ali	23808709	1594831	Amiirtham - GTCC Fall league 2025	15	TENNIS
B	19007700	2	Royal Challengers Bowmanville	Brian Gomes	0	2	0	0	0.00	RHB	c †Faisal Yafai b Faisal Khan	15231146	1594831	Amiirtham - GTCC Fall league 2025	15	TENNIS
B	19007700	2	Royal Challengers Bowmanville	Jackson Christian	15	20	0	1	75.00	RHB	b Mohammed Emad	19806199	1594831	Amiirtham - GTCC Fall league 2025	15	TENNIS
B	19007700	2	Royal Challengers Bowmanville	ASH KENNETH	4	5	0	0	80.00	LHB	c Hassan khulaidi b Faisal Khan	31422300	1594831	Amiirtham - GTCC Fall league 2025	15	TENNIS
B	19007700	2	Royal Challengers Bowmanville	Afzal Khan  (c)	18	8	0	3	225.00	RHB	c Mohammed kaif b Mir Mujahed Ali	42313627	1594831	Amiirtham - GTCC Fall league 2025	15	TENNIS
B	19007700	2	Royal Challengers Bowmanville	Daryll Christian	3	7	0	0	42.86	RHB	c †Faisal Yafai b Mohammed Emad	5206334	1594831	Amiirtham - GTCC Fall league 2025	15	TENNIS
B	19007700	2	Royal Challengers Bowmanville	Parker Ronak	6	8	0	1	75.00	LHB	b Mohammed Emad	31335119	1594831	Amiirtham - GTCC Fall league 2025	15	TENNIS
B	19007700	2	Royal Challengers Bowmanville	Brian Gohil	13	5	1	1	260.00	RHB	c †Faisal Yafai b Mir Mujahed Ali	32141157	1594831	Amiirtham - GTCC Fall league 2025	15	TENNIS
B	19007700	2	Royal Challengers Bowmanville	Arpit Mecwan	4	4	0	0	100.00	RHB	not out	32351586	1594831	Amiirtham - GTCC Fall league 2025	15	TENNIS
B	19007700	2	Royal Challengers Bowmanville	Rohan Kapoor	3	4	0	0	75.00	RHB	b Mohammed Emad	42494823	1594831	Amiirtham - GTCC Fall league 2025	15	TENNIS
B	19007700	2	Royal Challengers Bowmanville	Alos Macwan	0	1	0	0	0.00	RHB	b Mohammed Emad	42476139	1594831	Amiirtham - GTCC Fall league 2025	15	TENNIS
B	19007703	1	Mavericks	Jijeesh Girija Vijayan	40	20	3	3	200.00	RHB	run out Amritpal  Singh / † Vikram Singh	21760491	1594831	Amiirtham - GTCC Fall league 2025	15	TENNIS
B	19007703	1	Mavericks	Munawar Mohammed	1	3	0	0	33.33	RHB	c Shubham Chauhan b Parbjot Singh Aulakh	9101292	1594831	Amiirtham - GTCC Fall league 2025	15	TENNIS
B	19007703	1	Mavericks	Nasakath Shaikkumthodi  (wk)	15	11	1	1	136.36	RHB	c †Vikram Singh b Shubham Chauhan	31273662	1594831	Amiirtham - GTCC Fall league 2025	15	TENNIS
B	19007703	1	Mavericks	Akhil Varghese  (wk)	14	8	1	1	175.00	RHB	c Prince b Nikhil Dutta	21088781	1594831	Amiirtham - GTCC Fall league 2025	15	TENNIS
B	19007703	1	Mavericks	Allen Saju	23	13	1	2	176.92	RHB	c †Vikram Singh b Jugraj Singh	19803415	1594831	Amiirtham - GTCC Fall league 2025	15	TENNIS
B	19007703	1	Mavericks	Sajin Kumar	28	20	0	3	140.00	RHB	c †Vikram Singh b Jugraj Singh	30109342	1594831	Amiirtham - GTCC Fall league 2025	15	TENNIS
B	19007703	1	Mavericks	Prasanth Pillai	18	10	0	2	180.00	RHB	not out	27671092	1594831	Amiirtham - GTCC Fall league 2025	15	TENNIS
B	19007703	1	Mavericks	Abhinandh Abhi  (c)	0	1	0	0	0.00	RHB	c †Vikram Singh b Jugraj Singh	21201797	1594831	Amiirtham - GTCC Fall league 2025	15	TENNIS
B	19007703	1	Mavericks	Ebin Thankachan	2	4	0	0	50.00	RHB	run out † Vikram Singh / Jugraj Singh	21088814	1594831	Amiirtham - GTCC Fall league 2025	15	TENNIS
B	19007703	2	Royal Punjab	Prince	5	6	1	0	83.33	RHB	c Allen Saju b Ebin Thankachan	23012388	1594831	Amiirtham - GTCC Fall league 2025	15	TENNIS
B	19007703	2	Royal Punjab	Jasandeep Jasandeep  (c)	0	2	0	0	0.00	RHB	c Akhil Varghese b Abhinandh Abhi	41089636	1594831	Amiirtham - GTCC Fall league 2025	15	TENNIS
B	19007703	2	Royal Punjab	Bikramjeet singh	1	4	0	0	25.00	RHB	c Bala Santhosam b Abhinandh Abhi	41099524	1594831	Amiirtham - GTCC Fall league 2025	15	TENNIS
B	19007703	2	Royal Punjab	Amrit Amrit	13	12	2	0	108.33	RHB	c Bala Santhosam b Sajin Kumar	41671523	1594831	Amiirtham - GTCC Fall league 2025	15	TENNIS
B	19007703	2	Royal Punjab	Shubham Chauhan	1	6	0	0	16.67	RHB	c Abhinandh Abhi b Daries Antony	27728224	1594831	Amiirtham - GTCC Fall league 2025	15	TENNIS
B	19007703	2	Royal Punjab	Jaskaran 	0	4	0	0	0.00	RHB	c Bala Santhosam b Sajin Kumar	39251673	1594831	Amiirtham - GTCC Fall league 2025	15	TENNIS
B	19007703	2	Royal Punjab	Amritpal  Singh	0	1	0	0	0.00	RHB	c †Nasakath Shaikkumthodi b Daries Antony	41127556	1594831	Amiirtham - GTCC Fall league 2025	15	TENNIS
B	19007703	2	Royal Punjab	Nikhil Dutta	2	10	0	0	20.00	RHB	c Sajin Kumar b Nasakath Shaikkumthodi	42406490	1594831	Amiirtham - GTCC Fall league 2025	15	TENNIS
B	19007703	2	Royal Punjab	Vikram Singh  (wk)	22	19	1	1	115.79	RHB	not out	41170578	1594831	Amiirtham - GTCC Fall league 2025	15	TENNIS
B	19007703	2	Royal Punjab	Jugraj Singh	0	1	0	0	0.00	RHB	b Nasakath Shaikkumthodi	41127561	1594831	Amiirtham - GTCC Fall league 2025	15	TENNIS
B	19007703	2	Royal Punjab	Ashu Sharma	2	6	0	0	33.33	RHB	c †Akhil Varghese b Nasakath Shaikkumthodi	41099374	1594831	Amiirtham - GTCC Fall league 2025	15	TENNIS
B	19007702	1	Invincible Trailblazers	Aftab	14	14	1	1	100.00	RHB	c MOHAMMED MANNAN ALI b Hassan khulaidi	1541269	1594831	Amiirtham - GTCC Fall league 2025	15	TENNIS
B	19007702	1	Invincible Trailblazers	Kvs Narayana	1	3	0	0	33.33	RHB	c Sam b Hassan khulaidi	13816654	1594831	Amiirtham - GTCC Fall league 2025	15	TENNIS
B	19007702	1	Invincible Trailblazers	Sai Kiran Dande  (c & wk)	0	3	0	0	0.00	RHB	c †Faisal Yafai b Faisal Khan	5259750	1594831	Amiirtham - GTCC Fall league 2025	15	TENNIS
B	19007702	1	Invincible Trailblazers	Prathap Reddy	0	2	0	0	0.00	RHB	run out Faisal Khan / MOHAMMED MANNAN ALI	1440078	1594831	Amiirtham - GTCC Fall league 2025	15	TENNIS
B	19007702	1	Invincible Trailblazers	Seethamraju Pavan  (wk)	34	33	1	0	103.03	LHB	not out	460319	1594831	Amiirtham - GTCC Fall league 2025	15	TENNIS
B	19007702	1	Invincible Trailblazers	Abhishek Chennamaneni	19	18	1	1	105.56	RHB	c&b Mir Mujahed Ali	2982610	1594831	Amiirtham - GTCC Fall league 2025	15	TENNIS
B	19007702	1	Invincible Trailblazers	Viraj	0	1	0	0	0.00	RHB	c MOHAMMED MANNAN ALI b Mir Mujahed Ali	4143349	1594831	Amiirtham - GTCC Fall league 2025	15	TENNIS
B	19007702	1	Invincible Trailblazers	Abhi  (wk)	4	5	0	0	80.00	RHB	c Hassan khulaidi b Faisal Khan	21500152	1594831	Amiirtham - GTCC Fall league 2025	15	TENNIS
B	19007702	1	Invincible Trailblazers	Ginil Joseph	1	3	0	0	33.33	RHB	c Mohammed Emad b Sam	27672341	1594831	Amiirtham - GTCC Fall league 2025	15	TENNIS
B	19007702	1	Invincible Trailblazers	Barani S	4	8	0	0	50.00	RHB	not out	21595698	1594831	Amiirtham - GTCC Fall league 2025	15	TENNIS
B	19007702	2	Downtown Hunterz	Sam	7	12	0	0	58.33	RHB	c Viraj b YOGEESHA NAIK	42529904	1594831	Amiirtham - GTCC Fall league 2025	15	TENNIS
B	19007702	2	Downtown Hunterz	Mohammed kaif	0	1	0	0	0.00	RHB	c Aftab b Ginil Joseph	39542771	1594831	Amiirtham - GTCC Fall league 2025	15	TENNIS
B	19007702	2	Downtown Hunterz	Hassan khulaidi	12	8	2	0	150.00	RHB	c Abhishek Chennamaneni b Ginil Joseph	31856676	1594831	Amiirtham - GTCC Fall league 2025	15	TENNIS
B	19007702	2	Downtown Hunterz	Mohammed munawar ali	9	6	0	1	150.00	RHB	c Abhishek Chennamaneni b YOGEESHA NAIK	31861656	1594831	Amiirtham - GTCC Fall league 2025	15	TENNIS
B	19007702	2	Downtown Hunterz	Irfan Mohammed	12	18	1	0	66.67	RHB	c †Seethamraju Pavan b Abhishek Chennamaneni	15608701	1594831	Amiirtham - GTCC Fall league 2025	15	TENNIS
B	19007702	2	Downtown Hunterz	MOHAMMED MANNAN ALI	18	12	0	2	150.00	RHB	not out	41759501	1594831	Amiirtham - GTCC Fall league 2025	15	TENNIS
B	19007702	2	Downtown Hunterz	Faisal Yafai  (c & wk)	19	9	2	1	211.11	RHB	c †Abhi b Seethamraju Pavan	10200084	1594831	Amiirtham - GTCC Fall league 2025	15	TENNIS
B	19007702	2	Downtown Hunterz	Akram khan	1	3	0	0	33.33	LHB	c †Abhi b Seethamraju Pavan	31095416	1594831	Amiirtham - GTCC Fall league 2025	15	TENNIS
B	19007702	2	Downtown Hunterz	Mir Mujahed Ali	4	6	0	0	66.67	RHB	not out	16147525	1594831	Amiirtham - GTCC Fall league 2025	15	TENNIS
B	19007701	1	Trailblazers	Bharath Reddy	12	14	1	0	85.71	RHB	c Montu Yadav b Mohit	5949924	1594831	Amiirtham - GTCC Fall league 2025	15	TENNIS
B	19007701	1	Trailblazers	Uthej Kumar Pappu	22	21	1	0	104.76	RHB	c †saad masood fakhar b AsRar RaHman	5733409	1594831	Amiirtham - GTCC Fall league 2025	15	TENNIS
B	19007701	1	Trailblazers	Phani	13	17	0	0	76.47	RHB	c †saad masood fakhar b AsRar RaHman	132317	1594831	Amiirtham - GTCC Fall league 2025	15	TENNIS
B	19007701	1	Trailblazers	Anil Sunkara	12	14	0	0	85.71	RHB	c Mohammed Salman b AsRar RaHman	3913067	1594831	Amiirtham - GTCC Fall league 2025	15	TENNIS
B	19007701	1	Trailblazers	Anudeep Kona	28	13	0	3	215.38	RHB	c Mohit b Mohammed Salman	39057187	1594831	Amiirtham - GTCC Fall league 2025	15	TENNIS
B	19007701	1	Trailblazers	Harish Pannala(TPG)  (c)	19	11	1	1	172.73	RHB	not out	3052877	1594831	Amiirtham - GTCC Fall league 2025	15	TENNIS
B	19007701	1	Trailblazers	Arun Tattekere	0	1	0	0	0.00	RHB	c AsRar RaHman b Mohammed Salman	41695803	1594831	Amiirtham - GTCC Fall league 2025	15	TENNIS
B	19007701	1	Trailblazers	Kareem	2	1	0	0	200.00	RHB	not out	15699053	1594831	Amiirtham - GTCC Fall league 2025	15	TENNIS
B	19007701	2	Toronto Nawabs	Montu Yadav	15	21	1	0	71.43	RHB	run out Anudeep Kona / † Prudhvi	42407000	1594831	Amiirtham - GTCC Fall league 2025	15	TENNIS
B	19007701	2	Toronto Nawabs	Rajat Sharma	4	4	1	0	100.00	RHB	c Arun Tattekere b Anil Sunkara	32069714	1594831	Amiirtham - GTCC Fall league 2025	15	TENNIS
B	19007701	2	Toronto Nawabs	Kamran Ali	38	23	1	3	165.22	RHB	run out Bharath Reddy / † Prudhvi	42511818	1594831	Amiirtham - GTCC Fall league 2025	15	TENNIS
B	19007701	2	Toronto Nawabs	AsRar RaHman	10	9	0	1	111.11	RHB	b Pardhu Madarapu	42406798	1594831	Amiirtham - GTCC Fall league 2025	15	TENNIS
B	19007701	2	Toronto Nawabs	Ali	10	9	1	0	111.11	RHB	c Bharath Reddy b Pardhu Madarapu	41766159	1594831	Amiirtham - GTCC Fall league 2025	15	TENNIS
B	19007701	2	Toronto Nawabs	Mohammed Shareef  (c)	0	2	0	0	0.00	RHB	c Arun Tattekere b Pardhu Madarapu	16147541	1594831	Amiirtham - GTCC Fall league 2025	15	TENNIS
B	19007701	2	Toronto Nawabs	Mohit	17	9	0	2	188.89	RHB	c †Prudhvi b Mahesh Pillai	9302498	1594831	Amiirtham - GTCC Fall league 2025	15	TENNIS
B	19007701	2	Toronto Nawabs	Mohammed Salman	1	2	0	0	50.00	RHB	run out Anudeep Kona / Harish Pannala(TPG)	41768685	1594831	Amiirtham - GTCC Fall league 2025	15	TENNIS
B	19007701	2	Toronto Nawabs	Maaz Syed	2	2	0	0	100.00	RHB	c †Prudhvi b Harish Pannala(TPG)	42414193	1594831	Amiirtham - GTCC Fall league 2025	15	TENNIS
B	19007701	2	Toronto Nawabs	saad masood fakhar  (wk)	0	3	0	0	0.00	RHB	c Harish Pannala(TPG) b Mahesh Pillai	32067806	1594831	Amiirtham - GTCC Fall league 2025	15	TENNIS
B	19007701	2	Toronto Nawabs	Zeeshan Ahmed Khan	1	1	0	0	100.00	RHB	not out	32069784	1594831	Amiirtham - GTCC Fall league 2025	15	TENNIS
B	19007706	1	Friends United - Fall T15	Saurav	23	17	3	0	135.29	RHB	c Irfan Shaik b Eshwar R Sabbella	38188893	1594831	Amiirtham - GTCC Fall league 2025	15	TENNIS
B	19007706	1	Friends United - Fall T15	Amandeep Singh	3	7	0	0	42.86	RHB	b Md Shah Alam	39148817	1594831	Amiirtham - GTCC Fall league 2025	15	TENNIS
B	19007706	1	Friends United - Fall T15	Ravi	14	15	1	0	93.33	RHB	c Santhosh Reddy Karra b Sumit Mittal	1153446	1594831	Amiirtham - GTCC Fall league 2025	15	TENNIS
B	19007706	1	Friends United - Fall T15	Ashu Sharma	1	2	0	0	50.00	RHB	b Ritesh Vats	6562419	1594831	Amiirtham - GTCC Fall league 2025	15	TENNIS
B	19007706	1	Friends United - Fall T15	Navdeep Singh  (c)	30	30	2	0	100.00	RHB	retired out	39095211	1594831	Amiirtham - GTCC Fall league 2025	15	TENNIS
B	19007706	1	Friends United - Fall T15	Prince	8	9	1	0	88.89	RHB	c Irfan Shaik b Sumit Mittal	23202334	1594831	Amiirtham - GTCC Fall league 2025	15	TENNIS
B	19007706	1	Friends United - Fall T15	Karan Bajwa	25	11	1	3	227.27	RHB	not out	6249085	1594831	Amiirtham - GTCC Fall league 2025	15	TENNIS
B	19007706	1	Friends United - Fall T15	Vishal DR	6	3	1	0	200.00	LHB	not out	9964315	1594831	Amiirtham - GTCC Fall league 2025	15	TENNIS
B	19007706	2	Bowmanville Cricket Club	Eshwar R Sabbella	18	14	2	0	128.57	RHB	c Saurav b Ashu Sharma	31848857	1594831	Amiirtham - GTCC Fall league 2025	15	TENNIS
B	19007706	2	Bowmanville Cricket Club	Ritesh Vats	13	11	0	1	118.18	LHB	c Saurav b Navdeep Singh	30873931	1594831	Amiirtham - GTCC Fall league 2025	15	TENNIS
B	19007706	2	Bowmanville Cricket Club	Kiran G  (c)	6	11	0	0	54.55	RHB	run out Ashu Sharma / Ravi	30049430	1594831	Amiirtham - GTCC Fall league 2025	15	TENNIS
B	19007706	2	Bowmanville Cricket Club	Md Shah Alam	5	13	0	0	38.46	RHB	b Ashu Sharma	30090432	1594831	Amiirtham - GTCC Fall league 2025	15	TENNIS
B	19007706	2	Bowmanville Cricket Club	Dalbir	9	15	0	0	60.00	RHB	retired out	23178622	1594831	Amiirtham - GTCC Fall league 2025	15	TENNIS
B	19007706	2	Bowmanville Cricket Club	Ashok Karpurapu	4	7	0	0	57.14	RHB	c Vishal DR b Karan Bajwa	31217903	1594831	Amiirtham - GTCC Fall league 2025	15	TENNIS
B	19007706	2	Bowmanville Cricket Club	Irfan Shaik	2	7	0	0	28.57	RHB	retired out	628804	1594831	Amiirtham - GTCC Fall league 2025	15	TENNIS
B	19007706	2	Bowmanville Cricket Club	Santhosh Reddy Karra	0	1	0	0	0.00	RHB	c Prince b Karan Bajwa	42511164	1594831	Amiirtham - GTCC Fall league 2025	15	TENNIS
B	19007706	2	Bowmanville Cricket Club	Raj M	1	4	0	0	25.00	RHB	not out	29716903	1594831	Amiirtham - GTCC Fall league 2025	15	TENNIS
B	19007706	2	Bowmanville Cricket Club	Saikiran Patllola	2	5	0	0	40.00	RHB	c Vishal DR b Navdeep Singh	31235773	1594831	Amiirtham - GTCC Fall league 2025	15	TENNIS
B	19007706	2	Bowmanville Cricket Club	Sumit Mittal	0	2	0	0	0.00	RHB	run out Prince / Ravi	30104034	1594831	Amiirtham - GTCC Fall league 2025	15	TENNIS
B	19007704	1	Maratha Warriors - GTCC	Vineesh  M	43	18	0	6	238.89	RHB	c Nisarggggggg b Abhishek Erande	27672383	1594831	Amiirtham - GTCC Fall league 2025	15	TENNIS
B	19007704	1	Maratha Warriors - GTCC	Jinto Eliyas	26	27	1	2	96.30	LHB	c Ravin Pandya b Nisarg cricket oshawa	21834838	1594831	Amiirtham - GTCC Fall league 2025	15	TENNIS
B	19007704	1	Maratha Warriors - GTCC	Josmy Manuel	19	12	0	2	158.33	RHB	c Nisarg cricket oshawa b Deep Patel	20873909	1594831	Amiirtham - GTCC Fall league 2025	15	TENNIS
B	19007704	1	Maratha Warriors - GTCC	Vivin Thomas	4	3	1	0	133.33	RHB	c Bishal Chakraborty b Deep Patel	21919124	1594831	Amiirtham - GTCC Fall league 2025	15	TENNIS
B	19007704	1	Maratha Warriors - GTCC	Pratik Udawant	20	12	1	1	166.67	RHB	run out Nisarggggggg / Dirgh Raval	31286233	1594831	Amiirtham - GTCC Fall league 2025	15	TENNIS
B	19007704	1	Maratha Warriors - GTCC	Santosh Sakpal  (c)	2	6	0	0	33.33	RHB	c Nisarg cricket oshawa b Deep Patel	22961706	1594831	Amiirtham - GTCC Fall league 2025	15	TENNIS
B	19007704	1	Maratha Warriors - GTCC	Vinay Ogirala	4	7	0	0	57.14	RHB	not out	27673726	1594831	Amiirtham - GTCC Fall league 2025	15	TENNIS
B	19007704	1	Maratha Warriors - GTCC	Sai Prakash Balamandakottam	0	1	0	0	0.00	RHB	c †Dirgh Raval b Ravin Pandya	9729000	1594831	Amiirtham - GTCC Fall league 2025	15	TENNIS
B	19007704	1	Maratha Warriors - GTCC	Tanishq B	0	2	0	0	0.00	RHB	c&b Ravin Pandya	23168646	1594831	Amiirtham - GTCC Fall league 2025	15	TENNIS
B	19007704	1	Maratha Warriors - GTCC	Arun Baby	0	2	0	0	0.00	RHB	run out Bishal Chakraborty / Bishal Chakraborty	27672366	1594831	Amiirtham - GTCC Fall league 2025	15	TENNIS
B	19007704	1	Maratha Warriors - GTCC	Jishnu Ravi	1	1	0	0	100.00	RHB	not out	18891880	1594831	Amiirtham - GTCC Fall league 2025	15	TENNIS
B	19007704	2	Harmony Strikers	Deep Patel	20	10	1	2	200.00	RHB	c Vivin Thomas b Tanishq B	29734345	1594831	Amiirtham - GTCC Fall league 2025	15	TENNIS
B	19007704	2	Harmony Strikers	Vinod Gudupudi	0	2	0	0	0.00	RHB	b Jishnu Ravi	31266314	1594831	Amiirtham - GTCC Fall league 2025	15	TENNIS
B	19007704	2	Harmony Strikers	Nisarggggggg	15	16	1	0	93.75	RHB	c †Jinto Eliyas b Arun Baby	6910094	1594831	Amiirtham - GTCC Fall league 2025	15	TENNIS
B	19007704	2	Harmony Strikers	Harman Brar	8	11	1	0	72.73	RHB	c Vinay Ogirala b Rajeev Swaminathan	31266366	1594831	Amiirtham - GTCC Fall league 2025	15	TENNIS
B	19007704	2	Harmony Strikers	Dhruvin Patel	5	4	1	0	125.00	RHB	c †Jinto Eliyas b Rajeev Swaminathan	15140688	1594831	Amiirtham - GTCC Fall league 2025	15	TENNIS
B	19007704	2	Harmony Strikers	Abhishek Erande  (c)	7	3	0	1	233.33	LHB	c Vivin Thomas b Rajeev Swaminathan	23696671	1594831	Amiirtham - GTCC Fall league 2025	15	TENNIS
B	19007704	2	Harmony Strikers	Anay Patel	8	14	0	0	57.14	LHB	c Arun Baby b Tanishq B	41127512	1594831	Amiirtham - GTCC Fall league 2025	15	TENNIS
B	19007704	2	Harmony Strikers	Dirgh Raval	18	9	1	2	200.00	RHB	c Vinay Ogirala b Rajeev Swaminathan	31266663	1594831	Amiirtham - GTCC Fall league 2025	15	TENNIS
B	19007704	2	Harmony Strikers	Harsh Patel	14	8	1	1	175.00	RHB	c Vivin Thomas b Arun Baby	29748236	1594831	Amiirtham - GTCC Fall league 2025	15	TENNIS
B	19007704	2	Harmony Strikers	Bishal Chakraborty	11	10	1	0	110.00	LHB	not out	31271439	1594831	Amiirtham - GTCC Fall league 2025	15	TENNIS
B	19007704	2	Harmony Strikers	Nisarg cricket oshawa	2	3	0	0	66.67	RHB	not out	32800410	1594831	Amiirtham - GTCC Fall league 2025	15	TENNIS
B	19007705	1	Thunder Strikers	Ronak Patel	10	10	2	0	100.00	RHB	c&b Harsh Patel	40650973	1594831	Amiirtham - GTCC Fall league 2025	15	TENNIS
B	19007705	1	Thunder Strikers	Jainam  (wk)	1	3	0	0	33.33	RHB	c Anay Patel b Bishal Chakraborty	15997981	1594831	Amiirtham - GTCC Fall league 2025	15	TENNIS
B	19007705	1	Thunder Strikers	Ravikumar Kantaria	24	23	2	1	104.35	LHB	c †Dirgh Raval b Deep Patel	27672729	1594831	Amiirtham - GTCC Fall league 2025	15	TENNIS
B	19007705	1	Thunder Strikers	Pavan Kumar	19	12	2	1	158.33	RHB	c Abhishek Erande b Nisarg cricket oshawa	9136391	1594831	Amiirtham - GTCC Fall league 2025	15	TENNIS
B	19007705	1	Thunder Strikers	Darshit Patel	2	2	0	0	100.00	LHB	c †Dirgh Raval b Nisarg cricket oshawa	27673702	1594831	Amiirtham - GTCC Fall league 2025	15	TENNIS
B	19007705	1	Thunder Strikers	Rahul Kalra	10	18	0	0	55.56	RHB	c †Dirgh Raval b Bishal Chakraborty	10138742	1594831	Amiirtham - GTCC Fall league 2025	15	TENNIS
B	19007705	1	Thunder Strikers	Jigneshkumar Patel	2	5	0	0	40.00	RHB	c Deep Patel b Abhishek Erande	30176575	1594831	Amiirtham - GTCC Fall league 2025	15	TENNIS
B	19007705	1	Thunder Strikers	Yusuf Ismail Baporia	18	12	0	1	150.00	RHB	c Deep Patel b Abhishek Erande	151310	1594831	Amiirtham - GTCC Fall league 2025	15	TENNIS
B	19007705	1	Thunder Strikers	Mitalkumar Patel  (c)	0	2	0	0	0.00	RHB	c Abhishek Erande b Bishal Chakraborty	30057585	1594831	Amiirtham - GTCC Fall league 2025	15	TENNIS
B	19007705	1	Thunder Strikers	Sunny Patel	8	3	0	1	266.67	RHB	not out	39147625	1594831	Amiirtham - GTCC Fall league 2025	15	TENNIS
B	19007705	1	Thunder Strikers	Fareed Javid	1	1	0	0	100.00	RHB	not out	41688640	1594831	Amiirtham - GTCC Fall league 2025	15	TENNIS
B	19007705	2	Harmony Strikers	Harsh Patel	1	4	0	0	25.00	RHB	c Yusuf Ismail Baporia b Darshit Patel	29748236	1594831	Amiirtham - GTCC Fall league 2025	15	TENNIS
B	19007705	2	Harmony Strikers	Anay Patel	5	8	0	0	62.50	LHB	c †Jainam b Jigneshkumar Patel	41127512	1594831	Amiirtham - GTCC Fall league 2025	15	TENNIS
B	19007705	2	Harmony Strikers	Rohan Patel	1	6	0	0	16.67	RHB	c Yusuf Ismail Baporia b Jigneshkumar Patel	31267764	1594831	Amiirtham - GTCC Fall league 2025	15	TENNIS
B	19007705	2	Harmony Strikers	Rajeshwar Bose  (c)	38	30	3	1	126.67	RHB	c Ronak Patel b Rahul Kalra	9928620	1594831	Amiirtham - GTCC Fall league 2025	15	TENNIS
B	19007705	2	Harmony Strikers	Bishal Chakraborty	18	14	1	1	128.57	LHB	c Pavan Kumar b Jigneshkumar Patel	31271439	1594831	Amiirtham - GTCC Fall league 2025	15	TENNIS
B	19007705	2	Harmony Strikers	Dhruvin Patel	1	3	0	0	33.33	RHB	run out Pavan Kumar / Rahul Kalra	15140688	1594831	Amiirtham - GTCC Fall league 2025	15	TENNIS
B	19007705	2	Harmony Strikers	Deep Patel	3	6	0	0	50.00	RHB	c Rahul Kalra b Kevin Shah	29734345	1594831	Amiirtham - GTCC Fall league 2025	15	TENNIS
B	19007705	2	Harmony Strikers	Dirgh Raval  (wk)	23	13	2	2	176.92	RHB	not out	31266663	1594831	Amiirtham - GTCC Fall league 2025	15	TENNIS
B	19007705	2	Harmony Strikers	Harman Brar	5	8	0	0	62.50	RHB	not out	31266366	1594831	Amiirtham - GTCC Fall league 2025	15	TENNIS
B	19007708	1	Avengers	Mufiz Munshi	4	9	0	0	44.44	RHB	c Aashish Cricket b Adnan khan 	32430389	1594831	Amiirtham - GTCC Fall league 2025	15	TENNIS
B	19007708	1	Avengers	Ankur Agarwal  (c)	3	11	0	0	27.27	LHB	c †Raja Sekhar Reddy Gantla b Adnan khan 	42350503	1594831	Amiirtham - GTCC Fall league 2025	15	TENNIS
B	19007708	1	Avengers	Ravish Sharma	13	11	1	0	118.18	RHB	c Adnan khan  b Ayaan Shaikh	42374685	1594831	Amiirtham - GTCC Fall league 2025	15	TENNIS
B	19007708	1	Avengers	Aiyush Bansal	6	9	1	0	66.67	LHB	c Praveen Pesala b Ayaan Shaikh	14867872	1594831	Amiirtham - GTCC Fall league 2025	15	TENNIS
B	19007708	1	Avengers	Shyam Maheshwari	1	2	0	0	50.00	RHB	c Kushal Reddy b Praveen Pesala	16694652	1594831	Amiirtham - GTCC Fall league 2025	15	TENNIS
B	19007708	1	Avengers	Ankit Rajpal	2	4	0	0	50.00	RHB	run out Varun Jampani / Balkar singh	42403011	1594831	Amiirtham - GTCC Fall league 2025	15	TENNIS
B	19007708	1	Avengers	Karan Darji	28	21	4	0	133.33	RHB	c Praveen Pesala b Balkar singh	42405047	1594831	Amiirtham - GTCC Fall league 2025	15	TENNIS
B	19007708	1	Avengers	Zul Qazi	5	5	1	0	100.00	RHB	c Aashish Cricket b Adnan khan 	23053658	1594831	Amiirtham - GTCC Fall league 2025	15	TENNIS
B	19007708	1	Avengers	CHINTAN PATEL	8	10	1	0	80.00	RHB	not out	42396014	1594831	Amiirtham - GTCC Fall league 2025	15	TENNIS
B	19007708	2	FERAL XI	Santhosh M	4	4	0	0	100.00	RHB	c Ankit Rajpal b Mufiz Munshi	15283061	1594831	Amiirtham - GTCC Fall league 2025	15	TENNIS
B	19007708	2	FERAL XI	Praveen Pesala	4	6	0	0	66.67	RHB	c Aiyush Bansal b Ankit Rajpal	39707329	1594831	Amiirtham - GTCC Fall league 2025	15	TENNIS
B	19007708	2	FERAL XI	Aashish Cricket	8	5	2	0	160.00	LHB	c Mufiz Munshi b Ravish Sharma	42394870	1594831	Amiirtham - GTCC Fall league 2025	15	TENNIS
B	19007708	2	FERAL XI	Varun Jampani	25	21	3	0	119.05	RHB	b CHINTAN PATEL	15282785	1594831	Amiirtham - GTCC Fall league 2025	15	TENNIS
B	19007708	2	FERAL XI	Kushal Reddy  (c)	20	14	2	0	142.86	RHB	c Mufiz Munshi b Ravish Sharma	15283637	1594831	Amiirtham - GTCC Fall league 2025	15	TENNIS
B	19007708	2	FERAL XI	Mani Asron	14	5	3	0	280.00	RHB	not out	7371163	1594831	Amiirtham - GTCC Fall league 2025	15	TENNIS
B	19007708	2	FERAL XI	Balkar singh	0	1	0	0	0.00	RHB	b Ravish Sharma	41693676	1594831	Amiirtham - GTCC Fall league 2025	15	TENNIS
B	19007708	2	FERAL XI	Raja Sekhar Reddy Gantla  (wk)	0	1	0	0	0.00	RHB	not out	15282981	1594831	Amiirtham - GTCC Fall league 2025	15	TENNIS
B	19007707	1	Downtown Hunterz	Sam	18	18	0	1	100.00	RHB	c †Jaideep (JD) b Sanjit Raut	42529904	1594831	Amiirtham - GTCC Fall league 2025	15	TENNIS
B	19007707	1	Downtown Hunterz	Mir Mujahed Ali	4	14	0	0	28.57	RHB	c †Jaideep (JD) b Akshay H S	16147525	1594831	Amiirtham - GTCC Fall league 2025	15	TENNIS
B	19007707	1	Downtown Hunterz	Hassan khulaidi  (wk)	1	3	0	0	33.33	RHB	c †Jaideep (JD) b Nilay Shah	31856676	1594831	Amiirtham - GTCC Fall league 2025	15	TENNIS
B	19007707	1	Downtown Hunterz	Akram khan	0	2	0	0	0.00	LHB	c †Jaideep (JD) b Akshay H S	31095416	1594831	Amiirtham - GTCC Fall league 2025	15	TENNIS
B	19007707	1	Downtown Hunterz	Irfan Mohammed  (wk)	19	17	1	1	111.76	RHB	c †Jaideep (JD) b Srikanth Lahoti	15608701	1594831	Amiirtham - GTCC Fall league 2025	15	TENNIS
B	19007707	1	Downtown Hunterz	MOHAMMED MANNAN ALI	10	6	1	1	166.67	RHB	c Sahil b Akshay H S	41759501	1594831	Amiirtham - GTCC Fall league 2025	15	TENNIS
B	19007707	1	Downtown Hunterz	Mohammed munawar ali	0	2	0	0	0.00	RHB	st †Jaideep (JD) b Srikanth Lahoti	31861656	1594831	Amiirtham - GTCC Fall league 2025	15	TENNIS
B	19007707	1	Downtown Hunterz	Mohammed kaif	0	2	0	0	0.00	RHB	c †Jaideep (JD) b Srikanth Lahoti	39542771	1594831	Amiirtham - GTCC Fall league 2025	15	TENNIS
B	19007707	1	Downtown Hunterz	Faisal Khan	2	6	0	0	33.33	RHB	c Ashish Khattar b Bhuvan Anand	31875312	1594831	Amiirtham - GTCC Fall league 2025	15	TENNIS
B	19007707	1	Downtown Hunterz	Faisal Yafai  (c)	29	15	1	3	193.33	RHB	not out	10200084	1594831	Amiirtham - GTCC Fall league 2025	15	TENNIS
B	19007707	1	Downtown Hunterz	Ahmed Khulaidi	4	5	0	0	80.00	RHB	not out	42530973	1594831	Amiirtham - GTCC Fall league 2025	15	TENNIS
B	19007707	2	North Stars T15 Fall League 2025	Gautham Krishnaprasad	6	10	0	0	60.00	RHB	run out Mir Mujahed Ali / Faisal Khan	41973015	1594831	Amiirtham - GTCC Fall league 2025	15	TENNIS
B	19007707	2	North Stars T15 Fall League 2025	CricHeroes deleted user	6	6	1	0	100.00		c †Irfan Mohammed b Hassan khulaidi	33410222	1594831	Amiirtham - GTCC Fall league 2025	15	TENNIS
B	19007707	2	North Stars T15 Fall League 2025	Nilay Shah	2	5	0	0	40.00	RHB	c Hassan khulaidi b Faisal Khan	31954578	1594831	Amiirtham - GTCC Fall league 2025	15	TENNIS
B	19007707	2	North Stars T15 Fall League 2025	Raghavendra Naik	25	15	1	2	166.67	RHB	c Hassan khulaidi b Sam	15832543	1594831	Amiirtham - GTCC Fall league 2025	15	TENNIS
B	19007707	2	North Stars T15 Fall League 2025	Jaideep (JD)  (c & wk)	4	5	0	0	80.00	RHB	c †Irfan Mohammed b Mir Mujahed Ali	9081230	1594831	Amiirtham - GTCC Fall league 2025	15	TENNIS
B	19007707	2	North Stars T15 Fall League 2025	Bhuvan Anand	19	20	1	1	95.00	RHB	c Faisal Yafai b Mir Mujahed Ali	16145433	1594831	Amiirtham - GTCC Fall league 2025	15	TENNIS
B	19007707	2	North Stars T15 Fall League 2025	Ashish Khattar	4	7	0	0	57.14	RHB	c Mohammed kaif b Hassan khulaidi	16183456	1594831	Amiirtham - GTCC Fall league 2025	15	TENNIS
B	19007707	2	North Stars T15 Fall League 2025	Sahil	11	10	0	0	110.00	LHB	not out	1595797	1594831	Amiirtham - GTCC Fall league 2025	15	TENNIS
B	19007707	2	North Stars T15 Fall League 2025	Akshay H S	3	6	0	0	50.00	RHB	c †Hassan khulaidi b Sam	31955580	1594831	Amiirtham - GTCC Fall league 2025	15	TENNIS
B	19007707	2	North Stars T15 Fall League 2025	Praveen	0	2	0	0	0.00	RHB	c †Hassan khulaidi b Sam	21660645	1594831	Amiirtham - GTCC Fall league 2025	15	TENNIS
B	19007707	2	North Stars T15 Fall League 2025	Srikanth Lahoti	0	1	0	0	0.00	RHB	run out Faisal Khan / Irfan Mohammed	4155955	1594831	Amiirtham - GTCC Fall league 2025	15	TENNIS
B	19007710	1	Trailblazers	Kareem	5	11	0	0	45.45	RHB	c Harmeet Singh b Bilal Munir	15699053	1594831	Amiirtham - GTCC Fall league 2025	15	TENNIS
B	19007710	1	Trailblazers	Uthej Kumar Pappu	4	6	0	0	66.67	RHB	b Ragu Sharma	5733409	1594831	Amiirtham - GTCC Fall league 2025	15	TENNIS
B	19007710	1	Trailblazers	Bharath Reddy	8	8	1	0	100.00	RHB	c Parry b Ragu Sharma	5949924	1594831	Amiirtham - GTCC Fall league 2025	15	TENNIS
B	19007710	1	Trailblazers	Phani	0	4	0	0	0.00	RHB	c Parry b Harmeet Singh	132317	1594831	Amiirtham - GTCC Fall league 2025	15	TENNIS
B	19007710	1	Trailblazers	Arun Tattekere	0	2	0	0	0.00	RHB	c Jasraj Singh b Ragu Sharma	41695803	1594831	Amiirtham - GTCC Fall league 2025	15	TENNIS
B	19007710	1	Trailblazers	Prudhvi  (wk)	2	4	0	0	50.00	RHB	b Jasraj Singh	31235771	1594831	Amiirtham - GTCC Fall league 2025	15	TENNIS
B	19007710	1	Trailblazers	Santosh Keswani	7	10	0	0	70.00	RHB	c Parry b Jasraj Singh	15406341	1594831	Amiirtham - GTCC Fall league 2025	15	TENNIS
B	19007710	1	Trailblazers	Nishithgoud Sagadi	3	6	0	0	50.00	RHB	c †Abhy b Shaibaz Khan	3157764	1594831	Amiirtham - GTCC Fall league 2025	15	TENNIS
B	19007710	1	Trailblazers	Harish Pannala(TPG)  (c)	16	16	2	0	100.00	RHB	run out Harmeet Singh	3052877	1594831	Amiirtham - GTCC Fall league 2025	15	TENNIS
B	19007710	1	Trailblazers	Anudeep Kona	11	9	1	0	122.22	RHB	c Parry b Harmeet Singh	41692406	1594831	Amiirtham - GTCC Fall league 2025	15	TENNIS
B	19007710	1	Trailblazers	Santosh Cheruku	0	3	0	0	0.00	RHB	not out	15282824	1594831	Amiirtham - GTCC Fall league 2025	15	TENNIS
B	19007710	2	Golden City	Parry  (c)	0	3	0	0	0.00	RHB	c †Prudhvi b Anudeep Kona	38211758	1594831	Amiirtham - GTCC Fall league 2025	15	TENNIS
B	19007710	2	Golden City	Abhy  (wk)	0	3	0	0	0.00	RHB	c Uthej Kumar Pappu b Harish Pannala(TPG)	39113369	1594831	Amiirtham - GTCC Fall league 2025	15	TENNIS
B	19007710	2	Golden City	Abhishek Thakur	27	26	0	3	103.85	LHB	not out	39122063	1594831	Amiirtham - GTCC Fall league 2025	15	TENNIS
B	19007710	2	Golden City	Shaibaz Khan	12	8	1	1	150.00	RHB	c Harish Pannala(TPG) b Pardhu Madarapu	41537512	1594831	Amiirtham - GTCC Fall league 2025	15	TENNIS
B	19007710	2	Golden City	Bilal Munir	0	1	0	0	0.00	RHB	c Prudhvi b Pardhu Madarapu	41846827	1594831	Amiirtham - GTCC Fall league 2025	15	TENNIS
B	19007710	2	Golden City	Sarbjeet Singh	14	15	1	0	93.33	RHB	c Arun Tattekere b Anudeep Kona	39121302	1594831	Amiirtham - GTCC Fall league 2025	15	TENNIS
B	19007710	2	Golden City	Harpreet Parmar	8	10	1	0	80.00	RHB	not out	42046780	1594831	Amiirtham - GTCC Fall league 2025	15	TENNIS
B	19007711	1	Maple Eagles	Kandarp Suthar	0	5	0	0	0.00	RHB	c Japan babu b Sukant Sharma	31328000	1594831	Amiirtham - GTCC Fall league 2025	15	TENNIS
B	19007711	1	Maple Eagles	Manny	7	10	0	0	70.00	RHB	c Shishir Saxena b Samil Vig	15069479	1594831	Amiirtham - GTCC Fall league 2025	15	TENNIS
B	19007711	1	Maple Eagles	Amandeep Singh	6	6	1	0	100.00	RHB	c †Charan Shekar b Sukant Sharma	41624226	1594831	Amiirtham - GTCC Fall league 2025	15	TENNIS
B	19007711	1	Maple Eagles	Madhu Adapa	12	15	1	0	80.00	RHB	c †Charan Shekar b Samil Vig	31266333	1594831	Amiirtham - GTCC Fall league 2025	15	TENNIS
B	19007711	1	Maple Eagles	Pardeep Singh	1	4	0	0	25.00	RHB	c Viral Patel b Dharmendra Singh parihar	42485355	1594831	Amiirtham - GTCC Fall league 2025	15	TENNIS
B	19007711	1	Maple Eagles	Jigar Sheth  (c)	14	9	1	1	155.56	RHB	c †Charan Shekar b Luxminarayanan Venkatapathy	32879769	1594831	Amiirtham - GTCC Fall league 2025	15	TENNIS
B	19007711	1	Maple Eagles	Bharat Vamsi Palem	1	6	0	0	16.67	RHB	b Shishir Saxena	31288989	1594831	Amiirtham - GTCC Fall league 2025	15	TENNIS
B	19007711	1	Maple Eagles	Satwinder Singh	52	25	1	6	208.00	RHB	not out	42515588	1594831	Amiirtham - GTCC Fall league 2025	15	TENNIS
B	19007711	1	Maple Eagles	Samrat Shira	5	10	0	0	50.00	RHB	run out † Charan Shekar	41833631	1594831	Amiirtham - GTCC Fall league 2025	15	TENNIS
B	19007711	1	Maple Eagles	Arshdeep Singh	0	0	0	0	0.00	RHB	not out	39637167	1594831	Amiirtham - GTCC Fall league 2025	15	TENNIS
B	19007711	2	DSK Friends XI	Viral Patel	8	7	1	0	114.29	RHB	run out Shubham Acharya	15815175	1594831	Amiirtham - GTCC Fall league 2025	15	TENNIS
B	19007711	2	DSK Friends XI	Shishir Saxena	3	6	0	0	50.00	RHB	c Arshdeep Singh b Amandeep Singh	16293688	1594831	Amiirtham - GTCC Fall league 2025	15	TENNIS
B	19007711	2	DSK Friends XI	Ronit Patel	6	5	1	0	120.00	LHB	c Kandarp Suthar b Bharat Vamsi Palem	5667774	1594831	Amiirtham - GTCC Fall league 2025	15	TENNIS
B	19007711	2	DSK Friends XI	Japan babu	42	28	2	3	150.00	RHB	not out	39090306	1594831	Amiirtham - GTCC Fall league 2025	15	TENNIS
B	19007711	2	DSK Friends XI	Sukant Sharma	4	9	0	0	44.44	LHB	c Amandeep Singh b Kandarp Suthar	39090207	1594831	Amiirtham - GTCC Fall league 2025	15	TENNIS
B	19007711	2	DSK Friends XI	Justus Charles  (c)	20	16	1	2	125.00	RHB	c Manny b Satwinder Singh	16786226	1594831	Amiirtham - GTCC Fall league 2025	15	TENNIS
B	19007711	2	DSK Friends XI	Charan Shekar  (wk)	10	6	2	0	166.67	RHB	c Satwinder Singh b Madhu Adapa	6268008	1594831	Amiirtham - GTCC Fall league 2025	15	TENNIS
B	19007711	2	DSK Friends XI	Dharmendra Singh parihar	1	2	0	0	50.00	RHB	not out	23337498	1594831	Amiirtham - GTCC Fall league 2025	15	TENNIS
B	19007712	1	Oshawa Fighters	Harsha Settyvari	22	29	0	1	75.86	RHB	not out	9081401	1594831	Amiirtham - GTCC Fall league 2025	15	TENNIS
B	19007712	1	Oshawa Fighters	Madhav	0	4	0	0	0.00	RHB	b Sudheer Aki	14174243	1594831	Amiirtham - GTCC Fall league 2025	15	TENNIS
B	19007712	1	Oshawa Fighters	Rajasekhar Reddy Guntaka	19	19	2	0	100.00	RHB	c †Teja Kokkula b Sharath Reddy Kongari	23028048	1594831	Amiirtham - GTCC Fall league 2025	15	TENNIS
B	19007712	1	Oshawa Fighters	Bhoopal Reddy Singireddy	0	2	0	0	0.00	RHB	c&b JayaKrishna Gujjari	32297448	1594831	Amiirtham - GTCC Fall league 2025	15	TENNIS
B	19007712	1	Oshawa Fighters	Venky N	2	7	0	0	28.57	RHB	c Shivakumar Reddy Vanga b Praveen Reddy	23192278	1594831	Amiirtham - GTCC Fall league 2025	15	TENNIS
B	19007712	1	Oshawa Fighters	Deepak Manukonda	2	6	0	0	33.33	RHB	c Sharath Reddy Kongari b Praveen Reddy	21933613	1594831	Amiirtham - GTCC Fall league 2025	15	TENNIS
B	19007712	1	Oshawa Fighters	Srinivasu.K  (wk)	29	21	2	0	138.10	RHB	retired hurt	2620753	1594831	Amiirtham - GTCC Fall league 2025	15	TENNIS
B	19007712	1	Oshawa Fighters	Vinith reddy Reddy	1	1	0	0	100.00	RHB	run out Praveen Reddy	23028014	1594831	Amiirtham - GTCC Fall league 2025	15	TENNIS
B	19007712	1	Oshawa Fighters	Raj Kiran Anem  	0	1	0	0	0.00	RHB	c †Teja Kokkula b Ananda Reddy Yarradoddi	29656739	1594831	Amiirtham - GTCC Fall league 2025	15	TENNIS
B	19007712	1	Oshawa Fighters	RamaRao Boyapati	2	2	0	0	100.00	RHB	run out Sankethreddy	24281581	1594831	Amiirtham - GTCC Fall league 2025	15	TENNIS
B	19007712	2	TCF	Srinath Asopa	3	3	0	0	100.00	LHB	c Rajasekhar Reddy Guntaka b RamaRao Boyapati	31710694	1594831	Amiirtham - GTCC Fall league 2025	15	TENNIS
B	19007712	2	TCF	Teja Kokkula  (wk)	7	9	1	0	77.78	RHB	c Rajasekhar Reddy Guntaka b Vinith reddy Reddy	14055267	1594831	Amiirtham - GTCC Fall league 2025	15	TENNIS
B	19007712	2	TCF	Abhinay	7	13	1	0	53.85	RHB	st †Srinivasu.K b Dileep Rittapalli	104346	1594831	Amiirtham - GTCC Fall league 2025	15	TENNIS
B	19007712	2	TCF	Srikanth Reddy P	34	24	4	1	141.67	RHB	not out	9118169	1594831	Amiirtham - GTCC Fall league 2025	15	TENNIS
B	19007712	2	TCF	Sharath Reddy Kongari	24	20	2	1	120.00	RHB	retired hurt	23027924	1594831	Amiirtham - GTCC Fall league 2025	15	TENNIS
B	19007712	2	TCF	Ananda Reddy Yarradoddi  (c)	1	1	0	0	100.00	RHB	not out	21776986	1594831	Amiirtham - GTCC Fall league 2025	15	TENNIS
B	19007713	1	Taunton Titans	Ishaan Raghav	0	1	0	0	0.00	RHB	c Surjeet Singh b Sukhpal Singh	32430873	1594831	Amiirtham - GTCC Fall league 2025	15	TENNIS
B	19007713	1	Taunton Titans	Viney Kashyap  (wk)	0	2	0	0	0.00	RHB	b Ramandeep Singh 	32503335	1594831	Amiirtham - GTCC Fall league 2025	15	TENNIS
B	19007713	1	Taunton Titans	Shri Prakash Kunwar	0	6	0	0	0.00	RHB	c Ramanveer Singh b Ramandeep Singh 	32801725	1594831	Amiirtham - GTCC Fall league 2025	15	TENNIS
B	19007713	1	Taunton Titans	Hardik patel	3	5	0	0	60.00	LHB	c Sunny Bains b Sukhpal Singh	41267273	1594831	Amiirtham - GTCC Fall league 2025	15	TENNIS
B	19007713	1	Taunton Titans	Rohit Kumar	28	23	2	2	121.74	RHB	c Surjeet Singh b Ramandeep Singh 	32043677	1594831	Amiirtham - GTCC Fall league 2025	15	TENNIS
B	19007713	1	Taunton Titans	Vishal Dembi	4	13	0	0	30.77	RHB	c Arpan Singh b Surjeet Singh	32519554	1594831	Amiirtham - GTCC Fall league 2025	15	TENNIS
B	19007713	1	Taunton Titans	Shyamrao pawar	13	25	1	0	52.00	RHB	b Surjeet Singh	32817068	1594831	Amiirtham - GTCC Fall league 2025	15	TENNIS
B	19007713	1	Taunton Titans	santhosh Kotte  (c)	1	4	0	0	25.00	RHB	b Sanjiv sharma	23359672	1594831	Amiirtham - GTCC Fall league 2025	15	TENNIS
B	19007713	1	Taunton Titans	Tushar	4	7	1	0	57.14	RHB	c †Pawan Khaira b Sanjiv sharma	42314669	1594831	Amiirtham - GTCC Fall league 2025	15	TENNIS
B	19007713	1	Taunton Titans	Pramod M	2	3	0	0	66.67	RHB	run out † Pawan Khaira	32432533	1594831	Amiirtham - GTCC Fall league 2025	15	TENNIS
B	19007713	1	Taunton Titans	Vineet Bhat	0	1	0	0	0.00	RHB	not out	41266674	1594831	Amiirtham - GTCC Fall league 2025	15	TENNIS
B	19007713	2	Panjab XI	Pawan Khaira  (wk)	1	8	0	0	12.50	RHB	b Ishaan Raghav	32888366	1594831	Amiirtham - GTCC Fall league 2025	15	TENNIS
B	19007713	2	Panjab XI	Sanjiv sharma	20	16	3	0	125.00	RHB	b Ishaan Raghav	39683013	1594831	Amiirtham - GTCC Fall league 2025	15	TENNIS
B	19007713	2	Panjab XI	Sunny Bains	7	6	0	1	116.67	RHB	c †Viney Kashyap b Pramod M	40808518	1594831	Amiirtham - GTCC Fall league 2025	15	TENNIS
B	19007713	2	Panjab XI	Arpan Singh	24	12	1	3	200.00	RHB	c Ishaan Raghav b Shri Prakash Kunwar	31040706	1594831	Amiirtham - GTCC Fall league 2025	15	TENNIS
B	19007713	2	Panjab XI	Ramandeep Singh 	10	8	1	0	125.00	RHB	not out	38771920	1594831	Amiirtham - GTCC Fall league 2025	15	TENNIS
B	19007713	2	Panjab XI	Surjeet Singh	0	1	0	0	0.00	LHB	c †Viney Kashyap b Shri Prakash Kunwar	38766896	1594831	Amiirtham - GTCC Fall league 2025	15	TENNIS
B	19007713	2	Panjab XI	Jakir hussain	1	6	0	0	16.67	RHB	not out	41694871	1594831	Amiirtham - GTCC Fall league 2025	15	TENNIS
B	19007716	1	Friends United - Fall T15	Saurav	12	7	1	1	171.43	RHB	c Sattireddy Nalmala b Ranjeeth Reddy M	38188893	1594831	Amiirtham - GTCC Fall league 2025	15	TENNIS
B	19007716	1	Friends United - Fall T15	Amandeep Singh	16	16	3	0	100.00	RHB	c Maniteja Yerra b Ranjeeth Reddy M	39148817	1594831	Amiirtham - GTCC Fall league 2025	15	TENNIS
B	19007716	1	Friends United - Fall T15	Ravi  (wk)	3	14	0	0	21.43	RHB	c †Sattireddy Nalmala b Sampath Kantimahanthi	1153446	1594831	Amiirtham - GTCC Fall league 2025	15	TENNIS
B	19007716	1	Friends United - Fall T15	Navdeep Singh  (c)	4	5	0	0	80.00	RHB	c Naveen Reddy b Rajpal Reddy	39095211	1594831	Amiirtham - GTCC Fall league 2025	15	TENNIS
B	19007716	1	Friends United - Fall T15	Aashish TIWARI	8	12	1	0	66.67	RHB	c †Sattireddy Nalmala b Kishore DK	822337	1594831	Amiirtham - GTCC Fall league 2025	15	TENNIS
B	19007716	1	Friends United - Fall T15	Ciril John	4	8	0	0	50.00	RHB	c Raghu Reddy b Kishore DK	32838270	1594831	Amiirtham - GTCC Fall league 2025	15	TENNIS
B	19007716	1	Friends United - Fall T15	Prince	7	6	0	1	116.67	RHB	c Maniteja Yerra b Sampath Kantimahanthi	23202334	1594831	Amiirtham - GTCC Fall league 2025	15	TENNIS
B	19007716	1	Friends United - Fall T15	Karan Bajwa	7	8	1	0	87.50	RHB	run out Raghu Reddy / † Sattireddy Nalmala	6249085	1594831	Amiirtham - GTCC Fall league 2025	15	TENNIS
B	19007716	1	Friends United - Fall T15	Dev Sardar	3	2	0	0	150.00	RHB	st †Sattireddy Nalmala b Pranay Reddy	11402008	1594831	Amiirtham - GTCC Fall league 2025	15	TENNIS
B	19007716	1	Friends United - Fall T15	Dharmik Patel	6	1	0	1	600.00	RHB	not out	23033837	1594831	Amiirtham - GTCC Fall league 2025	15	TENNIS
B	19007716	1	Friends United - Fall T15	Ankur Sharma	0	3	0	0	0.00	RHB	st †Sattireddy Nalmala b Pranay Reddy	7889875	1594831	Amiirtham - GTCC Fall league 2025	15	TENNIS
B	19007716	2	Nizam Royal Knights	Pranay Reddy	38	26	7	1	146.15	RHB	c Aashish TIWARI b Karan Bajwa	18543580	1594831	Amiirtham - GTCC Fall league 2025	15	TENNIS
B	19007716	2	Nizam Royal Knights	Naveen Reddy	16	7	3	0	228.57	RHB	c Dharmik Patel b Karan Bajwa	15711723	1594831	Amiirtham - GTCC Fall league 2025	15	TENNIS
B	19007716	2	Nizam Royal Knights	Kishore DK	0	1	0	0	0.00	LHB	c Aashish TIWARI b Karan Bajwa	21832964	1594831	Amiirtham - GTCC Fall league 2025	15	TENNIS
B	19007716	2	Nizam Royal Knights	Charith Reddy	9	13	0	0	69.23	RHB	c †Ravi b Saurav	16203159	1594831	Amiirtham - GTCC Fall league 2025	15	TENNIS
B	19007716	2	Nizam Royal Knights	Raghu Reddy	20	12	0	2	166.67	RHB	not out	15998250	1594831	Amiirtham - GTCC Fall league 2025	15	TENNIS
B	19007716	2	Nizam Royal Knights	Anvesh Reddy  (c)	1	2	0	0	50.00	RHB	not out	30346362	1594831	Amiirtham - GTCC Fall league 2025	15	TENNIS
B	19007715	1	Team Manjummel	Sampath kumar madala	72	47	7	4	153.19	RHB	not out	15283339	1594831	Amiirtham - GTCC Fall league 2025	15	TENNIS
B	19007715	1	Team Manjummel	Mahendra Pullaganti	16	16	1	1	100.00	RHB	c Mohit Palkar b Jay Ray	29518729	1594831	Amiirtham - GTCC Fall league 2025	15	TENNIS
B	19007715	1	Team Manjummel	Tharun kumar Jalli	1	3	0	0	33.33	RHB	c Kunal Ghaware b Akash Bhalla	29519121	1594831	Amiirtham - GTCC Fall league 2025	15	TENNIS
B	19007715	1	Team Manjummel	Vinod Inala	8	6	1	0	133.33	RHB	c Mohit Palkar b Akash Bhalla	39414722	1594831	Amiirtham - GTCC Fall league 2025	15	TENNIS
B	19007715	1	Team Manjummel	Murali Raju	4	7	0	0	57.14	RHB	c Akash Bhalla b Tarun jaswal	6986884	1594831	Amiirtham - GTCC Fall league 2025	15	TENNIS
B	19007715	1	Team Manjummel	Srujan Gandla	0	1	0	0	0.00	LHB	b Tarun jaswal	23847345	1594831	Amiirtham - GTCC Fall league 2025	15	TENNIS
B	19007715	1	Team Manjummel	Vinod Goud Boyapalli	0	2	0	0	0.00	RHB	c Ashwin Shankar b Tarun jaswal	32071427	1594831	Amiirtham - GTCC Fall league 2025	15	TENNIS
B	19007715	1	Team Manjummel	Nagarjuna Ambati	5	8	0	0	62.50	RHB	not out	15349761	1594831	Amiirtham - GTCC Fall league 2025	15	TENNIS
B	19007715	2	Durham United	Amitkumar Gupta  (wk)	9	7	2	0	128.57	RHB	c Nikhil battula b Srujan Gandla	40436326	1594831	Amiirtham - GTCC Fall league 2025	15	TENNIS
B	19007715	2	Durham United	Abhishek Koneri	38	28	5	0	135.71	RHB	not out	9779769	1594831	Amiirtham - GTCC Fall league 2025	15	TENNIS
B	19007715	2	Durham United	Pulkit Malhotra	59	35	5	5	168.57	RHB	not out	30168192	1594831	Amiirtham - GTCC Fall league 2025	15	TENNIS
B	19007714	1	Nizam Royal Knights	Naveen Reddy  (wk)	8	8	2	0	100.00	RHB	c Sumit Arya b Eshwar R Sabbella	15711723	1594831	Amiirtham - GTCC Fall league 2025	15	TENNIS
B	19007714	1	Nizam Royal Knights	Anvesh Reddy  (c)	13	13	2	0	100.00	RHB	c Ritesh Vats b Md Shah Alam	30346362	1594831	Amiirtham - GTCC Fall league 2025	15	TENNIS
B	19007714	1	Nizam Royal Knights	Kishore DK	61	30	4	6	203.33	LHB	c †Venkata Kiran. M b Md Shah Alam	21832964	1594831	Amiirtham - GTCC Fall league 2025	15	TENNIS
B	19007714	1	Nizam Royal Knights	Pranay Reddy	0	1	0	0	0.00	RHB	c Sumit Arya b Md Shah Alam	18543580	1594831	Amiirtham - GTCC Fall league 2025	15	TENNIS
B	19007714	1	Nizam Royal Knights	Sattireddy Nalmala	55	30	7	2	183.33	RHB	not out	128334	1594831	Amiirtham - GTCC Fall league 2025	15	TENNIS
B	19007714	1	Nizam Royal Knights	Raghu Reddy	1	2	0	0	50.00	RHB	b Md Shah Alam	15998250	1594831	Amiirtham - GTCC Fall league 2025	15	TENNIS
B	19007714	1	Nizam Royal Knights	Charith Reddy	21	6	5	0	350.00	RHB	run out Ritesh Vats / † Venkata Kiran. M	16203159	1594831	Amiirtham - GTCC Fall league 2025	15	TENNIS
B	19007714	2	Bowmanville Cricket Club	KUNWAR S	9	6	1	0	150.00	RHB	c †Naveen Reddy b Ranjeeth Reddy M	10138673	1594831	Amiirtham - GTCC Fall league 2025	15	TENNIS
B	19007714	2	Bowmanville Cricket Club	Kiran G  (c)	11	14	1	1	78.57	RHB	c †Naveen Reddy b Ranjeeth Reddy M	30049430	1594831	Amiirtham - GTCC Fall league 2025	15	TENNIS
B	19007714	2	Bowmanville Cricket Club	Eshwar R Sabbella	0	2	0	0	0.00	RHB	c †Naveen Reddy b Maniteja Yerra	31848857	1594831	Amiirtham - GTCC Fall league 2025	15	TENNIS
B	19007714	2	Bowmanville Cricket Club	Ritesh Vats	1	3	0	0	33.33	LHB	b Sampath Kantimahanthi	30873931	1594831	Amiirtham - GTCC Fall league 2025	15	TENNIS
B	19007714	2	Bowmanville Cricket Club	Md Shah Alam	18	14	2	1	128.57	RHB	c Ranjeeth Reddy M b Sampath Kantimahanthi	30090432	1594831	Amiirtham - GTCC Fall league 2025	15	TENNIS
B	19007714	2	Bowmanville Cricket Club	Ashok Karpurapu	6	8	1	0	75.00	RHB	run out Rajpal Reddy / † Naveen Reddy	31217903	1594831	Amiirtham - GTCC Fall league 2025	15	TENNIS
B	19007714	2	Bowmanville Cricket Club	Rishabh chauhan	6	8	1	0	75.00	RHB	c †Naveen Reddy b Raghu Reddy	40653724	1594831	Amiirtham - GTCC Fall league 2025	15	TENNIS
B	19007714	2	Bowmanville Cricket Club	Sumit Arya	5	17	0	0	29.41	RHB	b prashanth reddy chapala	31289235	1594831	Amiirtham - GTCC Fall league 2025	15	TENNIS
B	19007714	2	Bowmanville Cricket Club	Saikiran Patllola	0	2	0	0	0.00	RHB	c Sattireddy Nalmala b Raghu Reddy	31235773	1594831	Amiirtham - GTCC Fall league 2025	15	TENNIS
B	19007714	2	Bowmanville Cricket Club	Dalbir	3	9	0	0	33.33	RHB	run out Pranay Reddy / † Naveen Reddy	23178622	1594831	Amiirtham - GTCC Fall league 2025	15	TENNIS
B	19007714	2	Bowmanville Cricket Club	Venkata Kiran. M  (wk)	2	5	0	0	40.00	RHB	not out	23092496	1594831	Amiirtham - GTCC Fall league 2025	15	TENNIS
B	19007718	1	Whitby Thunderbolts Gtcc fall	Jaswanth Reddy	16	15	2	0	106.67	RHB	b Jephin Saji	22732988	1594831	Amiirtham - GTCC Fall league 2025	15	TENNIS
B	19007718	1	Whitby Thunderbolts Gtcc fall	Venkata Balaji Balabha Drapatruni	10	8	1	0	125.00	LHB	c †Abhishek Rathnasingh b Akhil	23656575	1594831	Amiirtham - GTCC Fall league 2025	15	TENNIS
B	19007718	1	Whitby Thunderbolts Gtcc fall	Karan Bhatt	11	9	2	0	122.22	RHB	run out Akhil / Jephin Saji	43639731	1594831	Amiirtham - GTCC Fall league 2025	15	TENNIS
B	19007718	1	Whitby Thunderbolts Gtcc fall	Junaid Usmani  (wk)	7	8	1	0	87.50	RHB	c Akshay Kumar b Emil Pious	15998322	1594831	Amiirtham - GTCC Fall league 2025	15	TENNIS
B	19007718	1	Whitby Thunderbolts Gtcc fall	Dileep Nannore	35	26	5	1	134.62	RHB	run out † Abhishek Rathnasingh	15992998	1594831	Amiirtham - GTCC Fall league 2025	15	TENNIS
B	19007718	1	Whitby Thunderbolts Gtcc fall	Santhosh Gangu	17	16	2	0	106.25	RHB	c Jephin Saji b Akshay Kumar	23656534	1594831	Amiirtham - GTCC Fall league 2025	15	TENNIS
B	19007718	1	Whitby Thunderbolts Gtcc fall	Sheshasai Kankipati	4	3	1	0	133.33	RHB	c †Abhishek Rathnasingh b Vishnu Nair	9202209	1594831	Amiirtham - GTCC Fall league 2025	15	TENNIS
B	19007718	1	Whitby Thunderbolts Gtcc fall	Varun Kumar	2	2	0	0	100.00	RHB	b Vishnu Nair	22794738	1594831	Amiirtham - GTCC Fall league 2025	15	TENNIS
B	19007718	1	Whitby Thunderbolts Gtcc fall	Sai kiran nookala  (c)	0	3	0	0	0.00	RHB	not out	23656456	1594831	Amiirtham - GTCC Fall league 2025	15	TENNIS
B	19007718	1	Whitby Thunderbolts Gtcc fall	Sai Sharan Pandramish	0	2	0	0	0.00	RHB	not out	23646490	1594831	Amiirtham - GTCC Fall league 2025	15	TENNIS
B	19007718	2	Redwings	Gokul Krishna	0	4	0	0	0.00	RHB	c Santhosh Gangu b Kiran Chigiri	31836632	1594831	Amiirtham - GTCC Fall league 2025	15	TENNIS
B	19007718	2	Redwings	Jackson Ouseph	8	9	2	0	88.89	RHB	c †Junaid Usmani b Kiran Chigiri	21818163	1594831	Amiirtham - GTCC Fall league 2025	15	TENNIS
B	19007718	2	Redwings	Abhishek Rathnasingh  (c)	25	20	2	1	125.00	RHB	c †Junaid Usmani b Harish Challa	21828705	1594831	Amiirtham - GTCC Fall league 2025	15	TENNIS
B	19007718	2	Redwings	Vishnu Nair	7	8	1	0	87.50	RHB	c Dileep Nannore b Sheshasai Kankipati	21754141	1594831	Amiirtham - GTCC Fall league 2025	15	TENNIS
B	19007718	2	Redwings	Jephin Saji	46	27	4	2	170.37	RHB	not out	30393564	1594831	Amiirtham - GTCC Fall league 2025	15	TENNIS
B	19007718	2	Redwings	Vaishnav	8	10	1	0	80.00	RHB	c Jaswanth Reddy b Sai Sharan Pandramish	31247987	1594831	Amiirtham - GTCC Fall league 2025	15	TENNIS
B	19007718	2	Redwings	Benson Baby	8	10	0	0	80.00	RHB	c Harish Challa b Varun Kumar	30375428	1594831	Amiirtham - GTCC Fall league 2025	15	TENNIS
B	19007718	2	Redwings	Akshay Kumar	0	1	0	0	0.00	RHB	run out Harish Challa	21962417	1594831	Amiirtham - GTCC Fall league 2025	15	TENNIS
B	19007718	2	Redwings	Emil Pious	0	1	0	0	0.00	RHB	c †Junaid Usmani b Varun Kumar	40407065	1594831	Amiirtham - GTCC Fall league 2025	15	TENNIS
B	19007718	2	Redwings	Akhil	6	4	0	0	150.00	RHB	run out Venkata Balaji Balabha Drapatruni	30322919	1594831	Amiirtham - GTCC Fall league 2025	15	TENNIS
B	19007718	2	Redwings	Manu Thomas	0	0	0	0	0.00	LHB	not out	40879277	1594831	Amiirtham - GTCC Fall league 2025	15	TENNIS
B	19007720	1	Royal Challengers Bowmanville	SYED FASIUDDIN  (wk)	28	13	6	0	215.38	RHB	b Ashish Khattar	23808709	1594831	Amiirtham - GTCC Fall league 2025	15	TENNIS
B	19007720	1	Royal Challengers Bowmanville	Arpit Mecwan	14	11	1	0	127.27	RHB	run out Sanjit Raut / Suhas Acharya	32351586	1594831	Amiirtham - GTCC Fall league 2025	15	TENNIS
B	19007720	1	Royal Challengers Bowmanville	ASH KENNETH	40	20	3	4	200.00	LHB	c Suhas Acharya b Ashish Khattar	31422300	1594831	Amiirtham - GTCC Fall league 2025	15	TENNIS
B	19007720	1	Royal Challengers Bowmanville	Brian Gohil	0	1	0	0	0.00	RHB	c Jaideep (JD) b Bhuvan Anand	32141157	1594831	Amiirtham - GTCC Fall league 2025	15	TENNIS
B	19007720	1	Royal Challengers Bowmanville	Afzal Khan  (c)	1	3	0	0	33.33	RHB	c Jaideep (JD) b Nilay Shah	42313627	1594831	Amiirtham - GTCC Fall league 2025	15	TENNIS
B	19007720	1	Royal Challengers Bowmanville	Daryll Christian	22	18	1	1	122.22	RHB	c Raghavendra Naik b Bhuvan Anand	5206334	1594831	Amiirtham - GTCC Fall league 2025	15	TENNIS
B	19007720	1	Royal Challengers Bowmanville	Parker Ronak	0	2	0	0	0.00	LHB	c †Gautham Krishnaprasad b Bhuvan Anand	31335119	1594831	Amiirtham - GTCC Fall league 2025	15	TENNIS
B	19007720	1	Royal Challengers Bowmanville	Zeeshan Sakander	13	12	2	0	108.33	LHB	c Srikanth Lahoti b Sanjit Raut	31515491	1594831	Amiirtham - GTCC Fall league 2025	15	TENNIS
B	19007720	1	Royal Challengers Bowmanville	Jackson Christian	2	3	0	0	66.67	RHB	c †Gautham Krishnaprasad b Suhas Acharya	19806199	1594831	Amiirtham - GTCC Fall league 2025	15	TENNIS
B	19007720	1	Royal Challengers Bowmanville	Seshil Christian	2	4	0	0	50.00	RHB	not out	40513349	1594831	Amiirtham - GTCC Fall league 2025	15	TENNIS
B	19007720	1	Royal Challengers Bowmanville	Alos Macwan	1	1	0	0	100.00	RHB	run out Ashish Khattar / Suhas Acharya	42476139	1594831	Amiirtham - GTCC Fall league 2025	15	TENNIS
B	19007720	2	North Stars T15 Fall League 2025	Gautham Krishnaprasad  (wk)	14	21	2	0	66.67	RHB	c Afzal Khan b Brian Gohil	41973015	1594831	Amiirtham - GTCC Fall league 2025	15	TENNIS
B	19007720	2	North Stars T15 Fall League 2025	Sahil	9	7	1	0	128.57	LHB	b Parker Ronak	1595797	1594831	Amiirtham - GTCC Fall league 2025	15	TENNIS
B	19007720	2	North Stars T15 Fall League 2025	Hardik Gohil	6	10	0	0	60.00	RHB	c Arpit Mecwan b Brian Gohil	31945568	1594831	Amiirtham - GTCC Fall league 2025	15	TENNIS
B	19007720	2	North Stars T15 Fall League 2025	Jaideep (JD)  (c)	1	5	0	0	20.00	RHB	c †SYED FASIUDDIN b Afzal Khan	9081230	1594831	Amiirtham - GTCC Fall league 2025	15	TENNIS
B	19007720	2	North Stars T15 Fall League 2025	Bhuvan Anand	1	3	0	0	33.33	RHB	c&b Afzal Khan	16145433	1594831	Amiirtham - GTCC Fall league 2025	15	TENNIS
B	19007720	2	North Stars T15 Fall League 2025	Ashish Khattar	31	21	4	0	147.62	RHB	retired hurt	16183456	1594831	Amiirtham - GTCC Fall league 2025	15	TENNIS
B	19007720	2	North Stars T15 Fall League 2025	Nilay Shah	8	11	1	0	72.73	RHB	c Brian Gohil b Jackson Christian	31954578	1594831	Amiirtham - GTCC Fall league 2025	15	TENNIS
B	19007720	2	North Stars T15 Fall League 2025	Raghavendra Naik	8	6	2	0	133.33	RHB	run out † SYED FASIUDDIN / Afzal Khan	15832543	1594831	Amiirtham - GTCC Fall league 2025	15	TENNIS
B	19007720	2	North Stars T15 Fall League 2025	Praveen	1	3	0	0	33.33	RHB	run out † SYED FASIUDDIN / Daryll Christian	21660645	1594831	Amiirtham - GTCC Fall league 2025	15	TENNIS
B	19007720	2	North Stars T15 Fall League 2025	Srikanth Lahoti	0	0	0	0	0.00	RHB	not out	4155955	1594831	Amiirtham - GTCC Fall league 2025	15	TENNIS
B	19007720	2	North Stars T15 Fall League 2025	Suhas Acharya	0	2	0	0	0.00	RHB	c Arpit Mecwan b Seshil Christian	21540128	1594831	Amiirtham - GTCC Fall league 2025	15	TENNIS
B	19007721	1	DSK Friends XI	Ronit Patel	17	9	4	0	188.89	LHB	c †Mohammed Noman Hussain b Abdul Wahaid	5667774	1594831	Amiirtham - GTCC Fall league 2025	15	TENNIS
B	19007721	1	DSK Friends XI	Vyom Sharma	25	23	3	0	108.70	RHB	c Awais Mohammed b Mohammed Noman Hussain	42483036	1594831	Amiirtham - GTCC Fall league 2025	15	TENNIS
B	19007721	1	DSK Friends XI	Sukant Sharma	28	22	2	1	127.27	LHB	c&b Shaikh Yasar Ali	39090207	1594831	Amiirtham - GTCC Fall league 2025	15	TENNIS
B	19007721	1	DSK Friends XI	Viral Patel	22	18	2	1	122.22	RHB	c Mohammed Noman Hussain b Shaikh Yasar Ali	15815175	1594831	Amiirtham - GTCC Fall league 2025	15	TENNIS
B	19007721	1	DSK Friends XI	Neeladri Dey	25	13	4	0	192.31	RHB	c †Shaikh Yasar Ali b Abdul Wahaid	31989572	1594831	Amiirtham - GTCC Fall league 2025	15	TENNIS
B	19007721	1	DSK Friends XI	Justus Charles  (c)	5	5	0	0	100.00	RHB	not out	16786226	1594831	Amiirtham - GTCC Fall league 2025	15	TENNIS
B	19007721	1	DSK Friends XI	Shishir Saxena	3	4	0	0	75.00	RHB	run out Abdul Wahaid / † Shaikh Yasar Ali	16293688	1594831	Amiirtham - GTCC Fall league 2025	15	TENNIS
B	19007721	2	Deccan Warriors	SOHAIL MOHAMMED	5	7	0	0	71.43	RHB	c †Charan Shekar b Sukant Sharma	30347639	1594831	Amiirtham - GTCC Fall league 2025	15	TENNIS
B	19007721	2	Deccan Warriors	Azeemkhan Mohammed	1	3	0	0	33.33	RHB	c&b Sukant Sharma	30348666	1594831	Amiirtham - GTCC Fall league 2025	15	TENNIS
B	19007721	2	Deccan Warriors	Syed Moseen	14	6	2	1	233.33	RHB	c Luxminarayanan Venkatapathy b Uddish Poptani	16147062	1594831	Amiirtham - GTCC Fall league 2025	15	TENNIS
B	19007721	2	Deccan Warriors	Mohammed Noman Hussain  (wk)	1	4	0	0	25.00	RHB	c Vyom Sharma b Luxminarayanan Venkatapathy	30523853	1594831	Amiirtham - GTCC Fall league 2025	15	TENNIS
B	19007721	2	Deccan Warriors	Awais Mohammed	0	3	0	0	0.00	RHB	c Shishir Saxena b Luxminarayanan Venkatapathy	30347820	1594831	Amiirtham - GTCC Fall league 2025	15	TENNIS
B	19007721	2	Deccan Warriors	Abdul Wahaid	0	5	0	0	0.00	RHB	b Neeladri Dey	30347785	1594831	Amiirtham - GTCC Fall league 2025	15	TENNIS
B	19007721	2	Deccan Warriors	Abdul Mudaseer Mohmmed	0	2	0	0	0.00	RHB	c Shishir Saxena b Uddish Poptani	1160866	1594831	Amiirtham - GTCC Fall league 2025	15	TENNIS
B	19007721	2	Deccan Warriors	Mirza Naveed Ahmed	6	5	1	0	120.00	RHB	c Neeladri Dey b Uddish Poptani	15397789	1594831	Amiirtham - GTCC Fall league 2025	15	TENNIS
B	19007721	2	Deccan Warriors	Shaikh Yasar Ali  (wk)	21	15	3	1	140.00	RHB	b Charan Shekar	31475502	1594831	Amiirtham - GTCC Fall league 2025	15	TENNIS
B	19007721	2	Deccan Warriors	Syed Uzair	9	11	1	0	81.82	RHB	b Luxminarayanan Venkatapathy	4840695	1594831	Amiirtham - GTCC Fall league 2025	15	TENNIS
B	19007721	2	Deccan Warriors	Shoeb Ahmed	3	6	0	0	50.00	RHB	not out	33118218	1594831	Amiirtham - GTCC Fall league 2025	15	TENNIS
B	19007724	1	TCF	Srinath Asopa	9	9	1	0	100.00	LHB	c Dirgh Raval b Nisarg cricket oshawa	31710694	1594831	Amiirtham - GTCC Fall league 2025	15	TENNIS
B	19007724	1	TCF	Teja Kokkula  (wk)	11	8	2	0	137.50	RHB	c Nisarggggggg b Deep Patel	14055267	1594831	Amiirtham - GTCC Fall league 2025	15	TENNIS
B	19007724	1	TCF	Varun Kakubal	27	18	1	2	150.00	LHB	run out Rajeshwar Bose	23206427	1594831	Amiirtham - GTCC Fall league 2025	15	TENNIS
B	19007724	1	TCF	Abhinay	1	6	0	0	16.67	RHB	c Ravin Pandya b Bishal Chakraborty	104346	1594831	Amiirtham - GTCC Fall league 2025	15	TENNIS
B	19007724	1	TCF	Rahush	23	24	0	1	95.83	RHB	c Rajeshwar Bose b Harsh Patel	1050410	1594831	Amiirtham - GTCC Fall league 2025	15	TENNIS
B	19007724	1	TCF	Praveen Reddy	1	3	0	0	33.33	LHB	c Harsh Patel b Ravin Pandya	5413093	1594831	Amiirtham - GTCC Fall league 2025	15	TENNIS
B	19007724	1	TCF	Rushi Mannepalli	2	4	0	0	50.00	RHB	c Rajeshwar Bose b Harsh Patel	14762497	1594831	Amiirtham - GTCC Fall league 2025	15	TENNIS
B	19007724	1	TCF	Sudheer Aki	12	5	0	2	240.00	RHB	b Deep Patel	14762522	1594831	Amiirtham - GTCC Fall league 2025	15	TENNIS
B	19007724	1	TCF	Shivakumar Reddy Vanga	2	4	0	0	50.00	RHB	c Ravin Pandya b Nisarg cricket oshawa	1050429	1594831	Amiirtham - GTCC Fall league 2025	15	TENNIS
B	19007724	1	TCF	Akhil Reddy  (c)	0	3	0	0	0.00	RHB	not out	5549928	1594831	Amiirtham - GTCC Fall league 2025	15	TENNIS
B	19007724	1	TCF	JayaKrishna Gujjari	3	5	0	0	60.00	RHB	c Dirgh Raval b Bishal Chakraborty	1225653	1594831	Amiirtham - GTCC Fall league 2025	15	TENNIS
B	19007724	2	Harmony Strikers	Inderjeet Singh	12	5	1	1	240.00	RHB	c&b Varun Kakubal	21503670	1594831	Amiirtham - GTCC Fall league 2025	15	TENNIS
B	19007724	2	Harmony Strikers	Nisarggggggg	0	1	0	0	0.00	RHB	c Sudheer Aki b Akhil Reddy	6910094	1594831	Amiirtham - GTCC Fall league 2025	15	TENNIS
B	19007724	2	Harmony Strikers	Dhruvin Patel	12	14	2	0	85.71	RHB	c Sudheer Aki b Praveen Reddy	15140688	1594831	Amiirtham - GTCC Fall league 2025	15	TENNIS
B	19007724	2	Harmony Strikers	Harsh Patel	15	16	1	1	93.75	RHB	b JayaKrishna Gujjari	29748236	1594831	Amiirtham - GTCC Fall league 2025	15	TENNIS
B	19007724	2	Harmony Strikers	Rajeshwar Bose  (c)	6	5	0	0	120.00	RHB	retired hurt	9928620	1594831	Amiirtham - GTCC Fall league 2025	15	TENNIS
B	19007724	2	Harmony Strikers	Bishal Chakraborty	26	20	3	1	130.00	LHB	c (sub) Sharath Reddy Kongari b Sudheer Aki	31271439	1594831	Amiirtham - GTCC Fall league 2025	15	TENNIS
B	19007724	2	Harmony Strikers	Deep Patel	27	16	3	1	168.75	RHB	not out	29734345	1594831	Amiirtham - GTCC Fall league 2025	15	TENNIS
B	19007724	2	Harmony Strikers	Dirgh Raval	0	3	0	0	0.00	RHB	c †Teja Kokkula b Sudheer Aki	31266663	1594831	Amiirtham - GTCC Fall league 2025	15	TENNIS
B	19007724	2	Harmony Strikers	Rohan Patel	0	1	0	0	0.00	RHB	not out	31267764	1594831	Amiirtham - GTCC Fall league 2025	15	TENNIS
B	19007723	1	Birthday Boys XI	Bhupesh Patel	4	6	0	0	66.67	LHB	b Vinith reddy Reddy	4167269	1594831	Amiirtham - GTCC Fall league 2025	15	TENNIS
B	19007723	1	Birthday Boys XI	Girdhar Varshney  (c)	3	5	0	0	60.00	RHB	c Rajasekhar Reddy Guntaka b RamaRao Boyapati	42495473	1594831	Amiirtham - GTCC Fall league 2025	15	TENNIS
B	19007723	1	Birthday Boys XI	Paritosh Dali	0	1	0	0	0.00	RHB	b Vinith reddy Reddy	4166516	1594831	Amiirtham - GTCC Fall league 2025	15	TENNIS
B	19007723	1	Birthday Boys XI	Amit Sondhi	1	6	0	0	16.67	LHB	c Srinivasu.K b Vinith reddy Reddy	30104324	1594831	Amiirtham - GTCC Fall league 2025	15	TENNIS
B	19007723	1	Birthday Boys XI	Anubhav Nirula	7	9	1	0	77.78	RHB	st †Srinivasu.K b Dileep Rittapalli	31249272	1594831	Amiirtham - GTCC Fall league 2025	15	TENNIS
B	19007723	1	Birthday Boys XI	Abhinav Nirula	0	6	0	0	0.00	RHB	c Srinivasu.K b Deepak Manukonda	42515145	1594831	Amiirtham - GTCC Fall league 2025	15	TENNIS
B	19007723	1	Birthday Boys XI	Bhupinder Bais	0	2	0	0	0.00	RHB	c Srinivasu.K b Deepak Manukonda	42504785	1594831	Amiirtham - GTCC Fall league 2025	15	TENNIS
B	19007723	1	Birthday Boys XI	Kushal Acharya	3	9	0	0	33.33	RHB	c Venky N b Prajeeth Reddy Gowravarapu	15998105	1594831	Amiirtham - GTCC Fall league 2025	15	TENNIS
B	19007723	1	Birthday Boys XI	pratyush sakalley	4	10	0	0	40.00	LHB	not out	42529133	1594831	Amiirtham - GTCC Fall league 2025	15	TENNIS
B	19007723	1	Birthday Boys XI	Abhijeet Jain	1	2	0	0	50.00	RHB	c Prajeeth Reddy Gowravarapu b Dileep Rittapalli	42504733	1594831	Amiirtham - GTCC Fall league 2025	15	TENNIS
B	19007723	2	Oshawa Fighters	Deepak Manukonda	0	1	0	0	0.00	RHB	c Bhupesh Patel b Anubhav Nirula	21933613	1594831	Amiirtham - GTCC Fall league 2025	15	TENNIS
B	19007723	2	Oshawa Fighters	Srinivasu.K  (wk)	15	9	3	0	166.67	RHB	not out	2620753	1594831	Amiirtham - GTCC Fall league 2025	15	TENNIS
B	19007723	2	Oshawa Fighters	Madhav	23	15	3	1	153.33	RHB	not out	14174243	1594831	Amiirtham - GTCC Fall league 2025	15	TENNIS
B	19007722	1	Invincible Trailblazers	Abhi	22	26	1	0	84.62	RHB	retired hurt	21500152	1594831	Amiirtham - GTCC Fall league 2025	15	TENNIS
B	19007722	1	Invincible Trailblazers	S SaiKiran	5	7	1	0	71.43	RHB	c&b Mahesh	5178904	1594831	Amiirtham - GTCC Fall league 2025	15	TENNIS
B	19007722	1	Invincible Trailblazers	Sai Kiran Dande  (c & wk)	11	7	2	0	157.14	RHB	c Mahesh b Vineet Bhat	5259750	1594831	Amiirtham - GTCC Fall league 2025	15	TENNIS
B	19007722	1	Invincible Trailblazers	Aftab	27	16	0	4	168.75	RHB	c †Jay Patel b Vishal Dembi	1541269	1594831	Amiirtham - GTCC Fall league 2025	15	TENNIS
B	19007722	1	Invincible Trailblazers	Kvs Narayana	56	20	5	5	280.00	RHB	c Jay Patel b Veera Prasad	13816654	1594831	Amiirtham - GTCC Fall league 2025	15	TENNIS
B	19007722	1	Invincible Trailblazers	Viraj	24	8	2	2	300.00	RHB	not out	4143349	1594831	Amiirtham - GTCC Fall league 2025	15	TENNIS
B	19007722	1	Invincible Trailblazers	Prathap Reddy	7	3	0	1	233.33	RHB	c Vishal Dembi b Jay Patel	1440078	1594831	Amiirtham - GTCC Fall league 2025	15	TENNIS
B	19007722	1	Invincible Trailblazers	sunil kumar M	0	2	0	0	0.00	RHB	c&b Jay Patel	23320728	1594831	Amiirtham - GTCC Fall league 2025	15	TENNIS
B	19007722	1	Invincible Trailblazers	Ginil Joseph	1	1	0	0	100.00	RHB	not out	27672341	1594831	Amiirtham - GTCC Fall league 2025	15	TENNIS
B	19007722	2	Taunton Titans	Viren Patel	3	9	0	0	33.33	RHB	c Kvs Narayana b Barani S	32761692	1594831	Amiirtham - GTCC Fall league 2025	15	TENNIS
B	19007722	2	Taunton Titans	Nimish Raval	3	4	0	0	75.00	RHB	b Barani S	42349926	1594831	Amiirtham - GTCC Fall league 2025	15	TENNIS
B	19007722	2	Taunton Titans	Rohit Kumar	9	9	2	0	100.00	RHB	c sunil kumar M b YOGEESHA NAIK	32043677	1594831	Amiirtham - GTCC Fall league 2025	15	TENNIS
B	19007722	2	Taunton Titans	Pramod M	0	1	0	0	0.00	RHB	c Kvs Narayana b Barani S	32432533	1594831	Amiirtham - GTCC Fall league 2025	15	TENNIS
B	19007722	2	Taunton Titans	Jay Patel  (wk)	6	15	0	0	40.00	RHB	c sunil kumar M b Kvs Narayana	5600543	1594831	Amiirtham - GTCC Fall league 2025	15	TENNIS
B	19007722	2	Taunton Titans	Shri Prakash Kunwar	3	10	0	0	30.00	RHB	b YOGEESHA NAIK	32801725	1594831	Amiirtham - GTCC Fall league 2025	15	TENNIS
B	19007722	2	Taunton Titans	Mahesh	0	4	0	0	0.00	RHB	c †Sai Kiran Dande b Kvs Narayana	9167416	1594831	Amiirtham - GTCC Fall league 2025	15	TENNIS
B	19007722	2	Taunton Titans	santhosh Kotte  (c)	1	4	0	0	25.00	RHB	c Abhi b Seethamraju Pavan	23359672	1594831	Amiirtham - GTCC Fall league 2025	15	TENNIS
B	19007722	2	Taunton Titans	Vineet Bhat	2	4	0	0	50.00	RHB	c Barani S b Prathap Reddy	41266674	1594831	Amiirtham - GTCC Fall league 2025	15	TENNIS
B	19007722	2	Taunton Titans	Vishal Dembi	3	6	0	0	50.00	RHB	c Sai Kiran Dande b Kvs Narayana	32519554	1594831	Amiirtham - GTCC Fall league 2025	15	TENNIS
B	19007722	2	Taunton Titans	Veera Prasad	0	3	0	0	0.00	RHB	not out	32917471	1594831	Amiirtham - GTCC Fall league 2025	15	TENNIS
B	19007727	1	North Stars T15 Fall League 2025	Gautham Krishnaprasad	15	10	2	0	150.00	RHB	run out santhosh Kotte / Jay Patel	41973015	1594831	Amiirtham - GTCC Fall league 2025	15	TENNIS
B	19007727	1	North Stars T15 Fall League 2025	Sahil	4	6	0	0	66.67	LHB	c Rohit Kumar b Mahesh	1595797	1594831	Amiirtham - GTCC Fall league 2025	15	TENNIS
B	19007727	1	North Stars T15 Fall League 2025	Bhuvan Anand	41	30	5	1	136.67	RHB	run out Mahesh / Jay Patel	16145433	1594831	Amiirtham - GTCC Fall league 2025	15	TENNIS
B	19007727	1	North Stars T15 Fall League 2025	Jaideep (JD)  (c)	3	4	0	0	75.00	RHB	c Pramod M b Vineet Bhat	9081230	1594831	Amiirtham - GTCC Fall league 2025	15	TENNIS
B	19007727	1	North Stars T15 Fall League 2025	Ashish Khattar	0	2	0	0	0.00	RHB	c Shri Prakash Kunwar b Vineet Bhat	16183456	1594831	Amiirtham - GTCC Fall league 2025	15	TENNIS
B	19007727	1	North Stars T15 Fall League 2025	Nilay Shah	42	34	6	0	123.53	RHB	not out	31954578	1594831	Amiirtham - GTCC Fall league 2025	15	TENNIS
B	19007727	1	North Stars T15 Fall League 2025	Raghavendra Naik	5	3	1	0	166.67	RHB	b Mahesh	15832543	1594831	Amiirtham - GTCC Fall league 2025	15	TENNIS
B	19007727	1	North Stars T15 Fall League 2025	CricHeroes deleted user	0	1	0	0	0.00		b Mahesh	33410222	1594831	Amiirtham - GTCC Fall league 2025	15	TENNIS
B	19007727	1	North Stars T15 Fall League 2025	Srikanth Lahoti	1	2	0	0	50.00	RHB	not out	4155955	1594831	Amiirtham - GTCC Fall league 2025	15	TENNIS
B	19007727	2	Taunton Titans	Ishaan Raghav	50	34	6	1	147.06	RHB	run out Raghavendra Naik	32430873	1594831	Amiirtham - GTCC Fall league 2025	15	TENNIS
B	19007727	2	Taunton Titans	Nimish Raval	0	2	0	0	0.00	RHB	run out Raghavendra Naik / Sanjit Raut	42349926	1594831	Amiirtham - GTCC Fall league 2025	15	TENNIS
B	19007727	2	Taunton Titans	Harsh Bhatia	4	10	0	0	40.00	RHB	b Ashish Khattar	31945988	1594831	Amiirtham - GTCC Fall league 2025	15	TENNIS
B	19007727	2	Taunton Titans	Shri Prakash Kunwar	0	1	0	0	0.00	RHB	c Raghavendra Naik b Ashish Khattar	32801725	1594831	Amiirtham - GTCC Fall league 2025	15	TENNIS
B	19007727	2	Taunton Titans	Jay Patel	19	20	1	1	95.00	RHB	c Bhuvan Anand b Ashish Khattar	5600543	1594831	Amiirtham - GTCC Fall league 2025	15	TENNIS
B	19007727	2	Taunton Titans	Rohit Kumar	30	23	1	3	130.43	RHB	not out	32043677	1594831	Amiirtham - GTCC Fall league 2025	15	TENNIS
B	19007727	2	Taunton Titans	santhosh Kotte  (c)	1	2	0	0	50.00	RHB	c Sanjit Raut b CricHeroes deleted user	23359672	1594831	Amiirtham - GTCC Fall league 2025	15	TENNIS
B	19007726	1	Trailblazers	Bharath Reddy	25	19	3	0	131.58	RHB	c Gurpreet singh b Ashu Sharma	5949924	1594831	Amiirtham - GTCC Fall league 2025	15	TENNIS
B	19007726	1	Trailblazers	Uthej Kumar Pappu	63	44	9	1	143.18	RHB	c Navdeep Singh b Gurpreet singh	5733409	1594831	Amiirtham - GTCC Fall league 2025	15	TENNIS
B	19007726	1	Trailblazers	Phani	14	12	1	1	116.67	RHB	b Karan Bajwa	132317	1594831	Amiirtham - GTCC Fall league 2025	15	TENNIS
B	19007726	1	Trailblazers	Anil Sunkara	0	2	0	0	0.00	RHB	c †Gurpreet singh b Karan Bajwa	3913067	1594831	Amiirtham - GTCC Fall league 2025	15	TENNIS
B	19007726	1	Trailblazers	Harish Pannala(TPG)  (c)	2	4	0	0	50.00	RHB	c Ravi b Ashu Sharma	3052877	1594831	Amiirtham - GTCC Fall league 2025	15	TENNIS
B	19007726	1	Trailblazers	Dinesh k	6	5	0	0	120.00	RHB	c †Ravi b Jasmeet Singh	15283122	1594831	Amiirtham - GTCC Fall league 2025	15	TENNIS
B	19007726	1	Trailblazers	Anudeep Kona	11	5	2	0	220.00	RHB	run out Saurav / Ravi	39057187	1594831	Amiirtham - GTCC Fall league 2025	15	TENNIS
B	19007726	1	Trailblazers	Nishithgoud Sagadi	1	1	0	0	100.00	RHB	not out	3157764	1594831	Amiirtham - GTCC Fall league 2025	15	TENNIS
B	19007726	2	Friends United - Fall T15	Saurav	7	11	1	0	63.64	RHB	c †Prudhvi b Anil Sunkara	38188893	1594831	Amiirtham - GTCC Fall league 2025	15	TENNIS
B	19007726	2	Friends United - Fall T15	Amandeep Singh	13	15	1	0	86.67	RHB	c Vishnu Raj b Subbu Pakalapati	39148817	1594831	Amiirtham - GTCC Fall league 2025	15	TENNIS
B	19007726	2	Friends United - Fall T15	Ravi  (wk)	16	12	4	0	133.33	RHB	c †Prudhvi b Subbu Pakalapati	1153446	1594831	Amiirtham - GTCC Fall league 2025	15	TENNIS
B	19007726	2	Friends United - Fall T15	Navdeep Singh  (c)	30	22	3	0	136.36	RHB	retired hurt	39095211	1594831	Amiirtham - GTCC Fall league 2025	15	TENNIS
B	19007726	2	Friends United - Fall T15	Prince	42	22	0	5	190.91	RHB	c Uthej Kumar Pappu b Phani	23202334	1594831	Amiirtham - GTCC Fall league 2025	15	TENNIS
B	19007726	2	Friends United - Fall T15	Dev Sardar	3	3	0	0	100.00	RHB	c Uthej Kumar Pappu b Harish Pannala(TPG)	11402008	1594831	Amiirtham - GTCC Fall league 2025	15	TENNIS
B	19007726	2	Friends United - Fall T15	Ashu Sharma	8	5	0	1	160.00	RHB	not out	6562419	1594831	Amiirtham - GTCC Fall league 2025	15	TENNIS
B	19007726	2	Friends United - Fall T15	Karan Bajwa	1	1	0	0	100.00	RHB	run out Harish Pannala(TPG) / Phani	6249085	1594831	Amiirtham - GTCC Fall league 2025	15	TENNIS
B	19007725	1	Whitby Thunderbolts Gtcc fall	Helin Patel	14	5	2	1	280.00	RHB	c Rohan Chadha b Gursimran Chauhan	4289102	1594831	Amiirtham - GTCC Fall league 2025	15	TENNIS
B	19007725	1	Whitby Thunderbolts Gtcc fall	Venkata Balaji Balabha Drapatruni	24	23	4	0	104.35	LHB	b Rohan Chadha	23656575	1594831	Amiirtham - GTCC Fall league 2025	15	TENNIS
B	19007725	1	Whitby Thunderbolts Gtcc fall	Junaid Usmani  (wk)	6	6	1	0	100.00	RHB	run out Shyam Maheshwari	15998322	1594831	Amiirtham - GTCC Fall league 2025	15	TENNIS
B	19007725	1	Whitby Thunderbolts Gtcc fall	Sheshasai Kankipati	21	19	1	2	110.53	RHB	c Shyam Maheshwari b CHINTAN PATEL	9202209	1594831	Amiirtham - GTCC Fall league 2025	15	TENNIS
B	19007725	1	Whitby Thunderbolts Gtcc fall	Karan Bhatt	2	3	0	0	66.67	RHB	c Shyam Maheshwari b Zul Qazi	43639731	1594831	Amiirtham - GTCC Fall league 2025	15	TENNIS
B	19007725	1	Whitby Thunderbolts Gtcc fall	Dileep Nannore	9	8	1	0	112.50	RHB	c Mufiz Munshi b Nagu	15992998	1594831	Amiirtham - GTCC Fall league 2025	15	TENNIS
B	19007725	1	Whitby Thunderbolts Gtcc fall	Santhosh Gangu	1	2	0	0	50.00	RHB	c Shyam Maheshwari b CHINTAN PATEL	23656534	1594831	Amiirtham - GTCC Fall league 2025	15	TENNIS
B	19007725	1	Whitby Thunderbolts Gtcc fall	Naren C	3	3	0	0	100.00	RHB	c Gursimran Chauhan b Nagu	24254648	1594831	Amiirtham - GTCC Fall league 2025	15	TENNIS
B	19007725	1	Whitby Thunderbolts Gtcc fall	Sai kiran nookala  (c)	4	6	0	0	66.67	RHB	st †Shyam Maheshwari b CHINTAN PATEL	23656456	1594831	Amiirtham - GTCC Fall league 2025	15	TENNIS
B	19007725	1	Whitby Thunderbolts Gtcc fall	Varun Kumar	17	11	3	0	154.55	RHB	not out	22794738	1594831	Amiirtham - GTCC Fall league 2025	15	TENNIS
B	19007725	1	Whitby Thunderbolts Gtcc fall	Kiran Chigiri	3	5	0	0	60.00	RHB	not out	22537910	1594831	Amiirtham - GTCC Fall league 2025	15	TENNIS
B	19007725	2	Avengers	Mufiz Munshi	1	2	0	0	50.00	RHB	c †Junaid Usmani b Kiran Chigiri	32430389	1594831	Amiirtham - GTCC Fall league 2025	15	TENNIS
B	19007725	2	Avengers	Ankur Agarwal	11	9	2	0	122.22	LHB	c †Junaid Usmani b Naren C	42350503	1594831	Amiirtham - GTCC Fall league 2025	15	TENNIS
B	19007725	2	Avengers	Rohan Chadha	40	36	3	1	111.11	RHB	c Dileep Nannore b Helin Patel	42515675	1594831	Amiirtham - GTCC Fall league 2025	15	TENNIS
B	19007725	2	Avengers	Shyam Maheshwari	9	16	0	0	56.25	RHB	run out Naren C / Sheshasai Kankipati	16694652	1594831	Amiirtham - GTCC Fall league 2025	15	TENNIS
B	19007725	2	Avengers	Gursimran Chauhan  (c)	21	16	2	1	131.25	RHB	c †Junaid Usmani b Venkata Balaji Balabha Drapatruni	42350491	1594831	Amiirtham - GTCC Fall league 2025	15	TENNIS
B	19007725	2	Avengers	Zul Qazi	9	11	0	0	81.82	RHB	not out	23053658	1594831	Amiirtham - GTCC Fall league 2025	15	TENNIS
B	19007725	2	Avengers	Patel dev	1	1	0	0	100.00	RHB	not out	42350499	1594831	Amiirtham - GTCC Fall league 2025	15	TENNIS
B	19007730	1	Maple Eagles	Arshdeep Singh	0	2	0	0	0.00	RHB	b Lovepreet Khosa	39637167	1594831	Amiirtham - GTCC Fall league 2025	15	TENNIS
B	19007730	1	Maple Eagles	Ali Hakimi	0	2	0	0	0.00	RHB	run out Jugraj Singh	31612548	1594831	Amiirtham - GTCC Fall league 2025	15	TENNIS
B	19007730	1	Maple Eagles	Madhu Adapa  (wk)	1	4	0	0	25.00	RHB	c Jugraj Singh b Parbjot Singh Aulakh	31266333	1594831	Amiirtham - GTCC Fall league 2025	15	TENNIS
B	19007730	1	Maple Eagles	Pardeep Singh	10	5	2	0	200.00	RHB	c †Vikram Singh b Amritpal  Singh	42485355	1594831	Amiirtham - GTCC Fall league 2025	15	TENNIS
B	19007730	1	Maple Eagles	Prabhneet Singh	0	1	0	0	0.00	RHB	b Parbjot Singh Aulakh	40191336	1594831	Amiirtham - GTCC Fall league 2025	15	TENNIS
B	19007730	1	Maple Eagles	Jigar Sheth  (c)	19	41	1	1	46.34	RHB	c Lovepreet Khosa b Jugraj Singh	32879769	1594831	Amiirtham - GTCC Fall league 2025	15	TENNIS
B	19007730	1	Maple Eagles	Manny	4	4	1	0	100.00	RHB	c Prince b Jugraj Singh	15069479	1594831	Amiirtham - GTCC Fall league 2025	15	TENNIS
B	19007730	1	Maple Eagles	Amandeep Singh	7	10	1	0	70.00	RHB	c Amrit Amrit b Jugraj Singh	41624226	1594831	Amiirtham - GTCC Fall league 2025	15	TENNIS
B	19007730	1	Maple Eagles	Kandarp Suthar	9	10	1	0	90.00	RHB	c Jaskaran  b Amritpal  Singh	31328000	1594831	Amiirtham - GTCC Fall league 2025	15	TENNIS
B	19007730	1	Maple Eagles	Satwinder Singh	0	1	0	0	0.00	RHB	c Lovepreet Khosa b Amrit Amrit	42515588	1594831	Amiirtham - GTCC Fall league 2025	15	TENNIS
B	19007730	1	Maple Eagles	Jagveer singh	5	2	1	0	250.00	RHB	not out	32886299	1594831	Amiirtham - GTCC Fall league 2025	15	TENNIS
B	19007730	2	Royal Punjab	Prince	21	15	3	1	140.00	RHB	c †Madhu Adapa b Kandarp Suthar	23012388	1594831	Amiirtham - GTCC Fall league 2025	15	TENNIS
B	19007730	2	Royal Punjab	Gurwinder Toor	30	19	3	2	157.89	LHB	b Jagveer singh	31489988	1594831	Amiirtham - GTCC Fall league 2025	15	TENNIS
B	19007730	2	Royal Punjab	Bikramjeet singh	19	10	2	1	190.00	RHB	not out	41099524	1594831	Amiirtham - GTCC Fall league 2025	15	TENNIS
B	19007730	2	Royal Punjab	Jaskaran 	2	4	0	0	50.00	RHB	c Manny b Kandarp Suthar	39251673	1594831	Amiirtham - GTCC Fall league 2025	15	TENNIS
B	19007730	2	Royal Punjab	Lovepreet Khosa	0	1	0	0	0.00	RHB	not out	41122178	1594831	Amiirtham - GTCC Fall league 2025	15	TENNIS
B	19007731	1	Team Manjummel	Junaid khan	17	12	3	0	141.67	RHB	c&b Christo Joy	42504301	1594831	Amiirtham - GTCC Fall league 2025	15	TENNIS
B	19007731	1	Team Manjummel	Mahendra Pullaganti	0	3	0	0	0.00	RHB	c Vaishnav b Akhil	29518729	1594831	Amiirtham - GTCC Fall league 2025	15	TENNIS
B	19007731	1	Team Manjummel	Tharun kumar Jalli	4	4	1	0	100.00	RHB	run out Vishnu Nair	29519121	1594831	Amiirtham - GTCC Fall league 2025	15	TENNIS
B	19007731	1	Team Manjummel	Nikhil battula	8	14	0	0	57.14	RHB	c †Abhishek Rathnasingh b Christo Joy	32301207	1594831	Amiirtham - GTCC Fall league 2025	15	TENNIS
B	19007731	1	Team Manjummel	Vinod Goud Boyapalli	13	15	1	1	86.67	RHB	c Christo Joy b Abi Antony	32071427	1594831	Amiirtham - GTCC Fall league 2025	15	TENNIS
B	19007731	1	Team Manjummel	Sampath kumar madala  (wk)	19	11	2	1	172.73	RHB	run out Abi Antony / † Abhishek Rathnasingh	15283339	1594831	Amiirtham - GTCC Fall league 2025	15	TENNIS
B	19007731	1	Team Manjummel	Srujan Gandla	7	10	1	0	70.00	LHB	c Emil Pious b Vishnu Nair	23847345	1594831	Amiirtham - GTCC Fall league 2025	15	TENNIS
B	19007731	1	Team Manjummel	Mahesh	1	4	0	0	25.00	RHB	c&b Abi Antony	10267833	1594831	Amiirtham - GTCC Fall league 2025	15	TENNIS
B	19007731	1	Team Manjummel	Nagarjuna Ambati	18	15	2	0	120.00	RHB	not out	15349761	1594831	Amiirtham - GTCC Fall league 2025	15	TENNIS
B	19007731	1	Team Manjummel	NIRANJAN GOTTIPATI	2	3	0	0	66.67	RHB	not out	39257621	1594831	Amiirtham - GTCC Fall league 2025	15	TENNIS
B	19007731	2	Redwings	Jackson Ouseph	26	22	1	1	118.18	RHB	b Srikanth Kommineni	21818163	1594831	Amiirtham - GTCC Fall league 2025	15	TENNIS
B	19007731	2	Redwings	Vishnu Nair	16	15	1	1	106.67	RHB	c Nagarjuna Ambati b Srujan Gandla	21754141	1594831	Amiirtham - GTCC Fall league 2025	15	TENNIS
B	19007731	2	Redwings	Christo Joy	24	10	1	3	240.00	RHB	c Mahesh b Vinod Goud Boyapalli	30376963	1594831	Amiirtham - GTCC Fall league 2025	15	TENNIS
B	19007731	2	Redwings	Abhishek Rathnasingh  (c & wk)	3	8	0	0	37.50	RHB	c †Sampath kumar madala b Junaid khan	21828705	1594831	Amiirtham - GTCC Fall league 2025	15	TENNIS
B	19007731	2	Redwings	Benson Baby	1	3	0	0	33.33	RHB	c †Sampath kumar madala b Srikanth Kommineni	30375428	1594831	Amiirtham - GTCC Fall league 2025	15	TENNIS
B	19007731	2	Redwings	Vaishnav	0	1	0	0	0.00	RHB	c †Sampath kumar madala b Srikanth Kommineni	31247987	1594831	Amiirtham - GTCC Fall league 2025	15	TENNIS
B	19007731	2	Redwings	Emil Pious	14	16	1	0	87.50	RHB	c †Sampath kumar madala b Vinod Goud Boyapalli	40407065	1594831	Amiirtham - GTCC Fall league 2025	15	TENNIS
B	19007731	2	Redwings	Akhil	0	1	0	0	0.00	RHB	c †Sampath kumar madala b Vinod Goud Boyapalli	30322919	1594831	Amiirtham - GTCC Fall league 2025	15	TENNIS
B	19007731	2	Redwings	Abi Antony	1	2	0	0	50.00	RHB	run out Junaid khan / Vinod Goud Boyapalli	23202311	1594831	Amiirtham - GTCC Fall league 2025	15	TENNIS
B	19007731	2	Redwings	Abin Mathew	0	1	0	0	0.00	RHB	c Junaid khan b Srikanth Kommineni	30379080	1594831	Amiirtham - GTCC Fall league 2025	15	TENNIS
B	19007731	2	Redwings	Prince K Sunny	1	3	0	0	33.33	RHB	not out	30402539	1594831	Amiirtham - GTCC Fall league 2025	15	TENNIS
B	19007728	1	Durham Strikers	Gopal Kanniappan	4	3	1	0	133.33	RHB	c †Jawas Muhammed b Nasakath Shaikkumthodi	27728606	1594831	Amiirtham - GTCC Fall league 2025	15	TENNIS
B	19007728	1	Durham Strikers	Yuvaraj Rajendran  (c)	9	9	0	0	100.00	RHB	c Mani Chandrasekaran b Abhinandh Abhi	16168824	1594831	Amiirtham - GTCC Fall league 2025	15	TENNIS
B	19007728	1	Durham Strikers	Bilal Salim	37	34	4	0	108.82	RHB	c Jawas Muhammed b Abhinandh Abhi	41655594	1594831	Amiirtham - GTCC Fall league 2025	15	TENNIS
B	19007728	1	Durham Strikers	Santosh Natarajan  (wk)	2	16	0	0	12.50	RHB	b Sajin Kumar	23117493	1594831	Amiirtham - GTCC Fall league 2025	15	TENNIS
B	19007728	1	Durham Strikers	Venkatesh Agneeswaran	8	9	1	0	88.89	RHB	b Jawas Muhammed	23105461	1594831	Amiirtham - GTCC Fall league 2025	15	TENNIS
B	19007728	1	Durham Strikers	Santhosh Rajan	5	9	1	0	55.56	RHB	run out Jijeesh Girija Vijayan / Akhil Varghese	23717445	1594831	Amiirtham - GTCC Fall league 2025	15	TENNIS
B	19007728	1	Durham Strikers	Arunkumar  (wk)	4	5	0	0	80.00	RHB	not out	16168974	1594831	Amiirtham - GTCC Fall league 2025	15	TENNIS
B	19007728	1	Durham Strikers	Arun Inpamozhi	6	5	0	0	120.00	RHB	c Jijeesh Girija Vijayan b Nasakath Shaikkumthodi	16113070	1594831	Amiirtham - GTCC Fall league 2025	15	TENNIS
B	19007728	2	Mavericks	Nasakath Shaikkumthodi	0	2	0	0	0.00	RHB	c Santosh Natarajan b Gopal Kanniappan	31273662	1594831	Amiirtham - GTCC Fall league 2025	15	TENNIS
B	19007728	2	Mavericks	Jawas Muhammed  (wk)	9	7	2	0	128.57	RHB	c †Arunkumar b Santhosh Rajan	36772056	1594831	Amiirtham - GTCC Fall league 2025	15	TENNIS
B	19007728	2	Mavericks	Jijeesh Girija Vijayan	24	15	2	2	160.00	RHB	c Venkatesh Agneeswaran b Bilal Salim	21760491	1594831	Amiirtham - GTCC Fall league 2025	15	TENNIS
B	19007728	2	Mavericks	Sajin Kumar	36	15	6	1	240.00	RHB	not out	30109342	1594831	Amiirtham - GTCC Fall league 2025	15	TENNIS
B	19007728	2	Mavericks	Vipin Vijayan	11	11	2	0	100.00	RHB	c Bilal Salim b Sathish Rajan	21088452	1594831	Amiirtham - GTCC Fall league 2025	15	TENNIS
B	19007728	2	Mavericks	Munawar Mohammed	0	3	0	0	0.00	RHB	c †Santosh Natarajan b Arun Inpamozhi	9101292	1594831	Amiirtham - GTCC Fall league 2025	15	TENNIS
B	19007728	2	Mavericks	Akhil Varghese	0	1	0	0	0.00	RHB	c Bilal Salim b Arun Inpamozhi	21088781	1594831	Amiirtham - GTCC Fall league 2025	15	TENNIS
B	19007728	2	Mavericks	Abhinandh Abhi	4	2	1	0	200.00	RHB	not out	21201797	1594831	Amiirtham - GTCC Fall league 2025	15	TENNIS
B	19007736	1	Whitby Thunderbolts Gtcc fall	Anekh Reddy	25	21	3	0	119.05	RHB	c †Sampath kumar madala b Nikhil battula	30154781	1594831	Amiirtham - GTCC Fall league 2025	15	TENNIS
B	19007736	1	Whitby Thunderbolts Gtcc fall	Venkata Balaji Balabha Drapatruni	4	2	1	0	200.00	LHB	c †Sampath kumar madala b Srujan Gandla	23656575	1594831	Amiirtham - GTCC Fall league 2025	15	TENNIS
B	19007736	1	Whitby Thunderbolts Gtcc fall	Junaid Usmani  (wk)	2	6	0	0	33.33	RHB	c Mahesh b Srujan Gandla	15998322	1594831	Amiirtham - GTCC Fall league 2025	15	TENNIS
B	19007736	1	Whitby Thunderbolts Gtcc fall	Dileep Nannore	8	9	1	0	88.89	RHB	c Tharun kumar Jalli b Srikanth Kommineni	15992998	1594831	Amiirtham - GTCC Fall league 2025	15	TENNIS
B	19007736	1	Whitby Thunderbolts Gtcc fall	Santhosh Gangu	28	24	3	1	116.67	RHB	c Srujan Gandla b Murali Raju	23656534	1594831	Amiirtham - GTCC Fall league 2025	15	TENNIS
B	19007736	1	Whitby Thunderbolts Gtcc fall	Naren C	5	8	1	0	62.50	RHB	c †Sampath kumar madala b Nikhil battula	24254648	1594831	Amiirtham - GTCC Fall league 2025	15	TENNIS
B	19007736	1	Whitby Thunderbolts Gtcc fall	Rajani Architect Pega	2	4	0	0	50.00	RHB	c NIRANJAN GOTTIPATI b Srujan Gandla	15409731	1594831	Amiirtham - GTCC Fall league 2025	15	TENNIS
B	19007736	1	Whitby Thunderbolts Gtcc fall	Sai kiran nookala  (c)	1	2	0	0	50.00	RHB	b Srujan Gandla	23656456	1594831	Amiirtham - GTCC Fall league 2025	15	TENNIS
B	19007736	1	Whitby Thunderbolts Gtcc fall	Tejeswar Palla	4	3	1	0	133.33	RHB	c Srikanth Kommineni b Nikhil battula	32789191	1594831	Amiirtham - GTCC Fall league 2025	15	TENNIS
B	19007736	1	Whitby Thunderbolts Gtcc fall	Shravan Popuri	8	6	0	0	133.33	RHB	not out	24281583	1594831	Amiirtham - GTCC Fall league 2025	15	TENNIS
B	19007736	1	Whitby Thunderbolts Gtcc fall	Varun Kumar	3	5	0	0	60.00	RHB	st †Sampath kumar madala b NIRANJAN GOTTIPATI	22794738	1594831	Amiirtham - GTCC Fall league 2025	15	TENNIS
B	19007736	2	Team Manjummel	Sampath kumar madala  (wk)	10	13	2	0	76.92	RHB	c †Junaid Usmani b Koushik	15283339	1594831	Amiirtham - GTCC Fall league 2025	15	TENNIS
B	19007736	2	Team Manjummel	Mahendra Pullaganti	0	1	0	0	0.00	RHB	b Naren C	29518729	1594831	Amiirtham - GTCC Fall league 2025	15	TENNIS
B	19007736	2	Team Manjummel	Tharun kumar Jalli	41	25	3	2	164.00	RHB	c †Junaid Usmani b Tejeswar Palla	29519121	1594831	Amiirtham - GTCC Fall league 2025	15	TENNIS
B	19007736	2	Team Manjummel	Nagarjuna Ambati	0	2	0	0	0.00	RHB	c †Junaid Usmani b Koushik	15349761	1594831	Amiirtham - GTCC Fall league 2025	15	TENNIS
B	19007736	2	Team Manjummel	Nikhil battula	23	22	1	0	104.55	RHB	not out	32301207	1594831	Amiirtham - GTCC Fall league 2025	15	TENNIS
B	19007736	2	Team Manjummel	Murali Raju	10	6	0	1	166.67	RHB	c&b Dileep Nannore	6986884	1594831	Amiirtham - GTCC Fall league 2025	15	TENNIS
B	19007736	2	Team Manjummel	Srujan Gandla	0	1	0	0	0.00	LHB	c †Junaid Usmani b Dileep Nannore	23847345	1594831	Amiirtham - GTCC Fall league 2025	15	TENNIS
B	19007736	2	Team Manjummel	NIRANJAN GOTTIPATI	2	6	0	0	33.33	RHB	c Rajani Architect Pega b Varun Kumar	39257621	1594831	Amiirtham - GTCC Fall league 2025	15	TENNIS
B	19007736	2	Team Manjummel	Srikanth Kommineni  (c)	0	1	0	0	0.00	RHB	c †Junaid Usmani b Naren C	29518721	1594831	Amiirtham - GTCC Fall league 2025	15	TENNIS
B	19007736	2	Team Manjummel	Mahesh	12	9	2	0	133.33	RHB	not out	10267833	1594831	Amiirtham - GTCC Fall league 2025	15	TENNIS
B	19007732	1	Thunder Strikers	Ronak Patel	40	38	3	1	105.26	RHB	b Abdulbasit Alizai	40650973	1594831	Amiirtham - GTCC Fall league 2025	15	TENNIS
B	19007732	1	Thunder Strikers	Sunny Patel	7	6	1	0	116.67	RHB	c Santosh Sakpal b Digil davis	39147625	1594831	Amiirtham - GTCC Fall league 2025	15	TENNIS
B	19007732	1	Thunder Strikers	PRATIKKUMAR PATEL	0	2	0	0	0.00	RHB	c Santosh Sakpal b Digil davis	39147590	1594831	Amiirtham - GTCC Fall league 2025	15	TENNIS
B	19007732	1	Thunder Strikers	Jigneshkumar Patel  (wk)	5	4	1	0	125.00	RHB	b Digil davis	30176575	1594831	Amiirtham - GTCC Fall league 2025	15	TENNIS
B	19007732	1	Thunder Strikers	Sarju Patel	7	9	0	0	77.78	RHB	b Pratik Udawant	6973298	1594831	Amiirtham - GTCC Fall league 2025	15	TENNIS
B	19007732	1	Thunder Strikers	Chintan Ahir	5	10	0	0	50.00	RHB	c Rajeev Swaminathan b Arun Baby	6269752	1594831	Amiirtham - GTCC Fall league 2025	15	TENNIS
B	19007732	1	Thunder Strikers	Nish patel	0	1	0	0	0.00	RHB	c †Digil davis b Arun Baby	31956115	1594831	Amiirtham - GTCC Fall league 2025	15	TENNIS
B	19007732	1	Thunder Strikers	CricHeroes deleted user	0	2	0	0	0.00		c Vivin Thomas b Arun Baby	31737144	1594831	Amiirtham - GTCC Fall league 2025	15	TENNIS
B	19007732	1	Thunder Strikers	Mitalkumar Patel  (c)	0	1	0	0	0.00	RHB	b Arun Baby	30057585	1594831	Amiirtham - GTCC Fall league 2025	15	TENNIS
B	19007732	1	Thunder Strikers	Darshit Patel	1	3	0	0	33.33	LHB	c Chetan b Rajeev Swaminathan	27673702	1594831	Amiirtham - GTCC Fall league 2025	15	TENNIS
B	19007732	1	Thunder Strikers	Rahul Kalra	5	3	1	0	166.67	RHB	not out	10138742	1594831	Amiirtham - GTCC Fall league 2025	15	TENNIS
B	19007732	2	Maratha Warriors - GTCC	Ashish Tamboli	11	8	2	0	137.50	RHB	c Chintan Ahir b Rahul Kalra	23037953	1594831	Amiirtham - GTCC Fall league 2025	15	TENNIS
B	19007732	2	Maratha Warriors - GTCC	Jinto Eliyas	7	10	1	0	70.00	LHB	c Chintan Ahir b Rahul Kalra	21834838	1594831	Amiirtham - GTCC Fall league 2025	15	TENNIS
B	19007732	2	Maratha Warriors - GTCC	Santosh Sakpal  (c)	1	2	0	0	50.00	RHB	run out CricHeroes deleted user	22961706	1594831	Amiirtham - GTCC Fall league 2025	15	TENNIS
B	19007732	2	Maratha Warriors - GTCC	Vivin Thomas	13	10	2	0	130.00	RHB	c †Jigneshkumar Patel b Rahul Kalra	21919124	1594831	Amiirtham - GTCC Fall league 2025	15	TENNIS
B	19007732	2	Maratha Warriors - GTCC	Vineesh  M	17	26	1	1	65.38	RHB	not out	27672383	1594831	Amiirtham - GTCC Fall league 2025	15	TENNIS
B	19007732	2	Maratha Warriors - GTCC	Pratik Udawant	20	15	3	0	133.33	RHB	not out	31286233	1594831	Amiirtham - GTCC Fall league 2025	15	TENNIS
B	19007733	1	Redwings	Abhishek Rathnasingh  (c & wk)	18	14	2	1	128.57	RHB	b Nikhil Rana	21828705	1594831	Amiirtham - GTCC Fall league 2025	15	TENNIS
B	19007733	1	Redwings	Benson Baby	1	8	0	0	12.50	RHB	c †Amitkumar Gupta b Jay Ray	30375428	1594831	Amiirtham - GTCC Fall league 2025	15	TENNIS
B	19007733	1	Redwings	Vishnu Nair	9	8	2	0	112.50	RHB	c Jay Ray b Akash Bhalla	21754141	1594831	Amiirtham - GTCC Fall league 2025	15	TENNIS
B	19007733	1	Redwings	Jackson Ouseph	36	28	6	0	128.57	RHB	c Jay Ray b Tarun jaswal	21818163	1594831	Amiirtham - GTCC Fall league 2025	15	TENNIS
B	19007733	1	Redwings	Emil Pious	14	12	1	0	116.67	RHB	retired out	40407065	1594831	Amiirtham - GTCC Fall league 2025	15	TENNIS
B	19007733	1	Redwings	Christo Joy	2	2	0	0	100.00	RHB	c Nikhil Rana b Akash Bhalla	30376963	1594831	Amiirtham - GTCC Fall league 2025	15	TENNIS
B	19007733	1	Redwings	Vaishnav	9	10	0	1	90.00	RHB	not out	31247987	1594831	Amiirtham - GTCC Fall league 2025	15	TENNIS
B	19007733	1	Redwings	Akhil	2	3	0	0	66.67	RHB	c Tarun jaswal b Jay Ray	30322919	1594831	Amiirtham - GTCC Fall league 2025	15	TENNIS
B	19007733	1	Redwings	Abi Antony	1	5	0	0	20.00	RHB	c Tarun jaswal b Parth Parekh	23202311	1594831	Amiirtham - GTCC Fall league 2025	15	TENNIS
B	19007733	2	Durham United	Amitkumar Gupta  (wk)	29	20	5	0	145.00	RHB	c †Abhishek Rathnasingh b Abi Antony	40436326	1594831	Amiirtham - GTCC Fall league 2025	15	TENNIS
B	19007733	2	Durham United	Abhishek Koneri	14	12	2	0	116.67	RHB	c&b Akhil	9779769	1594831	Amiirtham - GTCC Fall league 2025	15	TENNIS
B	19007733	2	Durham United	Mohit Palkar	34	17	2	2	200.00	RHB	c Jackson Ouseph b Christo Joy	30088867	1594831	Amiirtham - GTCC Fall league 2025	15	TENNIS
B	19007733	2	Durham United	Nikhil Rana	10	11	0	1	90.91	RHB	c Vishnu Nair b Akhil	32554738	1594831	Amiirtham - GTCC Fall league 2025	15	TENNIS
B	19007733	2	Durham United	Nikhil Tyagi	0	6	0	0	0.00	LHB	c †Abhishek Rathnasingh b Christo Joy	169825	1594831	Amiirtham - GTCC Fall league 2025	15	TENNIS
B	19007733	2	Durham United	Gaurav Malik	9	8	1	0	112.50	RHB	not out	31217411	1594831	Amiirtham - GTCC Fall league 2025	15	TENNIS
B	19007733	2	Durham United	Kunal Ghaware	5	5	1	0	100.00	RHB	not out	32815971	1594831	Amiirtham - GTCC Fall league 2025	15	TENNIS
B	19007739	1	Deccan Warriors	SOHAIL MOHAMMED	22	29	2	0	75.86	RHB	run out Ashu Sharma	30347639	1594831	Amiirtham - GTCC Fall league 2025	15	TENNIS
B	19007739	1	Deccan Warriors	Syed Moseen	8	12	0	1	66.67	RHB	c Lovepreet Khosa b Parbjot Singh Aulakh	16147062	1594831	Amiirtham - GTCC Fall league 2025	15	TENNIS
B	19007739	1	Deccan Warriors	Syed Usama Shahzeb	2	4	0	0	50.00	RHB	c †Vikram Singh b Amrit Amrit	42452972	1594831	Amiirtham - GTCC Fall league 2025	15	TENNIS
B	19007739	1	Deccan Warriors	Saikrishna Cherukuri	0	1	0	0	0.00	RHB	c Jaskaran  b Amrit Amrit	27726720	1594831	Amiirtham - GTCC Fall league 2025	15	TENNIS
B	19007739	1	Deccan Warriors	Mohammed Shahid Khan  (c & wk)	12	5	1	1	240.00	RHB	c Lovepreet Khosa b Ashu Sharma	15392532	1594831	Amiirtham - GTCC Fall league 2025	15	TENNIS
B	19007739	1	Deccan Warriors	Mohammed Noman Hussain	8	12	1	0	66.67	RHB	c Gurwinder Toor b Parbjot Singh Aulakh	30523853	1594831	Amiirtham - GTCC Fall league 2025	15	TENNIS
B	19007739	1	Deccan Warriors	Abdul mateen	9	8	0	0	112.50	RHB	c&b Amritpal  Singh	30430033	1594831	Amiirtham - GTCC Fall league 2025	15	TENNIS
B	19007739	1	Deccan Warriors	Azeemkhan Mohammed	0	4	0	0	0.00	RHB	b Amritpal  Singh	30348666	1594831	Amiirtham - GTCC Fall league 2025	15	TENNIS
B	19007739	1	Deccan Warriors	Mirza Naveed Ahmed	1	3	0	0	33.33	RHB	b Amritpal  Singh	15397789	1594831	Amiirtham - GTCC Fall league 2025	15	TENNIS
B	19007739	1	Deccan Warriors	Abdul Mudaseer Mohmmed	0	1	0	0	0.00	RHB	b Amritpal  Singh	1160866	1594831	Amiirtham - GTCC Fall league 2025	15	TENNIS
B	19007739	1	Deccan Warriors	Shoeb Ahmed	2	3	0	0	66.67	RHB	not out	33118218	1594831	Amiirtham - GTCC Fall league 2025	15	TENNIS
B	19007739	2	Royal Punjab	Gurwinder Toor	47	28	2	5	167.86	LHB	not out	31489988	1594831	Amiirtham - GTCC Fall league 2025	15	TENNIS
B	19007739	2	Royal Punjab	Jasandeep Jasandeep  (c)	2	3	0	0	66.67	RHB	b Abdul mateen	41089636	1594831	Amiirtham - GTCC Fall league 2025	15	TENNIS
B	19007739	2	Royal Punjab	Amritpal  Singh	1	7	0	0	14.29	RHB	c&b Mohammed Shahid Khan	41127556	1594831	Amiirtham - GTCC Fall league 2025	15	TENNIS
B	19007739	2	Royal Punjab	Vikram Singh  (wk)	7	7	1	0	100.00	RHB	c Mohammed Shahid Khan b Syed Usama Shahzeb	41170578	1594831	Amiirtham - GTCC Fall league 2025	15	TENNIS
B	19007739	2	Royal Punjab	Lovepreet Khosa	12	5	1	1	240.00	RHB	not out	41122178	1594831	Amiirtham - GTCC Fall league 2025	15	TENNIS
B	19007738	1	DSK Friends XI	Vyom Sharma	2	8	0	0	25.00	RHB	c †Arunkumar b Pawankumar Peddibhotla	42483036	1594831	Amiirtham - GTCC Fall league 2025	15	TENNIS
B	19007738	1	DSK Friends XI	Ronit Patel	16	5	4	0	320.00	LHB	c †Arunkumar b Gopal Kanniappan	5667774	1594831	Amiirtham - GTCC Fall league 2025	15	TENNIS
B	19007738	1	DSK Friends XI	Sukant Sharma	7	5	0	1	140.00	LHB	c †Arunkumar b Pawankumar Peddibhotla	39090207	1594831	Amiirtham - GTCC Fall league 2025	15	TENNIS
B	19007738	1	DSK Friends XI	Viral Patel	5	12	1	0	41.67	RHB	c Sathish Rajan b Magulan Duraipandian	15815175	1594831	Amiirtham - GTCC Fall league 2025	15	TENNIS
B	19007738	1	DSK Friends XI	Justus Charles  (c)	12	9	1	1	133.33	RHB	c Santosh Natarajan b Magulan Duraipandian	16786226	1594831	Amiirtham - GTCC Fall league 2025	15	TENNIS
B	19007738	1	DSK Friends XI	Sampath Reddy	5	3	1	0	166.67	RHB	c Sathish Rajan b Santhosh Rajan	31956295	1594831	Amiirtham - GTCC Fall league 2025	15	TENNIS
B	19007738	1	DSK Friends XI	Dharmendra Singh parihar	4	9	0	0	44.44	RHB	c Yuvaraj Rajendran b Bilal Salim	23337498	1594831	Amiirtham - GTCC Fall league 2025	15	TENNIS
B	19007738	1	DSK Friends XI	Charan Shekar  (wk)	7	6	1	0	116.67	RHB	c Yuvaraj Rajendran b Santhosh Rajan	6268008	1594831	Amiirtham - GTCC Fall league 2025	15	TENNIS
B	19007738	1	DSK Friends XI	Luxminarayanan Venkatapathy	35	20	5	1	175.00	RHB	c Sathish Rajan b Santhosh Rajan	19801237	1594831	Amiirtham - GTCC Fall league 2025	15	TENNIS
B	19007738	1	DSK Friends XI	Samil Vig	6	9	1	0	66.67	RHB	b Bilal Salim	31956279	1594831	Amiirtham - GTCC Fall league 2025	15	TENNIS
B	19007738	1	DSK Friends XI	Balaji Vijayakumar	5	4	0	0	125.00	RHB	not out	23028656	1594831	Amiirtham - GTCC Fall league 2025	15	TENNIS
B	19007738	2	Durham Strikers	Gopal Kanniappan	7	3	1	0	233.33	RHB	c Justus Charles b Samil Vig	27728606	1594831	Amiirtham - GTCC Fall league 2025	15	TENNIS
B	19007738	2	Durham Strikers	Yuvaraj Rajendran  (c)	12	12	2	0	100.00	RHB	c Justus Charles b Samil Vig	16168824	1594831	Amiirtham - GTCC Fall league 2025	15	TENNIS
B	19007738	2	Durham Strikers	Arun Inpamozhi	10	17	0	0	58.82	RHB	c Balaji Vijayakumar b Dharmendra Singh parihar	16113070	1594831	Amiirtham - GTCC Fall league 2025	15	TENNIS
B	19007738	2	Durham Strikers	Santosh Natarajan	0	2	0	0	0.00	RHB	c †Charan Shekar b Samil Vig	23117493	1594831	Amiirtham - GTCC Fall league 2025	15	TENNIS
B	19007738	2	Durham Strikers	Bilal Salim	9	10	1	0	90.00	RHB	c Balaji Vijayakumar b Dharmendra Singh parihar	41655594	1594831	Amiirtham - GTCC Fall league 2025	15	TENNIS
B	19007738	2	Durham Strikers	Venkatesh Agneeswaran	7	12	0	0	58.33	RHB	c Sukant Sharma b Luxminarayanan Venkatapathy	23105461	1594831	Amiirtham - GTCC Fall league 2025	15	TENNIS
B	19007738	2	Durham Strikers	Sathish Rajan	18	16	2	0	112.50	RHB	c Ronit Patel b Luxminarayanan Venkatapathy	41670672	1594831	Amiirtham - GTCC Fall league 2025	15	TENNIS
B	19007738	2	Durham Strikers	Arunkumar  (wk)	7	7	0	0	100.00	RHB	not out	16168974	1594831	Amiirtham - GTCC Fall league 2025	15	TENNIS
B	19007738	2	Durham Strikers	Pawankumar Peddibhotla	7	4	1	0	175.00	RHB	c †Charan Shekar b Balaji Vijayakumar	23117962	1594831	Amiirtham - GTCC Fall league 2025	15	TENNIS
B	19007738	2	Durham Strikers	Kannan S	0	1	0	0	0.00	RHB	c&b Balaji Vijayakumar	40191943	1594831	Amiirtham - GTCC Fall league 2025	15	TENNIS
B	19007738	2	Durham Strikers	Santhosh Rajan	4	4	0	0	100.00	RHB	b Dharmendra Singh parihar	23717445	1594831	Amiirtham - GTCC Fall league 2025	15	TENNIS
B	19007741	1	Invincible Trailblazers	Brijesh Shivam	7	7	1	0	100.00	LHB	c Sukhpal Singh b Ramandeep Singh 	2113085	1594831	Amiirtham - GTCC Fall league 2025	15	TENNIS
B	19007741	1	Invincible Trailblazers	Abhi	2	5	0	0	40.00	RHB	c Surjeet Singh b Sukhpal Singh	21500152	1594831	Amiirtham - GTCC Fall league 2025	15	TENNIS
B	19007741	1	Invincible Trailblazers	Sai Kiran Dande  (c & wk)	32	22	1	3	145.45	RHB	c Sanjiv sharma b Sukhpal Singh	5259750	1594831	Amiirtham - GTCC Fall league 2025	15	TENNIS
B	19007741	1	Invincible Trailblazers	Kvs Narayana	10	9	2	0	111.11	RHB	b Sukhpal Singh	13816654	1594831	Amiirtham - GTCC Fall league 2025	15	TENNIS
B	19007741	1	Invincible Trailblazers	Aftab	41	33	4	1	124.24	RHB	b Arpan Singh	1541269	1594831	Amiirtham - GTCC Fall league 2025	15	TENNIS
B	19007741	1	Invincible Trailblazers	Viraj	8	4	0	1	200.00	RHB	c †Pawan Khaira b Surjeet Singh	4143349	1594831	Amiirtham - GTCC Fall league 2025	15	TENNIS
B	19007741	1	Invincible Trailblazers	sunil kumar M	5	6	0	0	83.33	RHB	not out	23320728	1594831	Amiirtham - GTCC Fall league 2025	15	TENNIS
B	19007741	1	Invincible Trailblazers	Abhishek Chennamaneni	1	2	0	0	50.00	RHB	run out Thakur / † Pawan Khaira	2982610	1594831	Amiirtham - GTCC Fall league 2025	15	TENNIS
B	19007741	1	Invincible Trailblazers	Seethamraju Pavan	4	2	1	0	200.00	LHB	c Thakur b Arpan Singh	460319	1594831	Amiirtham - GTCC Fall league 2025	15	TENNIS
B	19007741	2	Panjab XI	Thakur  (c)	4	7	0	0	57.14	RHB	c Kvs Narayana b Barani S	40807678	1594831	Amiirtham - GTCC Fall league 2025	15	TENNIS
B	19007741	2	Panjab XI	Sanjiv sharma	11	13	2	0	84.62	RHB	c Viraj b Ginil Joseph	39683013	1594831	Amiirtham - GTCC Fall league 2025	15	TENNIS
B	19007741	2	Panjab XI	Pawan Khaira  (wk)	0	1	0	0	0.00	RHB	c †Sai Kiran Dande b Ginil Joseph	32888366	1594831	Amiirtham - GTCC Fall league 2025	15	TENNIS
B	19007741	2	Panjab XI	Harman	3	4	0	0	75.00	RHB	run out Seethamraju Pavan / † Sai Kiran Dande	40782357	1594831	Amiirtham - GTCC Fall league 2025	15	TENNIS
B	19007741	2	Panjab XI	Surjeet Singh	2	3	0	0	66.67	LHB	c sunil kumar M b Barani S	38766896	1594831	Amiirtham - GTCC Fall league 2025	15	TENNIS
B	19007741	2	Panjab XI	Arpan Singh	21	19	4	0	110.53	RHB	c †Sai Kiran Dande b sunil kumar M	31040706	1594831	Amiirtham - GTCC Fall league 2025	15	TENNIS
B	19007741	2	Panjab XI	Ramandeep Singh 	4	8	0	0	50.00	RHB	c Brijesh Shivam b Lokanarayanamoorthy Manohar	38771920	1594831	Amiirtham - GTCC Fall league 2025	15	TENNIS
B	19007741	2	Panjab XI	Sukhpal Singh	0	0	0	0	0.00	RHB	not out	40841211	1594831	Amiirtham - GTCC Fall league 2025	15	TENNIS
B	19007741	2	Panjab XI	Sourav Randhawa	0	3	0	0	0.00	RHB	b sunil kumar M	40845488	1594831	Amiirtham - GTCC Fall league 2025	15	TENNIS
B	19007742	1	Durham United	Abhishek Koneri  (wk)	3	11	0	0	27.27	RHB	c Vigneshwar Reddy b Jayakumar Narayanasamy	9779769	1594831	Amiirtham - GTCC Fall league 2025	15	TENNIS
B	19007742	1	Durham United	Kunal Ghaware	10	9	1	0	111.11	RHB	c Santhosh M b Balkar singh	32815971	1594831	Amiirtham - GTCC Fall league 2025	15	TENNIS
B	19007742	1	Durham United	Pulkit Malhotra	31	31	4	1	100.00	RHB	c †Raja Sekhar Reddy Gantla b Akuraju	30168192	1594831	Amiirtham - GTCC Fall league 2025	15	TENNIS
B	19007742	1	Durham United	Baljinder Singh	6	4	1	0	150.00	RHB	c †Raja Sekhar Reddy Gantla b Balkar singh	4138232	1594831	Amiirtham - GTCC Fall league 2025	15	TENNIS
B	19007742	1	Durham United	Prateek Jain	6	7	0	0	85.71	RHB	c Akuraju b Adnan khan 	40568075	1594831	Amiirtham - GTCC Fall league 2025	15	TENNIS
B	19007742	1	Durham United	Hardip Vasava	15	9	2	0	166.67	RHB	c Ayaan Shaikh b Adnan khan 	675278	1594831	Amiirtham - GTCC Fall league 2025	15	TENNIS
B	19007742	1	Durham United	Utkarsh Siingh	0	3	0	0	0.00	LHB	c Akuraju b Mani Asron	15282905	1594831	Amiirtham - GTCC Fall league 2025	15	TENNIS
B	19007742	1	Durham United	Jay Ray	2	6	0	0	33.33	RHB	st †Raja Sekhar Reddy Gantla b Balkar singh	21592545	1594831	Amiirtham - GTCC Fall league 2025	15	TENNIS
B	19007742	1	Durham United	Aniket Sengar	8	5	2	0	160.00	LHB	not out	42504280	1594831	Amiirtham - GTCC Fall league 2025	15	TENNIS
B	19007742	1	Durham United	Girish Shivnani  (c)	2	3	0	0	66.67	RHB	run out Akuraju	5624526	1594831	Amiirtham - GTCC Fall league 2025	15	TENNIS
B	19007742	1	Durham United	Kush Batra	5	3	0	0	166.67	RHB	not out	33199195	1594831	Amiirtham - GTCC Fall league 2025	15	TENNIS
B	19007742	2	FERAL XI	Santhosh M	8	6	0	1	133.33	RHB	b Parth Parekh	15283061	1594831	Amiirtham - GTCC Fall league 2025	15	TENNIS
B	19007742	2	FERAL XI	Varun Jampani	29	29	4	0	100.00	RHB	c †Abhishek Koneri b Kush Batra	15282785	1594831	Amiirtham - GTCC Fall league 2025	15	TENNIS
B	19007742	2	FERAL XI	Balkar singh	0	4	0	0	0.00	RHB	b Jay Ray	41693676	1594831	Amiirtham - GTCC Fall league 2025	15	TENNIS
B	19007742	2	FERAL XI	Mani Asron	14	16	1	0	87.50	RHB	c Kush Batra b Utkarsh Siingh	7371163	1594831	Amiirtham - GTCC Fall league 2025	15	TENNIS
B	19007742	2	FERAL XI	Akuraju	3	5	0	0	60.00	RHB	c Hardip Vasava b Utkarsh Siingh	42519051	1594831	Amiirtham - GTCC Fall league 2025	15	TENNIS
B	19007742	2	FERAL XI	Kushal Reddy  (c)	2	4	0	0	50.00	RHB	c Baljinder Singh b Utkarsh Siingh	15283637	1594831	Amiirtham - GTCC Fall league 2025	15	TENNIS
B	19007742	2	FERAL XI	Jayakumar Narayanasamy	1	3	0	0	33.33	RHB	c Prateek Jain b Kush Batra	32071080	1594831	Amiirtham - GTCC Fall league 2025	15	TENNIS
B	19007742	2	FERAL XI	Vigneshwar Reddy	0	5	0	0	0.00	RHB	b Jay Ray	15282856	1594831	Amiirtham - GTCC Fall league 2025	15	TENNIS
B	19007742	2	FERAL XI	Fardeen Khan	22	9	1	2	244.44	RHB	not out	27729185	1594831	Amiirtham - GTCC Fall league 2025	15	TENNIS
B	19007742	2	FERAL XI	Raja Sekhar Reddy Gantla  (wk)	6	7	1	0	85.71	RHB	not out	15282981	1594831	Amiirtham - GTCC Fall league 2025	15	TENNIS
B	19007743	1	Oshawa Fighters	Harsha Settyvari	31	15	2	3	206.67	RHB	c Deep Patel b Rajeshwar Bose	9081401	1594831	Amiirtham - GTCC Fall league 2025	15	TENNIS
B	19007743	1	Oshawa Fighters	Bhoopal Reddy Singireddy	1	4	0	0	25.00	RHB	c Ravin Pandya b Rajeshwar Bose	32297448	1594831	Amiirtham - GTCC Fall league 2025	15	TENNIS
B	19007743	1	Oshawa Fighters	Deepak Manukonda	55	34	4	5	161.76	RHB	c Harsh Patel b Bishal Chakraborty	21933613	1594831	Amiirtham - GTCC Fall league 2025	15	TENNIS
B	19007743	1	Oshawa Fighters	Venky N	6	13	1	0	46.15	RHB	c Ravin Pandya b Deep Patel	23192278	1594831	Amiirtham - GTCC Fall league 2025	15	TENNIS
B	19007743	1	Oshawa Fighters	Sharath Bodla	1	3	0	0	33.33	RHB	c Deep Patel b Nisarg cricket oshawa	23242753	1594831	Amiirtham - GTCC Fall league 2025	15	TENNIS
B	19007743	1	Oshawa Fighters	Raj Kiran Anem  	15	7	1	1	214.29	RHB	c Abhishek Erande b Bishal Chakraborty	29656739	1594831	Amiirtham - GTCC Fall league 2025	15	TENNIS
B	19007743	1	Oshawa Fighters	Vinesh Rachamalla	0	1	0	0	0.00	RHB	b Deep Patel	42530354	1594831	Amiirtham - GTCC Fall league 2025	15	TENNIS
B	19007743	1	Oshawa Fighters	Vinith reddy Reddy	10	6	1	0	166.67	RHB	c Harsh Patel b Deep Patel	23028014	1594831	Amiirtham - GTCC Fall league 2025	15	TENNIS
B	19007743	1	Oshawa Fighters	RamaRao Boyapati	0	0	0	0	0.00	RHB	not out	24281581	1594831	Amiirtham - GTCC Fall league 2025	15	TENNIS
B	19007743	1	Oshawa Fighters	Srinivasu.K	1	3	0	0	33.33	RHB	c Dhruvin Patel b Harsh Patel	2620753	1594831	Amiirtham - GTCC Fall league 2025	15	TENNIS
B	19007743	1	Oshawa Fighters	bhanuprakash Addepalli	6	5	0	0	120.00	RHB	not out	41722821	1594831	Amiirtham - GTCC Fall league 2025	15	TENNIS
B	19007743	2	Harmony Strikers	Harman Brar	0	1	0	0	0.00	RHB	c Deepak Manukonda b RamaRao Boyapati	31266366	1594831	Amiirtham - GTCC Fall league 2025	15	TENNIS
B	19007743	2	Harmony Strikers	Harsh Patel	0	2	0	0	0.00	RHB	c RamaRao Boyapati b Vinith reddy Reddy	29748236	1594831	Amiirtham - GTCC Fall league 2025	15	TENNIS
B	19007743	2	Harmony Strikers	Dhruvin Patel	0	2	0	0	0.00	RHB	c Venky N b RamaRao Boyapati	15140688	1594831	Amiirtham - GTCC Fall league 2025	15	TENNIS
B	19007743	2	Harmony Strikers	Rohan Patel	0	2	0	0	0.00	RHB	c&b RamaRao Boyapati	31267764	1594831	Amiirtham - GTCC Fall league 2025	15	TENNIS
B	19007743	2	Harmony Strikers	Rajeshwar Bose  (c)	58	26	6	3	223.08	RHB	b Harsha Settyvari	9928620	1594831	Amiirtham - GTCC Fall league 2025	15	TENNIS
B	19007743	2	Harmony Strikers	Anay Patel	4	8	0	0	50.00	LHB	c Vinesh Rachamalla b Vinith reddy Reddy	41127512	1594831	Amiirtham - GTCC Fall league 2025	15	TENNIS
B	19007743	2	Harmony Strikers	Bishal Chakraborty	29	29	2	2	100.00	LHB	c Harsha Settyvari b Vinith reddy Reddy	31271439	1594831	Amiirtham - GTCC Fall league 2025	15	TENNIS
B	19007743	2	Harmony Strikers	Deep Patel	16	11	1	1	145.45	RHB	c&b Deepak Manukonda	29734345	1594831	Amiirtham - GTCC Fall league 2025	15	TENNIS
B	19007743	2	Harmony Strikers	Vinod Gudupudi	3	5	0	0	60.00	RHB	c Venky N b Prajeeth Reddy Gowravarapu	31266314	1594831	Amiirtham - GTCC Fall league 2025	15	TENNIS
B	19007743	2	Harmony Strikers	Abhishek Erande	0	0	0	0	0.00	LHB	not out	23696671	1594831	Amiirtham - GTCC Fall league 2025	15	TENNIS
B	19007743	2	Harmony Strikers	Ravin Pandya	11	4	2	0	275.00	RHB	run out RamaRao Boyapati / Srinivasu.K	31270860	1594831	Amiirtham - GTCC Fall league 2025	15	TENNIS
B	19007745	1	Maple Eagles	Arshdeep Singh	5	8	1	0	62.50	RHB	b Gopal Kanniappan	39637167	1594831	Amiirtham - GTCC Fall league 2025	15	TENNIS
B	19007745	1	Maple Eagles	Viquar Ahmed	15	24	1	0	62.50	RHB	run out Gopal Kanniappan	23842323	1594831	Amiirtham - GTCC Fall league 2025	15	TENNIS
B	19007745	1	Maple Eagles	Samrat Shira  (wk)	0	1	0	0	0.00	RHB	c Kannan S b Gopal Kanniappan	41833631	1594831	Amiirtham - GTCC Fall league 2025	15	TENNIS
B	19007745	1	Maple Eagles	Pardeep Singh	22	13	3	0	169.23	RHB	c †Santosh Natarajan b Magulan Duraipandian	42485355	1594831	Amiirtham - GTCC Fall league 2025	15	TENNIS
B	19007745	1	Maple Eagles	Amandeep Singh	1	4	0	0	25.00	RHB	c †Santosh Natarajan b Santhosh Rajan	41624226	1594831	Amiirtham - GTCC Fall league 2025	15	TENNIS
B	19007745	1	Maple Eagles	Prabhneet Singh	6	8	0	0	75.00	RHB	b Arun Inpamozhi	40191336	1594831	Amiirtham - GTCC Fall league 2025	15	TENNIS
B	19007745	1	Maple Eagles	Kandarp Suthar	2	5	0	0	40.00	RHB	c Kannan S b Santhosh Rajan	31328000	1594831	Amiirtham - GTCC Fall league 2025	15	TENNIS
B	19007745	1	Maple Eagles	Satwinder Singh	2	4	0	0	50.00	RHB	c Sathish Rajan b Arun Inpamozhi	42515588	1594831	Amiirtham - GTCC Fall league 2025	15	TENNIS
B	19007745	1	Maple Eagles	Jigar Sheth  (c)	11	14	1	0	78.57	RHB	hit wkt b Santhosh Rajan	32879769	1594831	Amiirtham - GTCC Fall league 2025	15	TENNIS
B	19007745	1	Maple Eagles	Shaishav Patel  (wk)	15	6	2	1	250.00	RHB	not out	42419434	1594831	Amiirtham - GTCC Fall league 2025	15	TENNIS
B	19007745	1	Maple Eagles	Jagveer singh	6	4	0	0	150.00	RHB	not out	32886299	1594831	Amiirtham - GTCC Fall league 2025	15	TENNIS
B	19007745	2	Durham Strikers	Gopal Kanniappan	16	15	1	0	106.67	RHB	c †Shaishav Patel b Kandarp Suthar	27728606	1594831	Amiirtham - GTCC Fall league 2025	15	TENNIS
B	19007745	2	Durham Strikers	Yuvaraj Rajendran  (c)	0	3	0	0	0.00	RHB	c Jagveer singh b Amandeep Singh	16168824	1594831	Amiirtham - GTCC Fall league 2025	15	TENNIS
B	19007745	2	Durham Strikers	Kannan S	8	17	0	0	47.06	RHB	c Shubham Acharya b Satwinder Singh	40191943	1594831	Amiirtham - GTCC Fall league 2025	15	TENNIS
B	19007745	2	Durham Strikers	Bilal Salim	3	6	0	0	50.00	RHB	c †Samrat Shira b Shaishav Patel	41655594	1594831	Amiirtham - GTCC Fall league 2025	15	TENNIS
B	19007745	2	Durham Strikers	Santosh Natarajan  (wk)	1	7	0	0	14.29	RHB	c †Samrat Shira b Shaishav Patel	23117493	1594831	Amiirtham - GTCC Fall league 2025	15	TENNIS
B	19007745	2	Durham Strikers	Venkatesh Agneeswaran	3	6	0	0	50.00	RHB	c †Shaishav Patel b Satwinder Singh	23105461	1594831	Amiirtham - GTCC Fall league 2025	15	TENNIS
B	19007745	2	Durham Strikers	Arun Inpamozhi	13	12	0	0	108.33	RHB	not out	16113070	1594831	Amiirtham - GTCC Fall league 2025	15	TENNIS
B	19007745	2	Durham Strikers	Santhosh Rajan	3	4	0	0	75.00	RHB	c †Samrat Shira b Shaishav Patel	23717445	1594831	Amiirtham - GTCC Fall league 2025	15	TENNIS
B	19007745	2	Durham Strikers	Karthik Shivashanmugam Loganathan	0	1	0	0	0.00	RHB	c †Shaishav Patel b Jagveer singh	41670676	1594831	Amiirtham - GTCC Fall league 2025	15	TENNIS
B	19007745	2	Durham Strikers	Sathish Rajan	12	11	1	0	109.09	RHB	run out Pardeep Singh / † Shaishav Patel	41670672	1594831	Amiirtham - GTCC Fall league 2025	15	TENNIS
B	19007745	2	Durham Strikers	Sarathy	0	2	0	0	0.00	RHB	c †Shaishav Patel b Kandarp Suthar	23102239	1594831	Amiirtham - GTCC Fall league 2025	15	TENNIS
B	19007747	1	Taunton Titans	Ishaan Raghav	12	13	1	0	92.31	RHB	c&b Arpit Mecwan	32430873	1594831	Amiirtham - GTCC Fall league 2025	15	TENNIS
B	19007747	1	Taunton Titans	Viren Patel	2	7	0	0	28.57	RHB	c †SYED FASIUDDIN b Seshil Christian	32761692	1594831	Amiirtham - GTCC Fall league 2025	15	TENNIS
B	19007747	1	Taunton Titans	Milan Paliwal	5	10	0	0	50.00	RHB	run out Brian Gohil / Afzal Khan	42153112	1594831	Amiirtham - GTCC Fall league 2025	15	TENNIS
B	19007747	1	Taunton Titans	Tushar	0	2	0	0	0.00	RHB	c Zeeshan Sakander b Arpit Mecwan	42314669	1594831	Amiirtham - GTCC Fall league 2025	15	TENNIS
B	19007747	1	Taunton Titans	santhosh Kotte  (c)	5	14	0	0	35.71	RHB	c Seshil Christian b Afzal Khan	23359672	1594831	Amiirtham - GTCC Fall league 2025	15	TENNIS
B	19007747	1	Taunton Titans	Rohit Kumar	23	22	1	0	104.55	RHB	c Brian Gohil b Seshil Christian	32043677	1594831	Amiirtham - GTCC Fall league 2025	15	TENNIS
B	19007747	1	Taunton Titans	Viney Kashyap  (wk)	9	11	0	0	81.82	RHB	c&b Brian Gohil	32503335	1594831	Amiirtham - GTCC Fall league 2025	15	TENNIS
B	19007747	1	Taunton Titans	Shri Prakash Kunwar	3	3	0	0	100.00	RHB	not out	32801725	1594831	Amiirtham - GTCC Fall league 2025	15	TENNIS
B	19007747	1	Taunton Titans	Harsh Bhatia	3	3	0	0	100.00	RHB	run out Arpit Mecwan / Seshil Christian	31945988	1594831	Amiirtham - GTCC Fall league 2025	15	TENNIS
B	19007747	1	Taunton Titans	Vineet Bhat	2	6	0	0	33.33	RHB	c Zeeshan Sakander b Afzal Khan	41266674	1594831	Amiirtham - GTCC Fall league 2025	15	TENNIS
B	19007747	2	Royal Challengers Bowmanville	SYED FASIUDDIN  (wk)	22	18	4	0	122.22	RHB	c Rohit Kumar b Pramod M	23808709	1594831	Amiirtham - GTCC Fall league 2025	15	TENNIS
B	19007747	2	Royal Challengers Bowmanville	Shoeb Mankar	0	1	0	0	0.00	RHB	c †Viney Kashyap b Vineet Bhat	27669723	1594831	Amiirtham - GTCC Fall league 2025	15	TENNIS
B	19007747	2	Royal Challengers Bowmanville	Omair siddiqui	26	20	3	0	130.00	RHB	c Viren Patel b Pramod M	23645645	1594831	Amiirtham - GTCC Fall league 2025	15	TENNIS
B	19007747	2	Royal Challengers Bowmanville	Brian Gohil	21	14	3	0	150.00	RHB	c Harsh Bhatia b santhosh Kotte	32141157	1594831	Amiirtham - GTCC Fall league 2025	15	TENNIS
B	19007747	2	Royal Challengers Bowmanville	Zeeshan Sakander	5	9	0	0	55.56	LHB	not out	31515491	1594831	Amiirtham - GTCC Fall league 2025	15	TENNIS
B	19007747	2	Royal Challengers Bowmanville	Muhammed Shuaib	0	2	0	0	0.00	RHB	c †Viney Kashyap b santhosh Kotte	42463648	1594831	Amiirtham - GTCC Fall league 2025	15	TENNIS
B	19007747	2	Royal Challengers Bowmanville	Arpit Mecwan	4	3	1	0	133.33	RHB	not out	32351586	1594831	Amiirtham - GTCC Fall league 2025	15	TENNIS
B	19007746	1	Golden City	Parry  (c)	13	12	2	0	108.33	RHB	c AsRar RaHman b Mohammed Salman	38211758	1594831	Amiirtham - GTCC Fall league 2025	15	TENNIS
B	19007746	1	Golden City	Abhy  (wk)	13	10	2	0	130.00	RHB	c Saif Ahmed b Abdul Sajjad	39113369	1594831	Amiirtham - GTCC Fall league 2025	15	TENNIS
B	19007746	1	Golden City	Shaibaz Khan	12	14	1	0	85.71	RHB	c AsRar RaHman b Rajat Sharma	41537512	1594831	Amiirtham - GTCC Fall league 2025	15	TENNIS
B	19007746	1	Golden City	Abhishek Thakur	8	11	1	0	72.73	LHB	c Montu Yadav b Mohammed Salman	39122063	1594831	Amiirtham - GTCC Fall league 2025	15	TENNIS
B	19007746	1	Golden City	Bilal Munir	11	12	0	0	91.67	RHB	c Mohit b AsRar RaHman	41846827	1594831	Amiirtham - GTCC Fall league 2025	15	TENNIS
B	19007746	1	Golden City	Harjot Singh Toor	1	3	0	0	33.33	RHB	c AsRar RaHman b Mohit	41538204	1594831	Amiirtham - GTCC Fall league 2025	15	TENNIS
B	19007746	1	Golden City	Jasraj Singh	0	5	0	0	0.00	RHB	b Mohit	42437530	1594831	Amiirtham - GTCC Fall league 2025	15	TENNIS
B	19007746	1	Golden City	Harpreet Parmar	11	10	1	0	110.00	RHB	run out † saad masood fakhar	42046780	1594831	Amiirtham - GTCC Fall league 2025	15	TENNIS
B	19007746	1	Golden City	Ragu Sharma	8	8	0	0	100.00	RHB	c †saad masood fakhar b Rajat Sharma	39147762	1594831	Amiirtham - GTCC Fall league 2025	15	TENNIS
B	19007746	1	Golden City	Mohit K	0	1	0	0	0.00	RHB	c †saad masood fakhar b Rajat Sharma	39112810	1594831	Amiirtham - GTCC Fall league 2025	15	TENNIS
B	19007746	1	Golden City	Harmeet Singh	2	4	0	0	50.00	RHB	not out	39255428	1594831	Amiirtham - GTCC Fall league 2025	15	TENNIS
B	19007746	2	Toronto Nawabs	Montu Yadav	4	5	1	0	80.00	RHB	c&b Ragu Sharma	42407000	1594831	Amiirtham - GTCC Fall league 2025	15	TENNIS
B	19007746	2	Toronto Nawabs	Saif Ahmed	6	12	0	0	50.00	RHB	c Parry b Jasraj Singh	36678732	1594831	Amiirtham - GTCC Fall league 2025	15	TENNIS
B	19007746	2	Toronto Nawabs	Ali	0	2	0	0	0.00	RHB	c Ragu Sharma b Abhishek Thakur	41766159	1594831	Amiirtham - GTCC Fall league 2025	15	TENNIS
B	19007746	2	Toronto Nawabs	Rajat Sharma	8	12	1	0	66.67	RHB	c Harpreet Parmar b Bilal Munir	32069714	1594831	Amiirtham - GTCC Fall league 2025	15	TENNIS
B	19007746	2	Toronto Nawabs	Mohammed Shareef  (c)	0	3	0	0	0.00	RHB	c Ragu Sharma b Bilal Munir	16147541	1594831	Amiirtham - GTCC Fall league 2025	15	TENNIS
B	19007746	2	Toronto Nawabs	AsRar RaHman	19	25	2	0	76.00	RHB	c Parry b Shaibaz Khan	42406798	1594831	Amiirtham - GTCC Fall league 2025	15	TENNIS
B	19007746	2	Toronto Nawabs	Muddassir Yaseen	0	4	0	0	0.00	RHB	c Jasraj Singh b Harmeet Singh	32068241	1594831	Amiirtham - GTCC Fall league 2025	15	TENNIS
B	19007746	2	Toronto Nawabs	Mohit	0	2	0	0	0.00	RHB	c †Abhy b Harmeet Singh	9302498	1594831	Amiirtham - GTCC Fall league 2025	15	TENNIS
B	19007746	2	Toronto Nawabs	saad masood fakhar  (wk)	5	12	0	0	41.67	RHB	b Shaibaz Khan	32067806	1594831	Amiirtham - GTCC Fall league 2025	15	TENNIS
B	19007746	2	Toronto Nawabs	Mohammed Salman	5	7	0	0	71.43	RHB	b Harmeet Singh	41768685	1594831	Amiirtham - GTCC Fall league 2025	15	TENNIS
B	19007746	2	Toronto Nawabs	Abdul kamil	0	0	0	0	0.00	RHB	not out	42406836	1594831	Amiirtham - GTCC Fall league 2025	15	TENNIS
B	19007748	1	Oshawa Fighters	Madhav	2	3	0	0	66.67	RHB	c Yusuf Ismail Baporia b Rahul Kalra	14174243	1594831	Amiirtham - GTCC Fall league 2025	15	TENNIS
B	19007748	1	Oshawa Fighters	Srinivasu.K	12	21	0	0	57.14	RHB	c †Ronak Patel b Ankit Sumesara	2620753	1594831	Amiirtham - GTCC Fall league 2025	15	TENNIS
B	19007748	1	Oshawa Fighters	Rehan khan	1	7	0	0	14.29	RHB	c †Ronak Patel b Rahul Kalra	24726741	1594831	Amiirtham - GTCC Fall league 2025	15	TENNIS
B	19007748	1	Oshawa Fighters	Venky N	7	15	1	0	46.67	RHB	c Chintan Ahir b Ankit Sumesara	23192278	1594831	Amiirtham - GTCC Fall league 2025	15	TENNIS
B	19007748	1	Oshawa Fighters	Deepak Manukonda	34	19	4	1	178.95	RHB	run out Sarju Patel / Mitalkumar Patel	21933613	1594831	Amiirtham - GTCC Fall league 2025	15	TENNIS
B	19007748	1	Oshawa Fighters	Harsha Settyvari  (wk)	27	17	3	1	158.82	RHB	not out	9081401	1594831	Amiirtham - GTCC Fall league 2025	15	TENNIS
B	19007748	1	Oshawa Fighters	Raj Kiran Anem  	0	1	0	0	0.00	RHB	c Ankit Sumesara b Chintan Ahir	29656739	1594831	Amiirtham - GTCC Fall league 2025	15	TENNIS
B	19007748	1	Oshawa Fighters	Sharath Bodla	2	5	0	0	40.00	RHB	c&b Mitalkumar Patel	23242753	1594831	Amiirtham - GTCC Fall league 2025	15	TENNIS
B	19007748	1	Oshawa Fighters	RamaRao Boyapati	3	2	0	0	150.00	RHB	not out	24281581	1594831	Amiirtham - GTCC Fall league 2025	15	TENNIS
B	19007748	2	Thunder Strikers	Ronak Patel  (wk)	13	12	1	0	108.33	RHB	c Venky N b Deepak Manukonda	40650973	1594831	Amiirtham - GTCC Fall league 2025	15	TENNIS
B	19007748	2	Thunder Strikers	Krunal Patel	5	7	0	0	71.43	RHB	c Deepak Manukonda b RamaRao Boyapati	39332513	1594831	Amiirtham - GTCC Fall league 2025	15	TENNIS
B	19007748	2	Thunder Strikers	Sarju Patel	2	4	0	0	50.00	RHB	c Venky N b Deepak Manukonda	6973298	1594831	Amiirtham - GTCC Fall league 2025	15	TENNIS
B	19007748	2	Thunder Strikers	Kunal Shah	36	32	2	0	112.50	RHB	c Madhav b Deepak Manukonda	15481956	1594831	Amiirtham - GTCC Fall league 2025	15	TENNIS
B	19007748	2	Thunder Strikers	Chintan Ahir	4	6	0	0	66.67	RHB	c †Harsha Settyvari b Raj Kiran Anem  	6269752	1594831	Amiirtham - GTCC Fall league 2025	15	TENNIS
B	19007748	2	Thunder Strikers	Mitalkumar Patel  (c)	3	9	0	0	33.33	RHB	c Deepak Manukonda b Srinivasu.K	30057585	1594831	Amiirtham - GTCC Fall league 2025	15	TENNIS
B	19007748	2	Thunder Strikers	Yusuf Ismail Baporia	3	8	0	0	37.50	RHB	c Madhav b Srinivasu.K	151310	1594831	Amiirtham - GTCC Fall league 2025	15	TENNIS
B	19007748	2	Thunder Strikers	CricHeroes deleted user	13	6	1	1	216.67		not out	31737144	1594831	Amiirtham - GTCC Fall league 2025	15	TENNIS
B	19007748	2	Thunder Strikers	Ankit Sumesara	1	3	0	0	33.33	RHB	not out	39147605	1594831	Amiirtham - GTCC Fall league 2025	15	TENNIS
B	19007750	1	Mavericks	Jijeesh Girija Vijayan	74	37	5	6	200.00	RHB	not out	21760491	1594831	Amiirtham - GTCC Fall league 2025	15	TENNIS
B	19007750	1	Mavericks	Nasakath Shaikkumthodi	50	15	3	6	333.33	RHB	c †Karmuhilan chellakkannu b Uddish Poptani	31273662	1594831	Amiirtham - GTCC Fall league 2025	15	TENNIS
B	19007750	1	Mavericks	Akhil Varghese	0	1	0	0	0.00	RHB	c Sampath Reddy b Uddish Poptani	21088781	1594831	Amiirtham - GTCC Fall league 2025	15	TENNIS
B	19007750	1	Mavericks	Jawas Muhammed	15	6	0	2	250.00	RHB	c †Karmuhilan chellakkannu b Dharmendra Singh parihar	36772056	1594831	Amiirtham - GTCC Fall league 2025	15	TENNIS
B	19007750	1	Mavericks	Ramkumar Pandarathil	21	14	2	1	150.00	RHB	not out	14295929	1594831	Amiirtham - GTCC Fall league 2025	15	TENNIS
B	19007750	2	DSK Friends XI	Sagar Setia	0	1	0	0	0.00	RHB	c Akhil Varghese b Ebin Thankachan	42349907	1594831	Amiirtham - GTCC Fall league 2025	15	TENNIS
B	19007750	2	DSK Friends XI	Sampath Reddy	0	1	0	0	0.00	RHB	c Munawar Mohammed b Daries Antony	31956295	1594831	Amiirtham - GTCC Fall league 2025	15	TENNIS
B	19007750	2	DSK Friends XI	Chaitanya Tummala	4	7	1	0	57.14	LHB	c Jawas Muhammed b Daries Antony	9213048	1594831	Amiirtham - GTCC Fall league 2025	15	TENNIS
B	19007750	2	DSK Friends XI	Balaji Rajasekar  (c)	6	4	1	0	150.00	RHB	c shobith balakrishnan b Daries Antony	9588961	1594831	Amiirtham - GTCC Fall league 2025	15	TENNIS
B	19007750	2	DSK Friends XI	Charan Shekar	12	26	0	0	46.15	RHB	b Munawar Mohammed	6268008	1594831	Amiirtham - GTCC Fall league 2025	15	TENNIS
B	19007750	2	DSK Friends XI	Karmuhilan chellakkannu  (wk)	19	15	1	1	126.67	RHB	c Ramkumar Pandarathil b Bala Santhosam	39647385	1594831	Amiirtham - GTCC Fall league 2025	15	TENNIS
B	19007750	2	DSK Friends XI	Dharmendra Singh parihar	0	1	0	0	0.00	RHB	c Daries Antony b Bala Santhosam	23337498	1594831	Amiirtham - GTCC Fall league 2025	15	TENNIS
B	19007750	2	DSK Friends XI	Rajesh Babu Gangula	0	2	0	0	0.00	RHB	c shobith balakrishnan b Jawas Muhammed	30013922	1594831	Amiirtham - GTCC Fall league 2025	15	TENNIS
B	19007750	2	DSK Friends XI	Balaji Vijayakumar	19	16	4	0	118.75	RHB	not out	23028656	1594831	Amiirtham - GTCC Fall league 2025	15	TENNIS
B	19007750	2	DSK Friends XI	Yuvaraj Palanisamy	1	2	0	0	50.00	RHB	not out	23028369	1594831	Amiirtham - GTCC Fall league 2025	15	TENNIS
B	19007751	1	TCF	Srikanth Reddy P	6	24	1	0	25.00	RHB	b Arun Baby	9118169	1594831	Amiirtham - GTCC Fall league 2025	15	TENNIS
B	19007751	1	TCF	Teja Kokkula  (wk)	6	7	1	0	85.71	RHB	c Jose Cherian b Digil davis	14055267	1594831	Amiirtham - GTCC Fall league 2025	15	TENNIS
B	19007751	1	TCF	Abhinay	68	42	2	6	161.90	RHB	not out	104346	1594831	Amiirtham - GTCC Fall league 2025	15	TENNIS
B	19007751	1	TCF	Varun Kakubal	30	19	2	3	157.89	LHB	run out Digil davis / Jinto Eliyas	23206427	1594831	Amiirtham - GTCC Fall league 2025	15	TENNIS
B	19007751	1	TCF	Sudheer Aki	0	0	0	0	0.00	RHB	not out	14762522	1594831	Amiirtham - GTCC Fall league 2025	15	TENNIS
B	19007751	2	Maratha Warriors - GTCC	Vivin Thomas	22	13	3	1	169.23	RHB	b Praveen Reddy	21919124	1594831	Amiirtham - GTCC Fall league 2025	15	TENNIS
B	19007751	2	Maratha Warriors - GTCC	Chetan	0	0	0	0	0.00	RHB	run out Akhil Reddy	22115674	1594831	Amiirtham - GTCC Fall league 2025	15	TENNIS
B	19007751	2	Maratha Warriors - GTCC	Digil davis	0	1	0	0	0.00	RHB	c †Teja Kokkula b Akhil Reddy	21961653	1594831	Amiirtham - GTCC Fall league 2025	15	TENNIS
B	19007751	2	Maratha Warriors - GTCC	Sai Prakash Balamandakottam	1	6	0	0	16.67	RHB	b Sudheer Aki	9729000	1594831	Amiirtham - GTCC Fall league 2025	15	TENNIS
B	19007751	2	Maratha Warriors - GTCC	Jinto Eliyas	13	12	1	1	108.33	LHB	c Sankethreddy b Sudheer Aki	21834838	1594831	Amiirtham - GTCC Fall league 2025	15	TENNIS
B	19007751	2	Maratha Warriors - GTCC	Josmy Manuel	7	12	0	0	58.33	RHB	c Abhinay b Varun Kakubal	20873909	1594831	Amiirtham - GTCC Fall league 2025	15	TENNIS
B	19007751	2	Maratha Warriors - GTCC	Vineesh  M	22	11	4	1	200.00	RHB	run out Sudheer Aki	27672383	1594831	Amiirtham - GTCC Fall league 2025	15	TENNIS
B	19007751	2	Maratha Warriors - GTCC	Chandan Ramesh	8	8	1	0	100.00	RHB	c Varun Kakubal b Akhil Reddy	23042421	1594831	Amiirtham - GTCC Fall league 2025	15	TENNIS
B	19007751	2	Maratha Warriors - GTCC	Anu Krishnan	10	8	1	0	125.00	RHB	not out	9017665	1594831	Amiirtham - GTCC Fall league 2025	15	TENNIS
B	19007751	2	Maratha Warriors - GTCC	Arun Baby	6	6	1	0	100.00	RHB	c Abhinay b JayaKrishna Gujjari	27672366	1594831	Amiirtham - GTCC Fall league 2025	15	TENNIS
B	19007751	2	Maratha Warriors - GTCC	Jishnu Ravi	4	2	1	0	200.00	RHB	c Akhil Reddy b JayaKrishna Gujjari	18891880	1594831	Amiirtham - GTCC Fall league 2025	15	TENNIS
B	19007749	1	Durham United	Karan Singh	1	5	0	0	20.00	RHB	b Vijay Barve	40567977	1594831	Amiirtham - GTCC Fall league 2025	15	TENNIS
B	19007749	1	Durham United	Abhishek Koneri	17	17	0	1	100.00	RHB	c Ankur Agarwal b Mufiz Munshi	9779769	1594831	Amiirtham - GTCC Fall league 2025	15	TENNIS
B	19007749	1	Durham United	Gaurav Malik	2	10	0	0	20.00	RHB	c †Shyam Maheshwari b Mufiz Munshi	31217411	1594831	Amiirtham - GTCC Fall league 2025	15	TENNIS
B	19007749	1	Durham United	Utkarsh Siingh	7	5	1	0	140.00	LHB	b Ravish Sharma	15282905	1594831	Amiirtham - GTCC Fall league 2025	15	TENNIS
B	19007749	1	Durham United	Nikhil Tyagi	4	8	0	0	50.00	LHB	b Patel dev	169825	1594831	Amiirtham - GTCC Fall league 2025	15	TENNIS
B	19007749	1	Durham United	Jay Ray	0	4	0	0	0.00	RHB	c Rohan Chadha b Mufiz Munshi	21592545	1594831	Amiirtham - GTCC Fall league 2025	15	TENNIS
B	19007749	1	Durham United	Girish Shivnani  (c)	0	1	0	0	0.00	RHB	c Rohan Chadha b Mufiz Munshi	5624526	1594831	Amiirtham - GTCC Fall league 2025	15	TENNIS
B	19007749	1	Durham United	Mohit Palkar	15	17	1	0	88.24	RHB	c Vijay Barve b Ravish Sharma	30088867	1594831	Amiirtham - GTCC Fall league 2025	15	TENNIS
B	19007749	1	Durham United	Nikhil Rana	36	22	2	3	163.64	RHB	not out	32554738	1594831	Amiirtham - GTCC Fall league 2025	15	TENNIS
B	19007749	1	Durham United	Amitkumar Gupta  (wk)	1	1	0	0	100.00	RHB	not out	40436326	1594831	Amiirtham - GTCC Fall league 2025	15	TENNIS
B	19007749	2	Avengers	Ankur Agarwal	2	2	0	0	100.00	LHB	c Mohit Palkar b Parth Parekh	42350503	1594831	Amiirtham - GTCC Fall league 2025	15	TENNIS
B	19007749	2	Avengers	Mufiz Munshi	0	3	0	0	0.00	RHB	c †Amitkumar Gupta b Nikhil Rana	32430389	1594831	Amiirtham - GTCC Fall league 2025	15	TENNIS
B	19007749	2	Avengers	Vijay Barve	12	15	1	0	80.00	RHB	c Jay Ray b Utkarsh Siingh	22417217	1594831	Amiirtham - GTCC Fall league 2025	15	TENNIS
B	19007749	2	Avengers	Ravish Sharma	0	1	0	0	0.00	RHB	c †Amitkumar Gupta b Nikhil Rana	42374685	1594831	Amiirtham - GTCC Fall league 2025	15	TENNIS
B	19007749	2	Avengers	Rohan Chadha	0	2	0	0	0.00	RHB	c †Amitkumar Gupta b Nikhil Rana	42515675	1594831	Amiirtham - GTCC Fall league 2025	15	TENNIS
B	19007749	2	Avengers	Gursimran Chauhan  (c)	4	7	0	0	57.14	RHB	c Akash Bhalla b Jay Ray	42350491	1594831	Amiirtham - GTCC Fall league 2025	15	TENNIS
B	19007749	2	Avengers	Zul Qazi	0	4	0	0	0.00	RHB	c Girish Shivnani b Jay Ray	23053658	1594831	Amiirtham - GTCC Fall league 2025	15	TENNIS
B	19007749	2	Avengers	CHINTAN PATEL	2	4	0	0	50.00	RHB	not out	42396014	1594831	Amiirtham - GTCC Fall league 2025	15	TENNIS
B	19007749	2	Avengers	Shyam Maheshwari  (wk)	0	3	0	0	0.00	RHB	run out Girish Shivnani / Utkarsh Siingh	16694652	1594831	Amiirtham - GTCC Fall league 2025	15	TENNIS
B	19007749	2	Avengers	Patel dev	1	4	0	0	25.00	RHB	c Parth Parekh b Jay Ray	42350499	1594831	Amiirtham - GTCC Fall league 2025	15	TENNIS
B	19007749	2	Avengers	Thejas Shrivathsan	0	2	0	0	0.00	RHB	b Jay Ray	42406650	1594831	Amiirtham - GTCC Fall league 2025	15	TENNIS
B	19007753	1	Panjab XI	Arpan Singh	8	11	1	0	72.73	RHB	c Irfan Mohammed b Faisal Khan	31040706	1594831	Amiirtham - GTCC Fall league 2025	15	TENNIS
B	19007753	1	Panjab XI	Sukhpal Singh	10	11	2	0	90.91	RHB	c Mohammed Ateeq b Hassan khulaidi	40841211	1594831	Amiirtham - GTCC Fall league 2025	15	TENNIS
B	19007753	1	Panjab XI	Sanjiv sharma	17	12	2	1	141.67	RHB	b Faisal Khan	39683013	1594831	Amiirtham - GTCC Fall league 2025	15	TENNIS
B	19007753	1	Panjab XI	Sadik Mehta	0	1	0	0	0.00	RHB	c Hassan khulaidi b Sam	42384572	1594831	Amiirtham - GTCC Fall league 2025	15	TENNIS
B	19007753	1	Panjab XI	Pawan Khaira  (wk)	28	19	0	2	147.37	RHB	b Mohammed Emad	32888366	1594831	Amiirtham - GTCC Fall league 2025	15	TENNIS
B	19007753	1	Panjab XI	Thakur  (c)	2	6	0	0	33.33	RHB	c †Irfan Mohammed b Faisal Khan	40807678	1594831	Amiirtham - GTCC Fall league 2025	15	TENNIS
B	19007753	1	Panjab XI	Surjeet Singh	56	27	3	6	207.41	LHB	not out	38766896	1594831	Amiirtham - GTCC Fall league 2025	15	TENNIS
B	19007753	1	Panjab XI	Sunny Bains	2	3	0	0	66.67	RHB	not out	40808518	1594831	Amiirtham - GTCC Fall league 2025	15	TENNIS
B	19007753	2	Downtown Hunterz	Mohammed kaif	19	11	3	0	172.73	RHB	c Thakur b Sanjiv sharma	39542771	1594831	Amiirtham - GTCC Fall league 2025	15	TENNIS
B	19007753	2	Downtown Hunterz	Mir Mujahed Ali	2	5	0	0	40.00	RHB	c †Pawan Khaira b Sukhpal Singh	16147525	1594831	Amiirtham - GTCC Fall league 2025	15	TENNIS
B	19007753	2	Downtown Hunterz	Mohammed Ateeq	29	29	4	1	100.00	LHB	b Sanjiv sharma	18497213	1594831	Amiirtham - GTCC Fall league 2025	15	TENNIS
B	19007753	2	Downtown Hunterz	Irfan Mohammed  (wk)	19	12	1	2	158.33	RHB	b Sanjiv sharma	15608701	1594831	Amiirtham - GTCC Fall league 2025	15	TENNIS
B	19007753	2	Downtown Hunterz	Faisal Yafai  (c)	0	1	0	0	0.00	RHB	c Surjeet Singh b Sanjiv sharma	10200084	1594831	Amiirtham - GTCC Fall league 2025	15	TENNIS
B	19007753	2	Downtown Hunterz	Hassan khulaidi	1	6	0	0	16.67	RHB	c †Pawan Khaira b Surjeet Singh	31856676	1594831	Amiirtham - GTCC Fall league 2025	15	TENNIS
B	19007753	2	Downtown Hunterz	Akram khan	15	11	2	0	136.36	LHB	c Sukhpal Singh b Arpan Singh	31095416	1594831	Amiirtham - GTCC Fall league 2025	15	TENNIS
B	19007753	2	Downtown Hunterz	Sam	0	1	0	0	0.00	RHB	c †Pawan Khaira b Sanjiv sharma	42529904	1594831	Amiirtham - GTCC Fall league 2025	15	TENNIS
B	19007753	2	Downtown Hunterz	MOHAMMED MANNAN ALI	1	2	0	0	50.00	RHB	c Sanjiv sharma b Sadik Mehta	41759501	1594831	Amiirtham - GTCC Fall league 2025	15	TENNIS
B	19007753	2	Downtown Hunterz	Mohammed munawar ali	3	5	0	0	60.00	RHB	not out	31861656	1594831	Amiirtham - GTCC Fall league 2025	15	TENNIS
B	19007753	2	Downtown Hunterz	Mohammed Emad	0	2	0	0	0.00	RHB	c Sunny Bains b Arpan Singh	31856679	1594831	Amiirtham - GTCC Fall league 2025	15	TENNIS
B	19007752	1	Team Manjummel	Junaid khan	22	13	1	2	169.23	RHB	c Vigneshwar Reddy b Jayakumar Narayanasamy	42504301	1594831	Amiirtham - GTCC Fall league 2025	15	TENNIS
B	19007752	1	Team Manjummel	Sampath kumar madala  (wk)	18	19	1	1	94.74	RHB	c&b Mani Asron	15283339	1594831	Amiirtham - GTCC Fall league 2025	15	TENNIS
B	19007752	1	Team Manjummel	Mahendra Pullaganti	25	23	3	0	108.70	RHB	c Akuraju b Praveen Pesala	29518729	1594831	Amiirtham - GTCC Fall league 2025	15	TENNIS
B	19007752	1	Team Manjummel	Tharun kumar Jalli	11	7	1	1	157.14	RHB	c †Raja Sekhar Reddy Gantla b Lovepreet Singh	29519121	1594831	Amiirtham - GTCC Fall league 2025	15	TENNIS
B	19007752	1	Team Manjummel	Nagarjuna Ambati	0	3	0	0	0.00	RHB	c Mani Asron b Lovepreet Singh	15349761	1594831	Amiirtham - GTCC Fall league 2025	15	TENNIS
B	19007752	1	Team Manjummel	Vinod Goud Boyapalli	51	15	1	6	340.00	RHB	run out Akuraju / † Raja Sekhar Reddy Gantla	32071427	1594831	Amiirtham - GTCC Fall league 2025	15	TENNIS
B	19007752	1	Team Manjummel	Nikhil battula	1	4	0	0	25.00	RHB	c&b Jayakumar Narayanasamy	32301207	1594831	Amiirtham - GTCC Fall league 2025	15	TENNIS
B	19007752	1	Team Manjummel	Vinod Inala	3	4	0	0	75.00	RHB	c Ayaan Shaikh b Akuraju	39414722	1594831	Amiirtham - GTCC Fall league 2025	15	TENNIS
B	19007752	1	Team Manjummel	Mahesh	0	3	0	0	0.00	RHB	not out	10267833	1594831	Amiirtham - GTCC Fall league 2025	15	TENNIS
B	19007752	2	FERAL XI	Santhosh M	20	14	3	1	142.86	RHB	run out Mahesh	15283061	1594831	Amiirtham - GTCC Fall league 2025	15	TENNIS
B	19007752	2	FERAL XI	Lovepreet Singh	4	6	0	0	66.67	RHB	b NIRANJAN GOTTIPATI	42402918	1594831	Amiirtham - GTCC Fall league 2025	15	TENNIS
B	19007752	2	FERAL XI	Mani Asron	4	6	0	0	66.67	RHB	c Nagarjuna Ambati b Junaid khan	7371163	1594831	Amiirtham - GTCC Fall league 2025	15	TENNIS
B	19007752	2	FERAL XI	Praveen Pesala	4	10	0	0	40.00	RHB	c NIRANJAN GOTTIPATI b Vinod Goud Boyapalli	39707329	1594831	Amiirtham - GTCC Fall league 2025	15	TENNIS
B	19007752	2	FERAL XI	Varun Jampani	12	13	1	0	92.31	RHB	c †Sampath kumar madala b Nikhil battula	15282785	1594831	Amiirtham - GTCC Fall league 2025	15	TENNIS
B	19007752	2	FERAL XI	Akuraju	2	4	0	0	50.00	RHB	run out Tharun kumar Jalli / Vinod Goud Boyapalli	42519051	1594831	Amiirtham - GTCC Fall league 2025	15	TENNIS
B	19007752	2	FERAL XI	Jayakumar Narayanasamy	0	1	0	0	0.00	RHB	b Vinod Goud Boyapalli	32071080	1594831	Amiirtham - GTCC Fall league 2025	15	TENNIS
B	19007752	2	FERAL XI	Balkar singh	13	7	1	1	185.71	RHB	b Vinod Goud Boyapalli	41693676	1594831	Amiirtham - GTCC Fall league 2025	15	TENNIS
B	19007752	2	FERAL XI	Kushal Reddy  (c)	17	7	1	2	242.86	RHB	c Nikhil battula b NIRANJAN GOTTIPATI	15283637	1594831	Amiirtham - GTCC Fall league 2025	15	TENNIS
B	19007752	2	FERAL XI	Raja Sekhar Reddy Gantla  (wk)	1	3	0	0	33.33	RHB	run out Tharun kumar Jalli / † Sampath kumar madala	15282981	1594831	Amiirtham - GTCC Fall league 2025	15	TENNIS
B	19007752	2	FERAL XI	Vigneshwar Reddy	5	4	1	0	125.00	RHB	not out	15282856	1594831	Amiirtham - GTCC Fall league 2025	15	TENNIS
B	19007754	1	Bowmanville Cricket Club	Eshwar R Sabbella	10	7	2	0	142.86	RHB	b Anudeep Kona	31848857	1594831	Amiirtham - GTCC Fall league 2025	15	TENNIS
B	19007754	1	Bowmanville Cricket Club	Kiran Gunnala  (c)	8	7	1	0	114.29	RHB	c Prudhvi b Anudeep Kona	30049430	1594831	Amiirtham - GTCC Fall league 2025	15	TENNIS
B	19007754	1	Bowmanville Cricket Club	Dalbir	0	11	0	0	0.00	RHB	b Anudeep Kona	23178622	1594831	Amiirtham - GTCC Fall league 2025	15	TENNIS
B	19007754	1	Bowmanville Cricket Club	Ritesh Vats	14	13	2	0	107.69	LHB	c Anudeep Kona b Vishnu Raj	30873931	1594831	Amiirtham - GTCC Fall league 2025	15	TENNIS
B	19007754	1	Bowmanville Cricket Club	Santhosh Reddy Karra	3	5	0	0	60.00	RHB	c †Prudhvi b Subbu Pakalapati	42511164	1594831	Amiirtham - GTCC Fall league 2025	15	TENNIS
B	19007754	1	Bowmanville Cricket Club	Saikiran Patllola	4	10	0	0	40.00	RHB	b Vishnu Raj	31235773	1594831	Amiirtham - GTCC Fall league 2025	15	TENNIS
B	19007754	1	Bowmanville Cricket Club	Md Shah Alam	16	18	0	1	88.89	RHB	c Anil Sunkara b Vishnu Raj	30090432	1594831	Amiirtham - GTCC Fall league 2025	15	TENNIS
B	19007754	1	Bowmanville Cricket Club	Anshul	1	10	0	0	10.00	RHB	c Harish Pannala(TPG) b Anil Sunkara	42344608	1594831	Amiirtham - GTCC Fall league 2025	15	TENNIS
B	19007754	1	Bowmanville Cricket Club	Raj M	4	8	0	0	50.00	RHB	c †Prudhvi b Anudeep Kona	29716903	1594831	Amiirtham - GTCC Fall league 2025	15	TENNIS
B	19007754	1	Bowmanville Cricket Club	Naresh Parimi	0	0	0	0	0.00	RHB	not out	40119328	1594831	Amiirtham - GTCC Fall league 2025	15	TENNIS
B	19007754	1	Bowmanville Cricket Club	Venkata Kiran. M	0	3	0	0	0.00	RHB	run out † Prudhvi	23092496	1594831	Amiirtham - GTCC Fall league 2025	15	TENNIS
B	19007754	2	Trailblazers	Abdul Aziz	16	6	2	1	266.67	RHB	c Md Shah Alam b Ritesh Vats	22862830	1594831	Amiirtham - GTCC Fall league 2025	15	TENNIS
B	19007754	2	Trailblazers	Santosh Cheruku	0	2	0	0	0.00	RHB	c Santhosh Reddy Karra b Md Shah Alam	15282824	1594831	Amiirtham - GTCC Fall league 2025	15	TENNIS
B	19007754	2	Trailblazers	Phani	3	9	0	0	33.33	RHB	run out Saikiran Patllola / Venkata Kiran. M	132317	1594831	Amiirtham - GTCC Fall league 2025	15	TENNIS
B	19007754	2	Trailblazers	Anil Sunkara	37	15	2	4	246.67	RHB	not out	3913067	1594831	Amiirtham - GTCC Fall league 2025	15	TENNIS
B	19007754	2	Trailblazers	Prudhvi  (wk)	6	16	0	0	37.50	RHB	not out	31235771	1594831	Amiirtham - GTCC Fall league 2025	15	TENNIS
B	19007755	1	North Stars T15 Fall League 2025	Gautham Krishnaprasad  (wk)	30	34	2	0	88.24	RHB	retired hurt	41973015	1594831	Amiirtham - GTCC Fall league 2025	15	TENNIS
B	19007755	1	North Stars T15 Fall League 2025	Sahil	11	16	1	0	68.75	LHB	c Tarundeep Sehgal b Seethamraju Pavan	1595797	1594831	Amiirtham - GTCC Fall league 2025	15	TENNIS
B	19007755	1	North Stars T15 Fall League 2025	Jaideep (JD)  (c)	22	16	2	0	137.50	RHB	c Tarundeep Sehgal b Brijesh Shivam	9081230	1594831	Amiirtham - GTCC Fall league 2025	15	TENNIS
B	19007755	1	North Stars T15 Fall League 2025	Hardik Gohil	5	5	1	0	100.00	RHB	c Kvs Narayana b Sai Kiran Dande	31945568	1594831	Amiirtham - GTCC Fall league 2025	15	TENNIS
B	19007755	1	North Stars T15 Fall League 2025	Raghavendra Naik	5	6	1	0	83.33	RHB	c Barani S b YOGEESHA NAIK	15832543	1594831	Amiirtham - GTCC Fall league 2025	15	TENNIS
B	19007755	1	North Stars T15 Fall League 2025	Nilay Shah	12	7	1	0	171.43	RHB	not out	31954578	1594831	Amiirtham - GTCC Fall league 2025	15	TENNIS
B	19007755	1	North Stars T15 Fall League 2025	CricHeroes deleted user	3	3	0	0	100.00		c Sai Kiran Dande b Barani S	33410222	1594831	Amiirtham - GTCC Fall league 2025	15	TENNIS
B	19007755	1	North Stars T15 Fall League 2025	Srikanth Lahoti	5	3	1	0	166.67	RHB	not out	4155955	1594831	Amiirtham - GTCC Fall league 2025	15	TENNIS
B	19007755	2	Invincible Trailblazers	Tarundeep Sehgal	4	6	0	0	66.67	RHB	c Srikanth Lahoti b Nikhil T	11337258	1594831	Amiirtham - GTCC Fall league 2025	15	TENNIS
B	19007755	2	Invincible Trailblazers	Kvs Narayana	22	30	3	0	73.33	RHB	b Nilay Shah	13816654	1594831	Amiirtham - GTCC Fall league 2025	15	TENNIS
B	19007755	2	Invincible Trailblazers	Sai Kiran Dande  (c)	8	4	0	1	200.00	RHB	c Gautham Krishnaprasad b CricHeroes deleted user	5259750	1594831	Amiirtham - GTCC Fall league 2025	15	TENNIS
B	19007755	2	Invincible Trailblazers	Aftab	2	3	0	0	66.67	RHB	c †Gautham Krishnaprasad b CricHeroes deleted user	1541269	1594831	Amiirtham - GTCC Fall league 2025	15	TENNIS
B	19007755	2	Invincible Trailblazers	Brijesh Shivam	8	3	2	0	266.67	LHB	run out Raghavendra Naik	2113085	1594831	Amiirtham - GTCC Fall league 2025	15	TENNIS
B	19007755	2	Invincible Trailblazers	Seethamraju Pavan	22	22	1	0	100.00	LHB	not out	460319	1594831	Amiirtham - GTCC Fall league 2025	15	TENNIS
B	19007755	2	Invincible Trailblazers	Viraj	33	16	0	4	206.25	RHB	not out	4143349	1594831	Amiirtham - GTCC Fall league 2025	15	TENNIS
B	19007756	1	Golden City	Parry  (c)	21	17	2	1	123.53	RHB	c Naresh Parimi b Ritesh Vats	38211758	1594831	Amiirtham - GTCC Fall league 2025	15	TENNIS
B	19007756	1	Golden City	Abhy  (wk)	36	25	0	5	144.00	RHB	c KUNWAR S b Ritesh Vats	39113369	1594831	Amiirtham - GTCC Fall league 2025	15	TENNIS
B	19007756	1	Golden City	Shaibaz Khan	3	6	0	0	50.00	RHB	c Ashok Karpurapu b Ritesh Vats	41537512	1594831	Amiirtham - GTCC Fall league 2025	15	TENNIS
B	19007756	1	Golden City	Abhishek Thakur	7	3	0	1	233.33	LHB	c Eshwar R Sabbella b Naresh Parimi	39122063	1594831	Amiirtham - GTCC Fall league 2025	15	TENNIS
B	19007756	1	Golden City	Sarbjeet Singh	17	18	1	1	94.44	RHB	not out	39121302	1594831	Amiirtham - GTCC Fall league 2025	15	TENNIS
B	19007756	1	Golden City	Jasraj Singh	22	13	1	2	169.23	RHB	c KUNWAR S b Naresh Parimi	42437530	1594831	Amiirtham - GTCC Fall league 2025	15	TENNIS
B	19007756	1	Golden City	Harjot Singh Toor	20	7	0	3	285.71	RHB	c †Kiran G b Ritesh Vats	41538204	1594831	Amiirtham - GTCC Fall league 2025	15	TENNIS
B	19007756	1	Golden City	Harpreet Parmar	5	2	0	0	250.00	RHB	run out Md Shah Alam / Ritesh Vats	42046780	1594831	Amiirtham - GTCC Fall league 2025	15	TENNIS
B	19007756	2	Bowmanville Cricket Club	KUNWAR S	0	3	0	0	0.00	RHB	c Jasraj Singh b Ragu Sharma	10138673	1594831	Amiirtham - GTCC Fall league 2025	15	TENNIS
B	19007756	2	Bowmanville Cricket Club	Eshwar R Sabbella	15	7	0	2	214.29	RHB	c&b Ragu Sharma	31848857	1594831	Amiirtham - GTCC Fall league 2025	15	TENNIS
B	19007756	2	Bowmanville Cricket Club	Kiran G  (c & wk)	2	9	0	0	22.22	RHB	run out Harmeet Singh / Abhy	30049430	1594831	Amiirtham - GTCC Fall league 2025	15	TENNIS
B	19007756	2	Bowmanville Cricket Club	Ashok Karpurapu	4	9	0	0	44.44	RHB	c Jasraj Singh b Harmeet Singh	31217903	1594831	Amiirtham - GTCC Fall league 2025	15	TENNIS
B	19007756	2	Bowmanville Cricket Club	Ritesh Vats	11	12	2	0	91.67	LHB	c Ragu Sharma b Mohit K	30873931	1594831	Amiirtham - GTCC Fall league 2025	15	TENNIS
B	19007756	2	Bowmanville Cricket Club	Md Shah Alam	20	17	0	2	117.65	RHB	c Mohit K b Shaibaz Khan	30090432	1594831	Amiirtham - GTCC Fall league 2025	15	TENNIS
B	19007756	2	Bowmanville Cricket Club	Anshul	13	18	0	1	72.22	RHB	c Abhishek Thakur b Mohit K	42344608	1594831	Amiirtham - GTCC Fall league 2025	15	TENNIS
B	19007756	2	Bowmanville Cricket Club	Raj M	2	2	0	0	100.00	RHB	not out	29716903	1594831	Amiirtham - GTCC Fall league 2025	15	TENNIS
B	19007756	2	Bowmanville Cricket Club	Venkata Kiran. M	2	2	0	0	100.00	RHB	c Sarbjeet Singh b Shaibaz Khan	23092496	1594831	Amiirtham - GTCC Fall league 2025	15	TENNIS
B	19007756	2	Bowmanville Cricket Club	Naresh Parimi	1	3	0	0	33.33	RHB	c †Abhy b Ragu Sharma	40119328	1594831	Amiirtham - GTCC Fall league 2025	15	TENNIS
B	19007756	2	Bowmanville Cricket Club	Farooq mohammed	0	4	0	0	0.00	RHB	b Ragu Sharma	42531402	1594831	Amiirtham - GTCC Fall league 2025	15	TENNIS
B	19007757	1	Team Manjummel	Sampath kumar madala  (wk)	24	11	2	2	218.18	RHB	c Ankur Agarwal b Ravish Sharma	15283339	1594831	Amiirtham - GTCC Fall league 2025	15	TENNIS
B	19007757	1	Team Manjummel	Mahendra Pullaganti	38	33	3	3	115.15	RHB	c Ankur Agarwal b Ravish Sharma	29518729	1594831	Amiirtham - GTCC Fall league 2025	15	TENNIS
B	19007757	1	Team Manjummel	Nagarjuna Ambati	0	1	0	0	0.00	RHB	c Gaurav Dhir b Ravish Sharma	15349761	1594831	Amiirtham - GTCC Fall league 2025	15	TENNIS
B	19007757	1	Team Manjummel	Vinod Goud Boyapalli	34	21	4	2	161.90	RHB	c †Shyam Maheshwari b Gursimran Chauhan	32071427	1594831	Amiirtham - GTCC Fall league 2025	15	TENNIS
B	19007757	1	Team Manjummel	Tharun kumar Jalli	48	16	2	5	300.00	RHB	not out	29519121	1594831	Amiirtham - GTCC Fall league 2025	15	TENNIS
B	19007757	1	Team Manjummel	Mahesh	9	8	0	1	112.50	RHB	not out	10267833	1594831	Amiirtham - GTCC Fall league 2025	15	TENNIS
B	19007757	2	Avengers	Dhruvrajsinh Vaghela	5	11	0	0	45.45	RHB	b Srikanth Kommineni	42373842	1594831	Amiirtham - GTCC Fall league 2025	15	TENNIS
B	19007757	2	Avengers	Gursimran Chauhan  (c)	7	6	0	1	116.67	RHB	c Srikanth Kommineni b NIRANJAN GOTTIPATI	42350491	1594831	Amiirtham - GTCC Fall league 2025	15	TENNIS
B	19007757	2	Avengers	Ravish Sharma	3	5	0	0	60.00	RHB	c †Sampath kumar madala b NIRANJAN GOTTIPATI	42374685	1594831	Amiirtham - GTCC Fall league 2025	15	TENNIS
B	19007757	2	Avengers	Ankur Agarwal	0	2	0	0	0.00	LHB	c Mahendra Pullaganti b Srikanth Kommineni	42350503	1594831	Amiirtham - GTCC Fall league 2025	15	TENNIS
B	19007757	2	Avengers	Zul Qazi	12	15	1	0	80.00	RHB	c&b Surya Vegi	23053658	1594831	Amiirtham - GTCC Fall league 2025	15	TENNIS
B	19007757	2	Avengers	Mufiz Munshi	2	4	0	0	50.00	RHB	c&b Vinod Goud Boyapalli	32430389	1594831	Amiirtham - GTCC Fall league 2025	15	TENNIS
B	19007757	2	Avengers	Shyam Maheshwari  (wk)	23	11	3	1	209.09	RHB	c †Sampath kumar madala b Nikhil battula	16694652	1594831	Amiirtham - GTCC Fall league 2025	15	TENNIS
B	19007757	2	Avengers	Gaurav Dhir	3	3	0	0	100.00	RHB	c Mahendra Pullaganti b Nikhil battula	9210009	1594831	Amiirtham - GTCC Fall league 2025	15	TENNIS
B	19007757	2	Avengers	Patel dev	1	3	0	0	33.33	RHB	c Sampath kumar madala b Srikanth Kommineni	42350499	1594831	Amiirtham - GTCC Fall league 2025	15	TENNIS
B	19007757	2	Avengers	CHINTAN PATEL	1	3	0	0	33.33	RHB	c †Sampath kumar madala b Srikanth Kommineni	42396014	1594831	Amiirtham - GTCC Fall league 2025	15	TENNIS
B	19007757	2	Avengers	Thejas Shrivathsan	1	2	0	0	50.00	RHB	not out	42406650	1594831	Amiirtham - GTCC Fall league 2025	15	TENNIS
B	19007758	1	Whitby Thunderbolts Gtcc fall	Jaswanth Reddy	7	4	0	1	175.00	RHB	c&b Utkarsh Siingh	22732988	1594831	Amiirtham - GTCC Fall league 2025	15	TENNIS
B	19007758	1	Whitby Thunderbolts Gtcc fall	Venkata Balaji Balabha Drapatruni	6	11	0	0	54.55	LHB	c Girish Shivnani b Utkarsh Siingh	23656575	1594831	Amiirtham - GTCC Fall league 2025	15	TENNIS
B	19007758	1	Whitby Thunderbolts Gtcc fall	Junaid Usmani  (wk)	8	7	0	1	114.29	RHB	c Hardip Vasava b Utkarsh Siingh	15998322	1594831	Amiirtham - GTCC Fall league 2025	15	TENNIS
B	19007758	1	Whitby Thunderbolts Gtcc fall	Dileep Nannore	43	40	5	1	107.50	RHB	c Nikhil Rana b Baljinder Singh	15992998	1594831	Amiirtham - GTCC Fall league 2025	15	TENNIS
B	19007758	1	Whitby Thunderbolts Gtcc fall	Naren C	21	18	1	1	116.67	RHB	c&b Nikhil Rana	24254648	1594831	Amiirtham - GTCC Fall league 2025	15	TENNIS
B	19007758	1	Whitby Thunderbolts Gtcc fall	Santhosh Gangu	6	8	0	0	75.00	RHB	not out	23656534	1594831	Amiirtham - GTCC Fall league 2025	15	TENNIS
B	19007758	1	Whitby Thunderbolts Gtcc fall	Varun Kumar	2	1	0	0	200.00	RHB	run out Pulkit Malhotra / Mohit Palkar	22794738	1594831	Amiirtham - GTCC Fall league 2025	15	TENNIS
B	19007758	1	Whitby Thunderbolts Gtcc fall	Shravan Popuri	1	1	0	0	100.00	RHB	not out	24281583	1594831	Amiirtham - GTCC Fall league 2025	15	TENNIS
B	19007758	2	Durham United	Mohit Palkar	4	5	1	0	80.00	RHB	c †Junaid Usmani b Kiran Chigiri	30088867	1594831	Amiirtham - GTCC Fall league 2025	15	TENNIS
B	19007758	2	Durham United	Abhishek Koneri	47	32	3	3	146.88	RHB	c †Junaid Usmani b Dileep Nannore	9779769	1594831	Amiirtham - GTCC Fall league 2025	15	TENNIS
B	19007758	2	Durham United	Pulkit Malhotra	0	3	0	0	0.00	RHB	c †Junaid Usmani b Naren C	30168192	1594831	Amiirtham - GTCC Fall league 2025	15	TENNIS
B	19007758	2	Durham United	Prateek Jain	8	11	0	0	72.73	RHB	b Venkata Balaji Balabha Drapatruni	40568075	1594831	Amiirtham - GTCC Fall league 2025	15	TENNIS
B	19007758	2	Durham United	Nikhil Rana	1	7	0	0	14.29	RHB	c †Junaid Usmani b Naren C	32554738	1594831	Amiirtham - GTCC Fall league 2025	15	TENNIS
B	19007758	2	Durham United	Kunal Ghaware	6	7	1	0	85.71	RHB	b Harish Challa	32815971	1594831	Amiirtham - GTCC Fall league 2025	15	TENNIS
B	19007758	2	Durham United	Girish Shivnani  (c)	0	2	0	0	0.00	RHB	c †Junaid Usmani b Harish Challa	5624526	1594831	Amiirtham - GTCC Fall league 2025	15	TENNIS
B	19007758	2	Durham United	Piyush Thakur	3	7	0	0	42.86	RHB	c Jaswanth Reddy b Venkata Balaji Balabha Drapatruni	19808534	1594831	Amiirtham - GTCC Fall league 2025	15	TENNIS
B	19007758	2	Durham United	Baljinder Singh	6	6	1	0	100.00	RHB	c Venkata Balaji Balabha Drapatruni b Naren C	4138232	1594831	Amiirtham - GTCC Fall league 2025	15	TENNIS
B	19007758	2	Durham United	Utkarsh Siingh	15	7	1	1	214.29	LHB	not out	15282905	1594831	Amiirtham - GTCC Fall league 2025	15	TENNIS
B	19007758	2	Durham United	Amitkumar Gupta	2	3	0	0	66.67	RHB	c Dileep Nannore b Kiran Chigiri	40436326	1594831	Amiirtham - GTCC Fall league 2025	15	TENNIS
B	19007759	1	Royal Punjab	Jaskaran 	1	7	0	0	14.29	RHB	c †Harish Thunga b Shishir Saxena	39251673	1594831	Amiirtham - GTCC Fall league 2025	15	TENNIS
B	19007759	1	Royal Punjab	Prince	0	2	0	0	0.00	RHB	c †Harish Thunga b Rajesh Babu Gangula	23012388	1594831	Amiirtham - GTCC Fall league 2025	15	TENNIS
B	19007759	1	Royal Punjab	Gurwinder Toor	72	43	5	5	167.44	LHB	not out	31489988	1594831	Amiirtham - GTCC Fall league 2025	15	TENNIS
B	19007759	1	Royal Punjab	Amritpal  Singh	0	3	0	0	0.00	RHB	c Sukant Sharma b Rajesh Babu Gangula	41127556	1594831	Amiirtham - GTCC Fall league 2025	15	TENNIS
B	19007759	1	Royal Punjab	Vikram Singh	0	2	0	0	0.00	RHB	c Samil Vig b Rajesh Babu Gangula	41170578	1594831	Amiirtham - GTCC Fall league 2025	15	TENNIS
B	19007759	1	Royal Punjab	Amrit Amrit	15	10	2	1	150.00	RHB	c †Harish Thunga b Samil Vig	41671523	1594831	Amiirtham - GTCC Fall league 2025	15	TENNIS
B	19007759	1	Royal Punjab	Jugraj Singh	21	20	1	1	105.00	RHB	c Shishir Saxena b Harish Thunga	41127561	1594831	Amiirtham - GTCC Fall league 2025	15	TENNIS
B	19007759	1	Royal Punjab	Lovepreet Khosa	2	2	0	0	100.00	RHB	c Viral Patel b Harish Thunga	41122178	1594831	Amiirtham - GTCC Fall league 2025	15	TENNIS
B	19007759	1	Royal Punjab	Bikramjeet singh	1	2	0	0	50.00	RHB	not out	41099524	1594831	Amiirtham - GTCC Fall league 2025	15	TENNIS
B	19007759	2	DSK Friends XI	Viral Patel	19	17	3	0	111.76	RHB	c Gurwinder Toor b Parbjot Singh Aulakh	15815175	1594831	Amiirtham - GTCC Fall league 2025	15	TENNIS
B	19007759	2	DSK Friends XI	Vyom Sharma	12	9	2	0	133.33	RHB	c Gurwinder Toor b Parbjot Singh Aulakh	42483036	1594831	Amiirtham - GTCC Fall league 2025	15	TENNIS
B	19007759	2	DSK Friends XI	Harish Thunga  (wk)	2	4	0	0	50.00	RHB	c Jaskaran  b Rahul Nain	31956278	1594831	Amiirtham - GTCC Fall league 2025	15	TENNIS
B	19007759	2	DSK Friends XI	Sukant Sharma	18	13	2	1	138.46	LHB	c Lovepreet Khosa b Amritpal  Singh	39090207	1594831	Amiirtham - GTCC Fall league 2025	15	TENNIS
B	19007759	2	DSK Friends XI	Balaji Vijayakumar	6	11	0	0	54.55	RHB	retired out	23028656	1594831	Amiirtham - GTCC Fall league 2025	15	TENNIS
B	19007759	2	DSK Friends XI	Shishir Saxena	0	2	0	0	0.00	RHB	b Amritpal  Singh	16293688	1594831	Amiirtham - GTCC Fall league 2025	15	TENNIS
B	19007759	2	DSK Friends XI	Justus Charles  (c)	3	5	0	0	60.00	RHB	c Jugraj Singh b Amrit Amrit	16786226	1594831	Amiirtham - GTCC Fall league 2025	15	TENNIS
B	19007759	2	DSK Friends XI	Raghu chandra	2	4	0	0	50.00	LHB	c Prince b Amritpal  Singh	11086394	1594831	Amiirtham - GTCC Fall league 2025	15	TENNIS
B	19007759	2	DSK Friends XI	Dharmendra Singh parihar	9	8	0	1	112.50	RHB	c Jaskaran  b Gurwinder Toor	23337498	1594831	Amiirtham - GTCC Fall league 2025	15	TENNIS
B	19007759	2	DSK Friends XI	Samil Vig	8	9	0	1	88.89	RHB	not out	31956279	1594831	Amiirtham - GTCC Fall league 2025	15	TENNIS
B	19007759	2	DSK Friends XI	Rajesh Babu Gangula	3	4	0	0	75.00	RHB	b Gurwinder Toor	30013922	1594831	Amiirtham - GTCC Fall league 2025	15	TENNIS
B	19007760	1	Maratha Warriors - GTCC	Chetan	28	13	1	3	215.38	RHB	c †Bhupinder Bais b Kushal Acharya	22115674	1594831	Amiirtham - GTCC Fall league 2025	15	TENNIS
B	19007760	1	Maratha Warriors - GTCC	Chandan Ramesh	25	14	2	2	178.57	RHB	b Paritosh Dali	23042421	1594831	Amiirtham - GTCC Fall league 2025	15	TENNIS
B	19007760	1	Maratha Warriors - GTCC	Daljeet Sandhu	38	18	5	2	211.11	RHB	c Kushal Acharya b Aditya Sharma	19815275	1594831	Amiirtham - GTCC Fall league 2025	15	TENNIS
B	19007760	1	Maratha Warriors - GTCC	Anik Patel	0	4	0	0	0.00	RHB	b Abhinav Nirula	32490866	1594831	Amiirtham - GTCC Fall league 2025	15	TENNIS
B	19007760	1	Maratha Warriors - GTCC	Ashish Tamboli	35	18	2	3	194.44	RHB	retired hurt	23037953	1594831	Amiirtham - GTCC Fall league 2025	15	TENNIS
B	19007760	1	Maratha Warriors - GTCC	Anu Krishnan	15	5	0	2	300.00	RHB	c †Bhupinder Bais b Paritosh Dali	9017665	1594831	Amiirtham - GTCC Fall league 2025	15	TENNIS
B	19007760	1	Maratha Warriors - GTCC	Vinay Ogirala	13	9	0	0	144.44	RHB	not out	27673726	1594831	Amiirtham - GTCC Fall league 2025	15	TENNIS
B	19007760	1	Maratha Warriors - GTCC	Mangesh p	21	8	0	2	262.50	RHB	retired hurt	23041375	1594831	Amiirtham - GTCC Fall league 2025	15	TENNIS
B	19007760	1	Maratha Warriors - GTCC	Tanishq B	6	2	1	0	300.00	RHB	not out	23168646	1594831	Amiirtham - GTCC Fall league 2025	15	TENNIS
B	19007760	2	Birthday Boys XI	Paritosh Dali	2	8	0	0	25.00	RHB	c Anik Patel b Tanishq B	4166516	1594831	Amiirtham - GTCC Fall league 2025	15	TENNIS
B	19007760	2	Birthday Boys XI	Pranav	11	10	1	0	110.00	RHB	c Ashish Tamboli b Tanishq B	4712771	1594831	Amiirtham - GTCC Fall league 2025	15	TENNIS
B	19007760	2	Birthday Boys XI	Anubhav Nirula	4	5	1	0	80.00	RHB	c Ashish Tamboli b Jishnu Ravi	31249272	1594831	Amiirtham - GTCC Fall league 2025	15	TENNIS
B	19007760	2	Birthday Boys XI	Prathamesh Dali	4	6	0	0	66.67	RHB	run out Chandan Ramesh / Daljeet Sandhu	42504476	1594831	Amiirtham - GTCC Fall league 2025	15	TENNIS
B	19007760	2	Birthday Boys XI	Bhupinder Bais  (wk)	25	29	2	0	86.21	RHB	c Vinay Ogirala b Santosh Sakpal	42504785	1594831	Amiirtham - GTCC Fall league 2025	15	TENNIS
B	19007760	2	Birthday Boys XI	Abhinav Nirula	29	18	1	2	161.11	RHB	c&b Ashish Tamboli	42515145	1594831	Amiirtham - GTCC Fall league 2025	15	TENNIS
B	19007760	2	Birthday Boys XI	Kushal Acharya	10	9	2	0	111.11	RHB	c Anik Patel b Daljeet Sandhu	15998105	1594831	Amiirtham - GTCC Fall league 2025	15	TENNIS
B	19007760	2	Birthday Boys XI	Aditya Sharma	2	3	0	0	66.67	RHB	not out	31501462	1594831	Amiirtham - GTCC Fall league 2025	15	TENNIS
B	19007760	2	Birthday Boys XI	pratyush sakalley	1	3	0	0	33.33	LHB	not out	42529133	1594831	Amiirtham - GTCC Fall league 2025	15	TENNIS
B	19007761	1	Downtown Hunterz	Akram khan	0	6	0	0	0.00	LHB	c †Viney Kashyap b Nimish Raval	31095416	1594831	Amiirtham - GTCC Fall league 2025	15	TENNIS
B	19007761	1	Downtown Hunterz	Mir Mujahed Ali	41	25	2	4	164.00	RHB	c Rohit Kumar b Shri Prakash Kunwar	16147525	1594831	Amiirtham - GTCC Fall league 2025	15	TENNIS
B	19007761	1	Downtown Hunterz	Mohammed munawar ali	3	4	0	0	75.00	RHB	c Rohit Kumar b Nimish Raval	31861656	1594831	Amiirtham - GTCC Fall league 2025	15	TENNIS
B	19007761	1	Downtown Hunterz	Irfan Mohammed  (wk)	21	14	2	2	150.00	RHB	b Jay Patel	15608701	1594831	Amiirtham - GTCC Fall league 2025	15	TENNIS
B	19007761	1	Downtown Hunterz	Faisal Yafai  (c)	38	21	3	2	180.95	RHB	run out santhosh Kotte	10200084	1594831	Amiirtham - GTCC Fall league 2025	15	TENNIS
B	19007761	1	Downtown Hunterz	Hassan khulaidi	22	9	1	2	244.44	RHB	c Rohit Kumar b Milan Paliwal	31856676	1594831	Amiirtham - GTCC Fall league 2025	15	TENNIS
B	19007761	1	Downtown Hunterz	MOHAMMED MANNAN ALI	12	3	0	2	400.00	RHB	c Rohit Kumar b santhosh Kotte	41759501	1594831	Amiirtham - GTCC Fall league 2025	15	TENNIS
B	19007761	1	Downtown Hunterz	Sam	12	7	2	0	171.43	RHB	not out	42529904	1594831	Amiirtham - GTCC Fall league 2025	15	TENNIS
B	19007761	1	Downtown Hunterz	Mohammed Ateeq	2	2	0	0	100.00	LHB	run out Rohit Kumar	18497213	1594831	Amiirtham - GTCC Fall league 2025	15	TENNIS
B	19007761	2	Taunton Titans	Tushar	1	3	0	0	33.33	RHB	b Mir Mujahed Ali	42314669	1594831	Amiirtham - GTCC Fall league 2025	15	TENNIS
B	19007761	2	Taunton Titans	Viney Kashyap  (wk)	32	33	3	1	96.97	RHB	st †Irfan Mohammed b Mohammed Emad	32503335	1594831	Amiirtham - GTCC Fall league 2025	15	TENNIS
B	19007761	2	Taunton Titans	Jay Patel	9	8	1	0	112.50	RHB	c Mohammed Emad b Irfan Mohammed	5600543	1594831	Amiirtham - GTCC Fall league 2025	15	TENNIS
B	19007761	2	Taunton Titans	Rohit Kumar	32	14	5	1	228.57	RHB	c Akram khan b Mohammed Emad	32043677	1594831	Amiirtham - GTCC Fall league 2025	15	TENNIS
B	19007761	2	Taunton Titans	Ishaan Raghav	32	18	2	3	177.78	RHB	not out	32430873	1594831	Amiirtham - GTCC Fall league 2025	15	TENNIS
B	19007761	2	Taunton Titans	Shri Prakash Kunwar	19	8	1	2	237.50	RHB	c Mohammed Ateeq b Mir Mujahed Ali	32801725	1594831	Amiirtham - GTCC Fall league 2025	15	TENNIS
B	19007761	2	Taunton Titans	Harsh Bhatia	3	6	0	0	50.00	RHB	not out	31945988	1594831	Amiirtham - GTCC Fall league 2025	15	TENNIS
B	19007763	1	Maratha Warriors - GTCC	Jinto Eliyas	9	9	2	0	100.00	LHB	c †Srinivasu.K b Vinith reddy Reddy	21834838	1594831	Amiirtham - GTCC Fall league 2025	15	TENNIS
B	19007763	1	Maratha Warriors - GTCC	Vineesh  M	21	8	2	2	262.50	RHB	c Rehan khan b Dileep Rittapalli	27672383	1594831	Amiirtham - GTCC Fall league 2025	15	TENNIS
B	19007763	1	Maratha Warriors - GTCC	Chetan	9	6	0	1	150.00	RHB	c Rehan khan b Vinith reddy Reddy	22115674	1594831	Amiirtham - GTCC Fall league 2025	15	TENNIS
B	19007763	1	Maratha Warriors - GTCC	Arun Baby	22	18	3	1	122.22	RHB	c †Srinivasu.K b Deepak Manukonda	27672366	1594831	Amiirtham - GTCC Fall league 2025	15	TENNIS
B	19007763	1	Maratha Warriors - GTCC	Pratik Udawant	10	13	0	0	76.92	RHB	c Prajeeth Reddy Gowravarapu b Rehan khan	31286233	1594831	Amiirtham - GTCC Fall league 2025	15	TENNIS
B	19007763	1	Maratha Warriors - GTCC	Digil davis	17	15	1	1	113.33	RHB	c Vinith reddy Reddy b Deepak Manukonda	21961653	1594831	Amiirtham - GTCC Fall league 2025	15	TENNIS
B	19007763	1	Maratha Warriors - GTCC	Santosh Sakpal  (c)	17	15	1	1	113.33	RHB	c †Srinivasu.K b Raj Kiran Anem  	22961706	1594831	Amiirtham - GTCC Fall league 2025	15	TENNIS
B	19007763	1	Maratha Warriors - GTCC	Ashish Tamboli	2	5	0	0	40.00	RHB	not out	23037953	1594831	Amiirtham - GTCC Fall league 2025	15	TENNIS
B	19007763	1	Maratha Warriors - GTCC	Tanishq B	0	1	0	0	0.00	RHB	c Vinith reddy Reddy b Raj Kiran Anem  	23168646	1594831	Amiirtham - GTCC Fall league 2025	15	TENNIS
B	19007763	2	Oshawa Fighters	Rehan khan	5	6	1	0	83.33	RHB	c Ashish Tamboli b Chetan	24726741	1594831	Amiirtham - GTCC Fall league 2025	15	TENNIS
B	19007763	2	Oshawa Fighters	Srinivasu.K	12	12	0	0	100.00	RHB	run out Chetan	2620753	1594831	Amiirtham - GTCC Fall league 2025	15	TENNIS
B	19007763	2	Oshawa Fighters	Venky N	6	8	1	0	75.00	RHB	c Santosh Sakpal b Chetan	23192278	1594831	Amiirtham - GTCC Fall league 2025	15	TENNIS
B	19007763	2	Oshawa Fighters	Deepak Manukonda	3	4	0	0	75.00	RHB	c Chetan b Digil davis	21933613	1594831	Amiirtham - GTCC Fall league 2025	15	TENNIS
B	19007763	2	Oshawa Fighters	Vinith reddy Reddy	9	14	1	0	64.29	RHB	c Vineesh  M b Digil davis	23028014	1594831	Amiirtham - GTCC Fall league 2025	15	TENNIS
B	19007763	2	Oshawa Fighters	Harsha Settyvari	0	2	0	0	0.00	RHB	c Ashish Tamboli b Digil davis	9081401	1594831	Amiirtham - GTCC Fall league 2025	15	TENNIS
B	19007763	2	Oshawa Fighters	Sharath Bodla	17	14	0	2	121.43	RHB	b Daljeet Sandhu	23242753	1594831	Amiirtham - GTCC Fall league 2025	15	TENNIS
B	19007763	2	Oshawa Fighters	Raj Kiran Anem  	7	8	1	0	87.50	RHB	b Tanishq B	29656739	1594831	Amiirtham - GTCC Fall league 2025	15	TENNIS
B	19007763	2	Oshawa Fighters	Madhav	0	1	0	0	0.00	RHB	c Vineesh  M b Jinto Eliyas	14174243	1594831	Amiirtham - GTCC Fall league 2025	15	TENNIS
B	19007763	2	Oshawa Fighters	Prajeeth Reddy Gowravarapu  (c)	3	14	0	0	21.43	RHB	not out	1347386	1594831	Amiirtham - GTCC Fall league 2025	15	TENNIS
B	19007763	2	Oshawa Fighters	RamaRao Boyapati	14	8	0	1	175.00	RHB	not out	24281581	1594831	Amiirtham - GTCC Fall league 2025	15	TENNIS
B	19007762	1	Invincible Trailblazers	Abhi	12	10	0	1	120.00	RHB	c †SYED FASIUDDIN b Brian Gohil	21500152	1594831	Amiirtham - GTCC Fall league 2025	15	TENNIS
B	19007762	1	Invincible Trailblazers	Seethamraju Pavan  (wk)	14	17	0	0	82.35	LHB	c Arpit Mecwan b Afzal Khan	460319	1594831	Amiirtham - GTCC Fall league 2025	15	TENNIS
B	19007762	1	Invincible Trailblazers	Sai Kiran Dande  (c)	28	14	2	3	200.00	RHB	c SYED FASIUDDIN b Afzal Khan	5259750	1594831	Amiirtham - GTCC Fall league 2025	15	TENNIS
B	19007762	1	Invincible Trailblazers	Aftab	6	6	0	1	100.00	RHB	c SYED FASIUDDIN b Brian Gohil	1541269	1594831	Amiirtham - GTCC Fall league 2025	15	TENNIS
B	19007762	1	Invincible Trailblazers	Viraj	27	13	0	4	207.69	RHB	c †SYED FASIUDDIN b Afzal Khan	4143349	1594831	Amiirtham - GTCC Fall league 2025	15	TENNIS
B	19007762	1	Invincible Trailblazers	Kvs Narayana	13	10	1	1	130.00	RHB	b Afzal Khan	13816654	1594831	Amiirtham - GTCC Fall league 2025	15	TENNIS
B	19007762	1	Invincible Trailblazers	Prathap Reddy	7	4	0	1	175.00	RHB	c Afzal Khan b Brian Gohil	1440078	1594831	Amiirtham - GTCC Fall league 2025	15	TENNIS
B	19007762	1	Invincible Trailblazers	Abhishek Chennamaneni	1	3	0	0	33.33	RHB	b Jackson Christian	2982610	1594831	Amiirtham - GTCC Fall league 2025	15	TENNIS
B	19007762	1	Invincible Trailblazers	Sandeep Reddy	0	4	0	0	0.00	RHB	not out	21499304	1594831	Amiirtham - GTCC Fall league 2025	15	TENNIS
B	19007762	1	Invincible Trailblazers	Ginil Joseph	16	10	0	2	160.00	RHB	not out	27672341	1594831	Amiirtham - GTCC Fall league 2025	15	TENNIS
B	19007762	2	Royal Challengers Bowmanville	SYED FASIUDDIN  (wk)	24	17	3	1	141.18	RHB	c Ginil Joseph b Prathap Reddy	23808709	1594831	Amiirtham - GTCC Fall league 2025	15	TENNIS
B	19007762	2	Royal Challengers Bowmanville	ASH KENNETH	8	9	1	0	88.89	LHB	c Viraj b Ginil Joseph	31422300	1594831	Amiirtham - GTCC Fall league 2025	15	TENNIS
B	19007762	2	Royal Challengers Bowmanville	Parker Ronak	16	22	0	2	72.73	LHB	b Abhishek Chennamaneni	31335119	1594831	Amiirtham - GTCC Fall league 2025	15	TENNIS
B	19007762	2	Royal Challengers Bowmanville	Brian Gohil	8	8	0	1	100.00	RHB	c †Seethamraju Pavan b Sai Kiran Dande	32141157	1594831	Amiirtham - GTCC Fall league 2025	15	TENNIS
B	19007762	2	Royal Challengers Bowmanville	Daryll Christian	35	25	1	4	140.00	RHB	b Seethamraju Pavan	5206334	1594831	Amiirtham - GTCC Fall league 2025	15	TENNIS
B	19007762	2	Royal Challengers Bowmanville	Afzal Khan  (c)	6	2	0	1	300.00	RHB	run out † Seethamraju Pavan	42313627	1594831	Amiirtham - GTCC Fall league 2025	15	TENNIS
B	19007762	2	Royal Challengers Bowmanville	Hassan Bhai Cricket	0	2	0	0	0.00	RHB	c Abhi b Sandeep Reddy	42463647	1594831	Amiirtham - GTCC Fall league 2025	15	TENNIS
B	19007762	2	Royal Challengers Bowmanville	Jackson Christian	1	3	0	0	33.33	RHB	not out	19806199	1594831	Amiirtham - GTCC Fall league 2025	15	TENNIS
B	19007762	2	Royal Challengers Bowmanville	Arpit Mecwan	5	3	1	0	166.67	RHB	not out	32351586	1594831	Amiirtham - GTCC Fall league 2025	15	TENNIS
B	19007764	1	Nizam Royal Knights	Pranay Reddy	5	10	1	0	50.00	RHB	c AsRar RaHman b Abdul Sajjad	18543580	1594831	Amiirtham - GTCC Fall league 2025	15	TENNIS
B	19007764	1	Nizam Royal Knights	Naveen Reddy	4	6	1	0	66.67	RHB	c Ali b Mohammed Salman	15711723	1594831	Amiirtham - GTCC Fall league 2025	15	TENNIS
B	19007764	1	Nizam Royal Knights	Anvesh Reddy  (c)	60	40	1	7	150.00	RHB	not out	30346362	1594831	Amiirtham - GTCC Fall league 2025	15	TENNIS
B	19007764	1	Nizam Royal Knights	Charith Reddy	12	12	0	1	100.00	RHB	b Zeeshan Ahmed Khan	16203159	1594831	Amiirtham - GTCC Fall league 2025	15	TENNIS
B	19007764	1	Nizam Royal Knights	Rajpal Reddy	2	7	0	0	28.57	RHB	c †saad masood fakhar b AsRar RaHman	32057684	1594831	Amiirtham - GTCC Fall league 2025	15	TENNIS
B	19007764	1	Nizam Royal Knights	Raghu Reddy	3	5	0	0	60.00	RHB	c Muddassir Yaseen b Mohammed Salman	15998250	1594831	Amiirtham - GTCC Fall league 2025	15	TENNIS
B	19007764	1	Nizam Royal Knights	Sattireddy Nalmala  (wk)	9	5	0	1	180.00	RHB	c Muddassir Yaseen b Abdul Sajjad	128334	1594831	Amiirtham - GTCC Fall league 2025	15	TENNIS
B	19007764	1	Nizam Royal Knights	Ashok Vatrapu	1	2	0	0	50.00	RHB	c Kamran Ali b Abdul Sajjad	21362452	1594831	Amiirtham - GTCC Fall league 2025	15	TENNIS
B	19007764	1	Nizam Royal Knights	prashanth reddy chapala	7	4	0	1	175.00	RHB	not out	39704901	1594831	Amiirtham - GTCC Fall league 2025	15	TENNIS
B	19007764	2	Toronto Nawabs	Mohammed riyaz ali	0	2	0	0	0.00	RHB	c †Sattireddy Nalmala b Maniteja Yerra	42514704	1594831	Amiirtham - GTCC Fall league 2025	15	TENNIS
B	19007764	2	Toronto Nawabs	Mohammed Shareef  (c)	1	3	0	0	33.33	RHB	c prashanth reddy chapala b Maniteja Yerra	16147541	1594831	Amiirtham - GTCC Fall league 2025	15	TENNIS
B	19007764	2	Toronto Nawabs	Montu Yadav	0	5	0	0	0.00	RHB	c Ashok Vatrapu b Sampath Kantimahanthi	42407000	1594831	Amiirtham - GTCC Fall league 2025	15	TENNIS
B	19007764	2	Toronto Nawabs	Muddassir Yaseen	0	2	0	0	0.00	RHB	c Raghu Reddy b Sampath Kantimahanthi	32068241	1594831	Amiirtham - GTCC Fall league 2025	15	TENNIS
B	19007764	2	Toronto Nawabs	Ali	5	6	1	0	83.33	RHB	c Ashok Vatrapu b Maniteja Yerra	41766159	1594831	Amiirtham - GTCC Fall league 2025	15	TENNIS
B	19007764	2	Toronto Nawabs	saad masood fakhar  (wk)	2	5	0	0	40.00	RHB	c †Sattireddy Nalmala b Sampath Kantimahanthi	32067806	1594831	Amiirtham - GTCC Fall league 2025	15	TENNIS
B	19007764	2	Toronto Nawabs	AsRar RaHman	1	5	0	0	20.00	RHB	c †Sattireddy Nalmala b Ashok Vatrapu	42406798	1594831	Amiirtham - GTCC Fall league 2025	15	TENNIS
B	19007764	2	Toronto Nawabs	Kamran Ali	0	3	0	0	0.00	RHB	c Rajpal Reddy b Maniteja Yerra	42511818	1594831	Amiirtham - GTCC Fall league 2025	15	TENNIS
B	19007764	2	Toronto Nawabs	Mohammed Salman	0	3	0	0	0.00	RHB	c †Sattireddy Nalmala b Ashok Vatrapu	41768685	1594831	Amiirtham - GTCC Fall league 2025	15	TENNIS
B	19007764	2	Toronto Nawabs	Mohit	1	2	0	0	50.00	RHB	c †Sattireddy Nalmala b Ranjeeth Reddy M	9302498	1594831	Amiirtham - GTCC Fall league 2025	15	TENNIS
B	19007764	2	Toronto Nawabs	Zeeshan Ahmed Khan	0	1	0	0	0.00	RHB	not out	32069784	1594831	Amiirtham - GTCC Fall league 2025	15	TENNIS
B	19007765	1	Trailblazers	Abdul Aziz	9	9	0	1	100.00	RHB	c Rajpal Reddy b Maniteja Yerra	22862830	1594831	Amiirtham - GTCC Fall league 2025	15	TENNIS
B	19007765	1	Trailblazers	Santosh Cheruku	13	8	1	1	162.50	RHB	c Charith Reddy b Maniteja Yerra	15282824	1594831	Amiirtham - GTCC Fall league 2025	15	TENNIS
B	19007765	1	Trailblazers	Bharath Reddy	14	15	1	0	93.33	RHB	c prashanth reddy chapala b Raghu Reddy	5949924	1594831	Amiirtham - GTCC Fall league 2025	15	TENNIS
B	19007765	1	Trailblazers	Anil Sunkara	1	6	0	0	16.67	RHB	c prashanth reddy chapala b Raghu Reddy	3913067	1594831	Amiirtham - GTCC Fall league 2025	15	TENNIS
B	19007765	1	Trailblazers	Dinesh k	6	3	0	1	200.00	RHB	c Maniteja Yerra b Raghu Reddy	15283122	1594831	Amiirtham - GTCC Fall league 2025	15	TENNIS
B	19007765	1	Trailblazers	Prudhvi  (wk)	11	13	1	0	84.62	RHB	c Naveen Reddy b Pranay Reddy	31235771	1594831	Amiirtham - GTCC Fall league 2025	15	TENNIS
B	19007765	1	Trailblazers	Kareem	0	2	0	0	0.00	RHB	c Maniteja Yerra b Raghu Reddy	15699053	1594831	Amiirtham - GTCC Fall league 2025	15	TENNIS
B	19007765	1	Trailblazers	Harish Pannala(TPG)  (c)	16	13	2	0	123.08	RHB	not out	3052877	1594831	Amiirtham - GTCC Fall league 2025	15	TENNIS
B	19007765	1	Trailblazers	Uthej Kumar Pappu	2	4	0	0	50.00	RHB	c Rajpal Reddy b Maniteja Yerra	5733409	1594831	Amiirtham - GTCC Fall league 2025	15	TENNIS
B	19007765	1	Trailblazers	Mahesh Pillai	2	9	0	0	22.22	RHB	c Sampath Kantimahanthi b Pranay Reddy	23600180	1594831	Amiirtham - GTCC Fall league 2025	15	TENNIS
B	19007765	1	Trailblazers	Pardhu Madarapu	1	4	0	0	25.00	RHB	c Charith Reddy b Raghu Reddy	15282834	1594831	Amiirtham - GTCC Fall league 2025	15	TENNIS
B	19007765	2	Nizam Royal Knights	Pranay Reddy	3	7	0	0	42.86	RHB	b Subbu Pakalapati	18543580	1594831	Amiirtham - GTCC Fall league 2025	15	TENNIS
B	19007765	2	Nizam Royal Knights	Naveen Reddy	24	26	1	1	92.31	RHB	c Anil Sunkara b Subbu Pakalapati	15711723	1594831	Amiirtham - GTCC Fall league 2025	15	TENNIS
B	19007765	2	Nizam Royal Knights	Anvesh Reddy  (c)	27	17	2	3	158.82	RHB	c †Prudhvi b Mahesh Pillai	30346362	1594831	Amiirtham - GTCC Fall league 2025	15	TENNIS
B	19007765	2	Nizam Royal Knights	Sattireddy Nalmala	0	2	0	0	0.00	RHB	c Uthej Kumar Pappu b Anil Sunkara	128334	1594831	Amiirtham - GTCC Fall league 2025	15	TENNIS
B	19007765	2	Nizam Royal Knights	Sampath Kantimahanthi	0	2	0	0	0.00	LHB	c †Prudhvi b Anil Sunkara	30048429	1594831	Amiirtham - GTCC Fall league 2025	15	TENNIS
B	19007765	2	Nizam Royal Knights	Charith Reddy	11	12	0	0	91.67	RHB	not out	16203159	1594831	Amiirtham - GTCC Fall league 2025	15	TENNIS
B	19007765	2	Nizam Royal Knights	prashanth reddy chapala	0	1	0	0	0.00	RHB	c Pardhu Madarapu b Subbu Pakalapati	39704901	1594831	Amiirtham - GTCC Fall league 2025	15	TENNIS
B	19007765	2	Nizam Royal Knights	Raghu Reddy	0	4	0	0	0.00	RHB	c †Prudhvi b Pardhu Madarapu	15998250	1594831	Amiirtham - GTCC Fall league 2025	15	TENNIS
B	19007765	2	Nizam Royal Knights	Rajpal Reddy	9	11	1	0	81.82	RHB	not out	32057684	1594831	Amiirtham - GTCC Fall league 2025	15	TENNIS
B	19007766	1	Birthday Boys XI	Paritosh Dali	1	5	0	0	20.00	RHB	c Nisarg cricket oshawa b Bishal Chakraborty	4166516	1594831	Amiirtham - GTCC Fall league 2025	15	TENNIS
B	19007766	1	Birthday Boys XI	Bhupesh Patel	0	0	0	0	0.00	LHB	run out Nisarg cricket oshawa / † Dirgh Raval	4167269	1594831	Amiirtham - GTCC Fall league 2025	15	TENNIS
B	19007766	1	Birthday Boys XI	Anubhav Nirula	5	5	1	0	100.00	RHB	c †Dirgh Raval b Nisarg cricket oshawa	31249272	1594831	Amiirtham - GTCC Fall league 2025	15	TENNIS
B	19007766	1	Birthday Boys XI	Pranav	17	20	1	1	85.00	RHB	c Nisarg cricket oshawa b Ravin Pandya	4712771	1594831	Amiirtham - GTCC Fall league 2025	15	TENNIS
B	19007766	1	Birthday Boys XI	Vishal Padharia	9	27	0	1	33.33	RHB	c †Dirgh Raval b Abhishek Erande	42504569	1594831	Amiirtham - GTCC Fall league 2025	15	TENNIS
B	19007766	1	Birthday Boys XI	Amit Sondhi	6	8	1	0	75.00	LHB	c Rohan Patel b Harsh Patel	30104324	1594831	Amiirtham - GTCC Fall league 2025	15	TENNIS
B	19007766	1	Birthday Boys XI	Kushal Acharya	10	15	0	0	66.67	RHB	not out	15998105	1594831	Amiirtham - GTCC Fall league 2025	15	TENNIS
B	19007766	1	Birthday Boys XI	Abhinav Nirula	5	10	0	0	50.00	RHB	not out	42515145	1594831	Amiirtham - GTCC Fall league 2025	15	TENNIS
B	19007766	2	Harmony Strikers	Vinod Gudupudi	1	7	0	0	14.29	RHB	c Kushal Acharya b Vishal Padharia	31266314	1594831	Amiirtham - GTCC Fall league 2025	15	TENNIS
B	19007766	2	Harmony Strikers	Dhruvin Patel	4	4	1	0	100.00	RHB	c Pranav b Abhinav Nirula	15140688	1594831	Amiirtham - GTCC Fall league 2025	15	TENNIS
B	19007766	2	Harmony Strikers	Rohan Patel	2	2	0	0	100.00	RHB	c Amit Sondhi b Vishal Padharia	31267764	1594831	Amiirtham - GTCC Fall league 2025	15	TENNIS
B	19007766	2	Harmony Strikers	Dirgh Raval  (wk)	25	14	0	3	178.57	RHB	not out	31266663	1594831	Amiirtham - GTCC Fall league 2025	15	TENNIS
B	19007766	2	Harmony Strikers	Harman Brar	7	6	0	1	116.67	RHB	c Kushal Acharya b Anubhav Nirula	31266366	1594831	Amiirtham - GTCC Fall league 2025	15	TENNIS
B	19007766	2	Harmony Strikers	Nisarggggggg	26	11	0	3	236.36	RHB	not out	6910094	1594831	Amiirtham - GTCC Fall league 2025	15	TENNIS
B	19007767	1	Mavericks	Jijeesh Girija Vijayan	2	3	0	0	66.67	RHB	c Jagveer singh b Amandeep Singh	21760491	1594831	Amiirtham - GTCC Fall league 2025	15	TENNIS
B	19007767	1	Mavericks	Munawar Mohammed	25	13	2	2	192.31	RHB	c Shaishav Patel b Shubham Acharya	9101292	1594831	Amiirtham - GTCC Fall league 2025	15	TENNIS
B	19007767	1	Mavericks	Nasakath Shaikkumthodi	0	4	0	0	0.00	RHB	c Manny b Shaishav Patel	31273662	1594831	Amiirtham - GTCC Fall league 2025	15	TENNIS
B	19007767	1	Mavericks	Allen Saju	39	17	4	2	229.41	RHB	c Jagveer singh b Satwinder Singh	19803415	1594831	Amiirtham - GTCC Fall league 2025	15	TENNIS
B	19007767	1	Mavericks	Jawas Muhammed	20	12	0	2	166.67	RHB	c Satwinder Singh b Shubham Acharya	36772056	1594831	Amiirtham - GTCC Fall league 2025	15	TENNIS
B	19007767	1	Mavericks	Abhinandh Abhi	18	9	1	2	200.00	RHB	b Satwinder Singh	21201797	1594831	Amiirtham - GTCC Fall league 2025	15	TENNIS
B	19007767	1	Mavericks	Ebin Thankachan	12	8	0	1	150.00	RHB	c Manny b Shubham Acharya	21088814	1594831	Amiirtham - GTCC Fall league 2025	15	TENNIS
B	19007767	1	Mavericks	Abhi Abraham	8	4	1	0	200.00	RHB	not out	27788556	1594831	Amiirtham - GTCC Fall league 2025	15	TENNIS
B	19007767	1	Mavericks	Bala Santhosam	1	2	0	0	50.00	RHB	run out Shaishav Patel	28305774	1594831	Amiirtham - GTCC Fall league 2025	15	TENNIS
B	19007767	2	Maple Eagles	Viquar Ahmed	7	8	0	0	87.50	RHB	run out Munawar Mohammed	23842323	1594831	Amiirtham - GTCC Fall league 2025	15	TENNIS
B	19007767	2	Maple Eagles	Arshdeep Singh	8	5	2	0	160.00	RHB	c Vinoth kumar b Nasakath Shaikkumthodi	39637167	1594831	Amiirtham - GTCC Fall league 2025	15	TENNIS
B	19007767	2	Maple Eagles	Manny	10	11	1	0	90.91	RHB	c Ebin Thankachan b Anoop K C	15069479	1594831	Amiirtham - GTCC Fall league 2025	15	TENNIS
B	19007767	2	Maple Eagles	Jigar Sheth  (c)	20	12	1	2	166.67	RHB	c&b Allen Saju	32879769	1594831	Amiirtham - GTCC Fall league 2025	15	TENNIS
B	19007767	2	Maple Eagles	Amandeep Singh	26	10	1	3	260.00	RHB	b Abhinandh Abhi	41624226	1594831	Amiirtham - GTCC Fall league 2025	15	TENNIS
B	19007767	2	Maple Eagles	Shaishav Patel	0	3	0	0	0.00	RHB	c Ebin Thankachan b Allen Saju	42419434	1594831	Amiirtham - GTCC Fall league 2025	15	TENNIS
B	19007767	2	Maple Eagles	Guri	3	5	0	0	60.00	LHB	c Daries Antony b Jawas Muhammed	31537124	1594831	Amiirtham - GTCC Fall league 2025	15	TENNIS
B	19007767	2	Maple Eagles	Satwinder Singh	34	14	1	3	242.86	RHB	not out	42515588	1594831	Amiirtham - GTCC Fall league 2025	15	TENNIS
B	19007767	2	Maple Eagles	Prabhneet Singh	2	5	0	0	40.00	RHB	b Nasakath Shaikkumthodi	40191336	1594831	Amiirtham - GTCC Fall league 2025	15	TENNIS
B	19007767	2	Maple Eagles	Samrat Shira  (wk)	1	1	0	0	100.00	RHB	run out Allen Saju	41833631	1594831	Amiirtham - GTCC Fall league 2025	15	TENNIS
B	19007768	1	Panjab XI	Pawan Khaira  (wk)	0	3	0	0	0.00	RHB	c †Gautham Krishnaprasad b Sanjit Raut	32888366	1594831	Amiirtham - GTCC Fall league 2025	15	TENNIS
B	19007768	1	Panjab XI	Thakur  (c)	9	10	0	1	90.00	RHB	c Suhas Acharya b Sanjit Raut	40807678	1594831	Amiirtham - GTCC Fall league 2025	15	TENNIS
B	19007768	1	Panjab XI	Harsh Pratap Singh Yadav	4	9	1	0	44.44	RHB	c Raghavendra Naik b Sanjit Raut	38589007	1594831	Amiirtham - GTCC Fall league 2025	15	TENNIS
B	19007768	1	Panjab XI	Sanjiv sharma	14	7	3	0	200.00	RHB	c Raghavendra Naik b Saurav	39683013	1594831	Amiirtham - GTCC Fall league 2025	15	TENNIS
B	19007768	1	Panjab XI	Surjeet Singh	21	11	3	1	190.91	LHB	c Jaideep (JD) b Nilay Shah	38766896	1594831	Amiirtham - GTCC Fall league 2025	15	TENNIS
B	19007768	1	Panjab XI	Sunny Bains	15	11	0	2	136.36	RHB	run out Jaideep (JD)	40808518	1594831	Amiirtham - GTCC Fall league 2025	15	TENNIS
B	19007768	1	Panjab XI	Arpan Singh	13	12	1	0	108.33	RHB	b Ashish Khattar	31040706	1594831	Amiirtham - GTCC Fall league 2025	15	TENNIS
B	19007768	1	Panjab XI	Ramandeep Singh 	1	5	0	0	20.00	RHB	c&b Srikanth Lahoti	38771920	1594831	Amiirtham - GTCC Fall league 2025	15	TENNIS
B	19007768	1	Panjab XI	Jakir hussain	7	10	0	0	70.00	RHB	run out Srikanth Lahoti	41694871	1594831	Amiirtham - GTCC Fall league 2025	15	TENNIS
B	19007768	1	Panjab XI	Sukhpal Singh	9	10	1	0	90.00	RHB	c Sanjit Raut b Srikanth Lahoti	40841211	1594831	Amiirtham - GTCC Fall league 2025	15	TENNIS
B	19007768	1	Panjab XI	Harman	1	2	0	0	50.00	RHB	not out	40782357	1594831	Amiirtham - GTCC Fall league 2025	15	TENNIS
B	19007768	2	North Stars T15 Fall League 2025	Raghavendra Naik	0	3	0	0	0.00	RHB	c Pawan Khaira b Ramandeep Singh 	15832543	1594831	Amiirtham - GTCC Fall league 2025	15	TENNIS
B	19007768	2	North Stars T15 Fall League 2025	Jaideep (JD)  (c)	16	24	1	0	66.67	RHB	c Sanjiv sharma b Arpan Singh	9081230	1594831	Amiirtham - GTCC Fall league 2025	15	TENNIS
B	19007768	2	North Stars T15 Fall League 2025	Ashish Khattar	8	15	1	0	53.33	RHB	c Surjeet Singh b Sukhpal Singh	16183456	1594831	Amiirtham - GTCC Fall league 2025	15	TENNIS
B	19007768	2	North Stars T15 Fall League 2025	Akshay H S	8	12	1	0	66.67	RHB	retired out	31955580	1594831	Amiirtham - GTCC Fall league 2025	15	TENNIS
B	19007768	2	North Stars T15 Fall League 2025	Hardik Gohil	2	3	0	0	66.67	RHB	c Ramanveer Singh b Arpan Singh	31945568	1594831	Amiirtham - GTCC Fall league 2025	15	TENNIS
B	19007768	2	North Stars T15 Fall League 2025	Saurav	1	4	0	0	25.00	RHB	c Sunny Bains b Surjeet Singh	21574739	1594831	Amiirtham - GTCC Fall league 2025	15	TENNIS
B	19007768	2	North Stars T15 Fall League 2025	Nilay Shah	0	1	0	0	0.00	RHB	b Surjeet Singh	31954578	1594831	Amiirtham - GTCC Fall league 2025	15	TENNIS
B	19007768	2	North Stars T15 Fall League 2025	Gautham Krishnaprasad  (wk)	15	9	2	1	166.67	RHB	b Surjeet Singh	41973015	1594831	Amiirtham - GTCC Fall league 2025	15	TENNIS
B	19007768	2	North Stars T15 Fall League 2025	CricHeroes deleted user	5	7	0	0	71.43		b Ramandeep Singh 	33410222	1594831	Amiirtham - GTCC Fall league 2025	15	TENNIS
B	19007768	2	North Stars T15 Fall League 2025	Sanjit Raut	7	6	1	0	116.67	RHB	c Ramandeep Singh  b Sunny Bains	23646076	1594831	Amiirtham - GTCC Fall league 2025	15	TENNIS
B	19007768	2	North Stars T15 Fall League 2025	Suhas Acharya	1	1	0	0	100.00	RHB	not out	21540128	1594831	Amiirtham - GTCC Fall league 2025	15	TENNIS
B	19007769	1	TCF	Srikanth Reddy P	29	26	6	0	111.54	RHB	c PRATIKKUMAR PATEL b Vishal Patel	9118169	1594831	Amiirtham - GTCC Fall league 2025	15	TENNIS
B	19007769	1	TCF	Sudheer Aki	6	3	1	0	200.00	RHB	c †Nish patel b Ravikumar Kantaria	14762522	1594831	Amiirtham - GTCC Fall league 2025	15	TENNIS
B	19007769	1	TCF	Teja Kokkula	3	3	0	0	100.00	RHB	c PRATIKKUMAR PATEL b Darshit Patel	14055267	1594831	Amiirtham - GTCC Fall league 2025	15	TENNIS
B	19007769	1	TCF	Sharath Reddy Kongari	2	4	0	0	50.00	RHB	c Chintan Ahir b Darshit Patel	23027924	1594831	Amiirtham - GTCC Fall league 2025	15	TENNIS
B	19007769	1	TCF	Chandan Volkaji	15	13	0	2	115.38	RHB	c †Nish patel b Kshitij Malsane	31779636	1594831	Amiirtham - GTCC Fall league 2025	15	TENNIS
B	19007769	1	TCF	Rahush  (wk)	6	11	0	0	54.55	RHB	c †PRATIKKUMAR PATEL b Nish patel	1050410	1594831	Amiirtham - GTCC Fall league 2025	15	TENNIS
B	19007769	1	TCF	Ananda Reddy Yarradoddi  (c)	24	17	3	1	141.18	RHB	not out	21776986	1594831	Amiirtham - GTCC Fall league 2025	15	TENNIS
B	19007769	1	TCF	Praveen Reddy	0	1	0	0	0.00	LHB	c †PRATIKKUMAR PATEL b Nish patel	5413093	1594831	Amiirtham - GTCC Fall league 2025	15	TENNIS
B	19007769	1	TCF	Shivakumar Reddy Vanga	0	6	0	0	0.00	RHB	b Nish patel	1050429	1594831	Amiirtham - GTCC Fall league 2025	15	TENNIS
B	19007769	1	TCF	Akhil Reddy	9	7	1	0	128.57	RHB	not out	5549928	1594831	Amiirtham - GTCC Fall league 2025	15	TENNIS
B	19007769	2	Thunder Strikers	Yusuf Ismail Baporia	6	3	0	1	200.00	RHB	c Ananda Reddy Yarradoddi b Akhil Reddy	151310	1594831	Amiirtham - GTCC Fall league 2025	15	TENNIS
B	19007769	2	Thunder Strikers	Krunal Patel	0	2	0	0	0.00	RHB	c †Rahush b Akhil Reddy	39332513	1594831	Amiirtham - GTCC Fall league 2025	15	TENNIS
B	19007769	2	Thunder Strikers	Jigneshkumar Patel	40	22	0	5	181.82	RHB	c Ananda Reddy Yarradoddi b Sudheer Aki	30176575	1594831	Amiirtham - GTCC Fall league 2025	15	TENNIS
B	19007769	2	Thunder Strikers	Vishal Patel	9	12	0	0	75.00	RHB	c Chandan Volkaji b Sankethreddy	40690301	1594831	Amiirtham - GTCC Fall league 2025	15	TENNIS
B	19007769	2	Thunder Strikers	Jenish Shah	5	12	0	0	41.67	RHB	c Sudheer Aki b Sankethreddy	42432296	1594831	Amiirtham - GTCC Fall league 2025	15	TENNIS
B	19007769	2	Thunder Strikers	Nish patel  (wk)	1	4	0	0	25.00	RHB	c Sudheer Aki b Praveen Reddy	31956115	1594831	Amiirtham - GTCC Fall league 2025	15	TENNIS
B	19007769	2	Thunder Strikers	PRATIKKUMAR PATEL  (wk)	0	2	0	0	0.00	RHB	c †Rahush b Praveen Reddy	39147590	1594831	Amiirtham - GTCC Fall league 2025	15	TENNIS
B	19007769	2	Thunder Strikers	Ravikumar Kantaria	11	11	2	0	100.00	LHB	b Sudheer Aki	27672729	1594831	Amiirtham - GTCC Fall league 2025	15	TENNIS
B	19007769	2	Thunder Strikers	Darshit Patel	10	15	1	0	66.67	LHB	run out Sharath Reddy Kongari	27673702	1594831	Amiirtham - GTCC Fall league 2025	15	TENNIS
B	19007769	2	Thunder Strikers	Fareed Javid	1	3	0	0	33.33	RHB	not out	41688640	1594831	Amiirtham - GTCC Fall league 2025	15	TENNIS
B	19007769	2	Thunder Strikers	Kshitij Malsane	4	5	0	0	80.00	LHB	not out	42527310	1594831	Amiirtham - GTCC Fall league 2025	15	TENNIS
B	19007771	1	Redwings	Jackson Ouseph	1	4	0	0	25.00	RHB	b Jayakumar Narayanasamy	21818163	1594831	Amiirtham - GTCC Fall league 2025	15	TENNIS
B	19007771	1	Redwings	Emil Pious	1	2	0	0	50.00	RHB	c Jayakumar Narayanasamy b Balkar singh	40407065	1594831	Amiirtham - GTCC Fall league 2025	15	TENNIS
B	19007771	1	Redwings	Benson Baby	0	2	0	0	0.00	RHB	c Jayakumar Narayanasamy b Balkar singh	30375428	1594831	Amiirtham - GTCC Fall league 2025	15	TENNIS
B	19007771	1	Redwings	Akhil	25	26	4	0	96.15	RHB	b Mani Asron	30322919	1594831	Amiirtham - GTCC Fall league 2025	15	TENNIS
B	19007771	1	Redwings	Manu Thomas	12	22	1	0	54.55	LHB	c †Raja Sekhar Reddy Gantla b Kish N	40879277	1594831	Amiirtham - GTCC Fall league 2025	15	TENNIS
B	19007771	1	Redwings	Abhishek Rathnasingh  (c & wk)	2	3	0	0	66.67	RHB	c Balkar singh b Manu Chowdary	21828705	1594831	Amiirtham - GTCC Fall league 2025	15	TENNIS
B	19007771	1	Redwings	Christo Joy	1	3	0	0	33.33	RHB	c&b Mani Asron	30376963	1594831	Amiirtham - GTCC Fall league 2025	15	TENNIS
B	19007771	1	Redwings	Vishnu Nair	3	5	0	0	60.00	RHB	c Balkar singh b Manu Chowdary	21754141	1594831	Amiirtham - GTCC Fall league 2025	15	TENNIS
B	19007771	1	Redwings	Vaishnav	8	10	1	0	80.00	RHB	c Fardeen Khan b Balkar singh	31247987	1594831	Amiirtham - GTCC Fall league 2025	15	TENNIS
B	19007771	1	Redwings	Prince K Sunny	2	8	0	0	25.00	RHB	c †Raja Sekhar Reddy Gantla b Manu Chowdary	30402539	1594831	Amiirtham - GTCC Fall league 2025	15	TENNIS
B	19007771	1	Redwings	Abin Mathew	0	2	0	0	0.00	RHB	not out	30379080	1594831	Amiirtham - GTCC Fall league 2025	15	TENNIS
B	19007771	2	FERAL XI	Varun Jampani	3	4	0	0	75.00	RHB	c Manu Thomas b Vishnu Nair	15282785	1594831	Amiirtham - GTCC Fall league 2025	15	TENNIS
B	19007771	2	FERAL XI	Fardeen Khan	1	6	0	0	16.67	RHB	c Christo Joy b Akhil	27729185	1594831	Amiirtham - GTCC Fall league 2025	15	TENNIS
B	19007771	2	FERAL XI	Lovepreet Singh	16	8	1	2	200.00	RHB	c †Abhishek Rathnasingh b Christo Joy	42402918	1594831	Amiirtham - GTCC Fall league 2025	15	TENNIS
B	19007771	2	FERAL XI	Mani Asron	6	13	1	0	46.15	RHB	c †Abhishek Rathnasingh b Christo Joy	7371163	1594831	Amiirtham - GTCC Fall league 2025	15	TENNIS
B	19007771	2	FERAL XI	Manu Chowdary	7	27	0	0	25.93	RHB	run out † Abhishek Rathnasingh	31933873	1594831	Amiirtham - GTCC Fall league 2025	15	TENNIS
B	19007771	2	FERAL XI	Kish N	1	2	0	0	50.00	RHB	c †Abhishek Rathnasingh b Abin Mathew	39678439	1594831	Amiirtham - GTCC Fall league 2025	15	TENNIS
B	19007771	2	FERAL XI	Raja Sekhar Reddy Gantla  (wk)	4	9	0	0	44.44	RHB	run out Emil Pious / † Abhishek Rathnasingh	15282981	1594831	Amiirtham - GTCC Fall league 2025	15	TENNIS
B	19007771	2	FERAL XI	Kushal Reddy  (c)	13	13	1	0	100.00	RHB	not out	15283637	1594831	Amiirtham - GTCC Fall league 2025	15	TENNIS
B	19007771	2	FERAL XI	Jayakumar Narayanasamy	4	7	0	0	57.14	RHB	not out	32071080	1594831	Amiirtham - GTCC Fall league 2025	15	TENNIS
B	19007772	1	Deccan Warriors	SOHAIL MOHAMMED	9	11	1	0	81.82	RHB	c Deepan b Gopal Kanniappan	30347639	1594831	Amiirtham - GTCC Fall league 2025	15	TENNIS
B	19007772	1	Deccan Warriors	Abarar Vahora	16	17	1	0	94.12	RHB	c Santosh Natarajan b Santhosh Rajan	9964320	1594831	Amiirtham - GTCC Fall league 2025	15	TENNIS
B	19007772	1	Deccan Warriors	Syed Usama Shahzeb	9	6	0	1	150.00	RHB	c Santosh Natarajan b Pawankumar Peddibhotla	42452972	1594831	Amiirtham - GTCC Fall league 2025	15	TENNIS
B	19007772	1	Deccan Warriors	Mohammed Shahid Khan  (c)	4	15	0	0	26.67	RHB	c Pawankumar Peddibhotla b Magulan Duraipandian	15392532	1594831	Amiirtham - GTCC Fall league 2025	15	TENNIS
B	19007772	1	Deccan Warriors	Abdul mateen	3	10	0	0	30.00	RHB	c †Arunkumar b Magulan Duraipandian	30430033	1594831	Amiirtham - GTCC Fall league 2025	15	TENNIS
B	19007772	1	Deccan Warriors	Abdul Wahaid  (wk)	5	15	0	0	33.33	RHB	run out † Arunkumar / Santhosh Rajan	30347785	1594831	Amiirtham - GTCC Fall league 2025	15	TENNIS
B	19007772	1	Deccan Warriors	Mohammed Noman Hussain	0	3	0	0	0.00	RHB	c Magulan Duraipandian b Arun Inpamozhi	30523853	1594831	Amiirtham - GTCC Fall league 2025	15	TENNIS
B	19007772	1	Deccan Warriors	Syed Fasiuddin	5	3	1	0	166.67	RHB	c Pawankumar Peddibhotla b Santhosh Rajan	1956076	1594831	Amiirtham - GTCC Fall league 2025	15	TENNIS
B	19007772	1	Deccan Warriors	Azeemkhan Mohammed	12	10	0	1	120.00	RHB	not out	30348666	1594831	Amiirtham - GTCC Fall league 2025	15	TENNIS
B	19007772	2	Durham Strikers	Gopal Kanniappan	31	29	3	0	106.90	RHB	not out	27728606	1594831	Amiirtham - GTCC Fall league 2025	15	TENNIS
B	19007772	2	Durham Strikers	Yuvaraj Rajendran  (c)	24	24	4	0	100.00	RHB	c SOHAIL MOHAMMED b Mohammed Noman Hussain	16168824	1594831	Amiirtham - GTCC Fall league 2025	15	TENNIS
B	19007772	2	Durham Strikers	Santosh Natarajan	0	6	0	0	0.00	RHB	c Abdul Wahaid b Mohammed Noman Hussain	23117493	1594831	Amiirtham - GTCC Fall league 2025	15	TENNIS
B	19007772	2	Durham Strikers	Sarathy	5	10	0	0	50.00	RHB	not out	23102239	1594831	Amiirtham - GTCC Fall league 2025	15	TENNIS
B	19007770	1	Redwings	Jackson Ouseph	71	47	5	3	151.06	RHB	not out	21818163	1594831	Amiirtham - GTCC Fall league 2025	15	TENNIS
B	19007770	1	Redwings	Christo Joy	0	1	0	0	0.00	RHB	c&b Ravish Sharma	30376963	1594831	Amiirtham - GTCC Fall league 2025	15	TENNIS
B	19007770	1	Redwings	Emil Pious	13	11	1	1	118.18	RHB	c Ankur Agarwal b Zul Qazi	40407065	1594831	Amiirtham - GTCC Fall league 2025	15	TENNIS
B	19007770	1	Redwings	Prince K Sunny	10	12	0	0	83.33	RHB	st †Shyam Maheshwari b Ankur Agarwal	30402539	1594831	Amiirtham - GTCC Fall league 2025	15	TENNIS
B	19007770	1	Redwings	Abhishek Rathnasingh  (c & wk)	4	5	1	0	80.00	RHB	c Ankur Agarwal b Gursimran Chauhan	21828705	1594831	Amiirtham - GTCC Fall league 2025	15	TENNIS
B	19007770	1	Redwings	Vishnu Nair	9	9	1	0	100.00	RHB	c Dhruvrajsinh Vaghela b Mufiz Munshi	21754141	1594831	Amiirtham - GTCC Fall league 2025	15	TENNIS
B	19007770	1	Redwings	Vaishnav	7	5	1	0	140.00	RHB	not out	31247987	1594831	Amiirtham - GTCC Fall league 2025	15	TENNIS
B	19007770	2	Avengers	Ravish Sharma	11	15	1	0	73.33	RHB	c Akhil b Christo Joy	42374685	1594831	Amiirtham - GTCC Fall league 2025	15	TENNIS
B	19007770	2	Avengers	Darshan Patil	6	10	0	0	60.00	RHB	c †Abhishek Rathnasingh b Akhil	15303767	1594831	Amiirtham - GTCC Fall league 2025	15	TENNIS
B	19007770	2	Avengers	Dhruvrajsinh Vaghela	3	4	0	0	75.00	RHB	c †Abhishek Rathnasingh b Abin Mathew	42373842	1594831	Amiirtham - GTCC Fall league 2025	15	TENNIS
B	19007770	2	Avengers	Gursimran Chauhan  (c)	38	25	2	2	152.00	RHB	c †Abhishek Rathnasingh b Akhil	42350491	1594831	Amiirtham - GTCC Fall league 2025	15	TENNIS
B	19007770	2	Avengers	Ankur Agarwal	7	7	0	0	100.00	LHB	run out Christo Joy / Abin Mathew	42350503	1594831	Amiirtham - GTCC Fall league 2025	15	TENNIS
B	19007770	2	Avengers	Rohan Chadha	4	7	0	0	57.14	RHB	hit wkt b Melvin Thomas	42515675	1594831	Amiirtham - GTCC Fall league 2025	15	TENNIS
B	19007770	2	Avengers	CHINTAN PATEL	9	14	0	0	64.29	RHB	not out	42396014	1594831	Amiirtham - GTCC Fall league 2025	15	TENNIS
B	19007770	2	Avengers	Zul Qazi	10	8	1	0	125.00	RHB	not out	23053658	1594831	Amiirtham - GTCC Fall league 2025	15	TENNIS
B	19405021	1	Mavericks	Jijeesh Girija Vijayan	11	13	1	0	84.62	RHB	b Anudeep Kona	21760491	1594831	Amiirtham - GTCC Fall league 2025	15	TENNIS
B	19405021	1	Mavericks	Nasakath Shaikkumthodi	4	7	0	0	57.14	RHB	c †Prudhvi b Anudeep Kona	31273662	1594831	Amiirtham - GTCC Fall league 2025	15	TENNIS
B	19405021	1	Mavericks	Sajin Kumar	7	11	0	0	63.64	RHB	c Pardhu Madarapu b Harish Pannala(TPG)	30109342	1594831	Amiirtham - GTCC Fall league 2025	15	TENNIS
B	19405021	1	Mavericks	Allen Saju	45	27	5	1	166.67	RHB	c Abdul Aziz b Anudeep Kona	19803415	1594831	Amiirtham - GTCC Fall league 2025	15	TENNIS
B	19405021	1	Mavericks	Akhil Varghese  (c & wk)	20	16	1	2	125.00	RHB	c (sub) Arun Tattekere b Subbu Pakalapati	21088781	1594831	Amiirtham - GTCC Fall league 2025	15	TENNIS
B	19405021	1	Mavericks	Prasanth Pillai	2	2	0	0	100.00	RHB	c (sub) Arun Tattekere b Subbu Pakalapati	27671092	1594831	Amiirtham - GTCC Fall league 2025	15	TENNIS
B	19405021	1	Mavericks	Akhil Mathew	0	1	0	0	0.00	RHB	run out Pardhu Madarapu / Anudeep Kona	21845898	1594831	Amiirtham - GTCC Fall league 2025	15	TENNIS
B	19405021	1	Mavericks	Sanjay Charuvil	2	5	0	0	40.00	RHB	c Santosh Cheruku b Harish Pannala(TPG)	20873340	1594831	Amiirtham - GTCC Fall league 2025	15	TENNIS
B	19405021	1	Mavericks	Ebin Thankachan	12	5	0	2	240.00	RHB	c Anil Sunkara b Pardhu Madarapu	21088814	1594831	Amiirtham - GTCC Fall league 2025	15	TENNIS
B	19405021	1	Mavericks	Abhi Abraham	0	1	0	0	0.00	RHB	c Anudeep Kona b Harish Pannala(TPG)	27788556	1594831	Amiirtham - GTCC Fall league 2025	15	TENNIS
B	19405021	1	Mavericks	Mani Chandrasekaran	0	0	0	0	0.00	RHB	not out	21571134	1594831	Amiirtham - GTCC Fall league 2025	15	TENNIS
B	19405021	2	Trailblazers	Bharath Reddy	0	3	0	0	0.00	RHB	c †Akhil Varghese b Sajin Kumar	5949924	1594831	Amiirtham - GTCC Fall league 2025	15	TENNIS
B	19405021	2	Trailblazers	Abdul Aziz	9	6	1	0	150.00	RHB	c †Akhil Varghese b Allen Saju	22862830	1594831	Amiirtham - GTCC Fall league 2025	15	TENNIS
B	19405021	2	Trailblazers	Phani	10	24	0	0	41.67	RHB	c †Akhil Varghese b Allen Saju	132317	1594831	Amiirtham - GTCC Fall league 2025	15	TENNIS
B	19405021	2	Trailblazers	Anil Sunkara	2	5	0	0	40.00	RHB	c †Akhil Varghese b Ebin Thankachan	3913067	1594831	Amiirtham - GTCC Fall league 2025	15	TENNIS
B	19405021	2	Trailblazers	Anudeep Kona	0	1	0	0	0.00	RHB	c †Akhil Varghese b Ebin Thankachan	41692406	1594831	Amiirtham - GTCC Fall league 2025	15	TENNIS
B	19405021	2	Trailblazers	Uthej Kumar Pappu	14	13	1	1	107.69	RHB	c †Akhil Varghese b Nasakath Shaikkumthodi	5733409	1594831	Amiirtham - GTCC Fall league 2025	15	TENNIS
B	19405021	2	Trailblazers	Santosh Cheruku	0	1	0	0	0.00	RHB	b Allen Saju	15282824	1594831	Amiirtham - GTCC Fall league 2025	15	TENNIS
B	19405021	2	Trailblazers	Harish Pannala(TPG)  (c)	7	10	0	0	70.00	RHB	run out † Akhil Varghese / Sajin Kumar	3052877	1594831	Amiirtham - GTCC Fall league 2025	15	TENNIS
B	19405021	2	Trailblazers	Kareem	8	7	1	0	114.29	RHB	run out † Akhil Varghese / Sajin Kumar	15699053	1594831	Amiirtham - GTCC Fall league 2025	15	TENNIS
B	19405021	2	Trailblazers	Prudhvi  (wk)	6	7	0	0	85.71	RHB	c Nasakath Shaikkumthodi b Mani Chandrasekaran	31235771	1594831	Amiirtham - GTCC Fall league 2025	15	TENNIS
B	19405021	2	Trailblazers	Subbu Pakalapati	6	7	0	0	85.71	RHB	not out	132243	1594831	Amiirtham - GTCC Fall league 2025	15	TENNIS
B	19405024	1	Invincible Trailblazers	Prathap Reddy	5	10	0	0	50.00	RHB	b Samil Vig	1440078	1594831	Amiirtham - GTCC Fall league 2025	15	TENNIS
B	19405024	1	Invincible Trailblazers	sunil kumar M	12	10	1	1	120.00	RHB	c Japan babu b Jay Patel	23320728	1594831	Amiirtham - GTCC Fall league 2025	15	TENNIS
B	19405024	1	Invincible Trailblazers	Hemant Sachdeva	5	6	1	0	83.33	RHB	c †Charan Shekar b Rajesh Babu Gangula	6268118	1594831	Amiirtham - GTCC Fall league 2025	15	TENNIS
B	19405024	1	Invincible Trailblazers	Aftab  (c)	45	33	1	4	136.36	RHB	c †Charan Shekar b Rajesh Babu Gangula	1541269	1594831	Amiirtham - GTCC Fall league 2025	15	TENNIS
B	19405024	1	Invincible Trailblazers	Brijesh Shivam  (wk)	3	6	0	0	50.00	LHB	c Japan babu b Samil Vig	2113085	1594831	Amiirtham - GTCC Fall league 2025	15	TENNIS
B	19405024	1	Invincible Trailblazers	Seethamraju Pavan	3	5	0	0	60.00	LHB	c Charan Shekar b Dharmendra Singh parihar	460319	1594831	Amiirtham - GTCC Fall league 2025	15	TENNIS
B	19405024	1	Invincible Trailblazers	Kvs Narayana	0	2	0	0	0.00	RHB	b Jay Patel	13816654	1594831	Amiirtham - GTCC Fall league 2025	15	TENNIS
B	19405024	1	Invincible Trailblazers	Viraj	9	7	1	0	128.57	RHB	c Raghu b Rajesh Babu Gangula	4143349	1594831	Amiirtham - GTCC Fall league 2025	15	TENNIS
B	19405024	1	Invincible Trailblazers	Amit Kumar	8	8	0	1	100.00	RHB	c †Charan Shekar b Rajesh Babu Gangula	5527593	1594831	Amiirtham - GTCC Fall league 2025	15	TENNIS
B	19405024	1	Invincible Trailblazers	Ginil Joseph	2	1	0	0	200.00	RHB	run out Viral Patel / Rajesh Babu Gangula	27672341	1594831	Amiirtham - GTCC Fall league 2025	15	TENNIS
B	19405024	1	Invincible Trailblazers	Barani S	0	0	0	0	0.00	RHB	not out	21595698	1594831	Amiirtham - GTCC Fall league 2025	15	TENNIS
B	19405024	2	DSK Friends XI	Viral Patel	11	8	1	1	137.50	RHB	c Brijesh Shivam b Ginil Joseph	15815175	1594831	Amiirtham - GTCC Fall league 2025	15	TENNIS
B	19405024	2	DSK Friends XI	Jay Patel	2	3	0	0	66.67	RHB	run out Barani S / YOGEESHA NAIK	89124	1594831	Amiirtham - GTCC Fall league 2025	15	TENNIS
B	19405024	2	DSK Friends XI	Raghu	5	5	1	0	100.00	LHB	c (sub) Abhishek Chennamaneni b YOGEESHA NAIK	11086394	1594831	Amiirtham - GTCC Fall league 2025	15	TENNIS
B	19405024	2	DSK Friends XI	Japan babu	19	12	3	0	158.33	RHB	c Aftab b Seethamraju Pavan	39090306	1594831	Amiirtham - GTCC Fall league 2025	15	TENNIS
B	19405024	2	DSK Friends XI	Luxminarayanan Venkatapathy	4	11	0	0	36.36	RHB	c †Brijesh Shivam b Hemant Sachdeva	19801237	1594831	Amiirtham - GTCC Fall league 2025	15	TENNIS
B	19405024	2	DSK Friends XI	Charan Shekar	10	14	0	0	71.43	RHB	b Amit Kumar	6268008	1594831	Amiirtham - GTCC Fall league 2025	15	TENNIS
B	19405024	2	DSK Friends XI	Shishir Saxena	9	14	0	0	64.29	RHB	run out (sub) Abhishek Chennamaneni / Ginil Joseph	16293688	1594831	Amiirtham - GTCC Fall league 2025	15	TENNIS
B	19405024	2	DSK Friends XI	Justus Charles  (c)	13	16	1	1	81.25	RHB	c (sub) Abhishek Chennamaneni b Brijesh Shivam	16786226	1594831	Amiirtham - GTCC Fall league 2025	15	TENNIS
B	19405024	2	DSK Friends XI	Dharmendra Singh parihar	14	8	1	1	175.00	RHB	not out	23337498	1594831	Amiirtham - GTCC Fall league 2025	15	TENNIS
B	19405024	2	DSK Friends XI	Balaji Vijayakumar	1	1	0	0	100.00	RHB	not out	23028656	1594831	Amiirtham - GTCC Fall league 2025	15	TENNIS
B	19160563	1	Nizam Royal Knights	Naveen Reddy	15	16	3	0	93.75	RHB	c Abhy b Bilal Munir	15711723	1594831	Amiirtham - GTCC Fall league 2025	15	TENNIS
B	19160563	1	Nizam Royal Knights	Sampath Kantimahanthi	12	15	3	0	80.00	LHB	c Jasraj Singh b Harmeet Singh	30048429	1594831	Amiirtham - GTCC Fall league 2025	15	TENNIS
B	19160563	1	Nizam Royal Knights	Pranay Reddy	35	24	2	2	145.83	RHB	run out Rahul Romana / Ragu Sharma	18543580	1594831	Amiirtham - GTCC Fall league 2025	15	TENNIS
B	19160563	1	Nizam Royal Knights	Prabhu Gubbala	2	4	0	0	50.00	RHB	c Harmeet Singh b Jasraj Singh	25879672	1594831	Amiirtham - GTCC Fall league 2025	15	TENNIS
B	19160563	1	Nizam Royal Knights	Sattireddy Nalmala  (wk)	3	6	0	0	50.00	RHB	c Parry b Harmeet Singh	128334	1594831	Amiirtham - GTCC Fall league 2025	15	TENNIS
B	19160563	1	Nizam Royal Knights	Anvesh Reddy  (c)	13	9	3	0	144.44	RHB	c Parry b Shaibaz Khan	30346362	1594831	Amiirtham - GTCC Fall league 2025	15	TENNIS
B	19160563	1	Nizam Royal Knights	Kishore DK	31	17	1	4	182.35	LHB	not out	21832964	1594831	Amiirtham - GTCC Fall league 2025	15	TENNIS
B	19160563	2	Golden City	Parry  (c)	29	29	3	1	100.00	RHB	c Raghu Reddy b Kishore DK	38211758	1594831	Amiirtham - GTCC Fall league 2025	15	TENNIS
B	19160563	2	Golden City	Abhy	0	0	0	0	0.00	RHB	run out Charith Reddy / Anvesh Reddy	39113369	1594831	Amiirtham - GTCC Fall league 2025	15	TENNIS
B	19160563	2	Golden City	Harjot Singh Toor	12	11	1	1	109.09	RHB	c Naveen Reddy b Ranjeeth Reddy M	41538204	1594831	Amiirtham - GTCC Fall league 2025	15	TENNIS
B	19160563	2	Golden City	Abhishek Thakur	8	13	0	0	61.54	LHB	c Naveen Reddy b Rajpal Reddy	39122063	1594831	Amiirtham - GTCC Fall league 2025	15	TENNIS
B	19160563	2	Golden City	Shaibaz Khan	1	3	0	0	33.33	RHB	c †Sattireddy Nalmala b Pranay Reddy	41537512	1594831	Amiirtham - GTCC Fall league 2025	15	TENNIS
B	19160563	2	Golden City	Bilal Munir	23	15	1	2	153.33	RHB	c Pranay Reddy b Raghu Reddy	41846827	1594831	Amiirtham - GTCC Fall league 2025	15	TENNIS
B	19160563	2	Golden City	Jasraj Singh	6	5	0	0	120.00	RHB	c Rajpal Reddy b Raghu Reddy	42437530	1594831	Amiirtham - GTCC Fall league 2025	15	TENNIS
B	19160563	2	Golden City	Harpreet Parmar	0	1	0	0	0.00	RHB	c †Sattireddy Nalmala b Raghu Reddy	42046780	1594831	Amiirtham - GTCC Fall league 2025	15	TENNIS
B	19160563	2	Golden City	Ragu Sharma	15	7	1	1	214.29	RHB	c Raghu Reddy b Kishore DK	39147762	1594831	Amiirtham - GTCC Fall league 2025	15	TENNIS
B	19160563	2	Golden City	Mohit K	2	5	0	0	40.00	RHB	not out	39112810	1594831	Amiirtham - GTCC Fall league 2025	15	TENNIS
B	19160563	2	Golden City	Rahul Romana	1	1	0	0	100.00	RHB	not out	42437234	1594831	Amiirtham - GTCC Fall league 2025	15	TENNIS
B	19405042	1	Team Manjummel	Sampath kumar madala	38	20	6	1	190.00	RHB	c Dhruvin Patel b Rajeshwar Bose	15283339	1594831	Amiirtham - GTCC Fall league 2025	15	TENNIS
B	19405042	1	Team Manjummel	Junaid khan	6	4	0	1	150.00	RHB	c †Dirgh Raval b Harsh Patel	42504301	1594831	Amiirtham - GTCC Fall league 2025	15	TENNIS
B	19405042	1	Team Manjummel	Mahendra Pullaganti	0	4	0	0	0.00	RHB	c (sub) Avijit Shaw b Bishal Chakraborty	29518729	1594831	Amiirtham - GTCC Fall league 2025	15	TENNIS
B	19405042	1	Team Manjummel	Tharun kumar Jalli	2	5	0	0	40.00	RHB	c Deep Patel b Rajeshwar Bose	29519121	1594831	Amiirtham - GTCC Fall league 2025	15	TENNIS
B	19405042	1	Team Manjummel	Junaid Jr	4	14	0	0	28.57	RHB	run out † Dirgh Raval	42515948	1594831	Amiirtham - GTCC Fall league 2025	15	TENNIS
B	19405042	1	Team Manjummel	Vinod Goud Boyapalli	16	14	1	1	114.29	RHB	c Nisarggggggg b Deep Patel	32071427	1594831	Amiirtham - GTCC Fall league 2025	15	TENNIS
B	19405042	1	Team Manjummel	Srujan Gandla	23	17	3	1	135.29	LHB	c Dhruvin Patel b Harsh Patel	23847345	1594831	Amiirtham - GTCC Fall league 2025	15	TENNIS
B	19405042	1	Team Manjummel	Nikhil battula	8	9	0	0	88.89	RHB	not out	32301207	1594831	Amiirtham - GTCC Fall league 2025	15	TENNIS
B	19405042	1	Team Manjummel	Nagarjuna Ambati	3	3	0	0	100.00	RHB	not out	15349761	1594831	Amiirtham - GTCC Fall league 2025	15	TENNIS
B	19405042	2	Harmony Strikers	Deep Patel	9	12	1	0	75.00	RHB	b Junaid khan	29734345	1594831	Amiirtham - GTCC Fall league 2025	15	TENNIS
B	19405042	2	Harmony Strikers	Nisarggggggg	13	7	0	1	185.71	RHB	b Uday Sai Reddy	6910094	1594831	Amiirtham - GTCC Fall league 2025	15	TENNIS
B	19405042	2	Harmony Strikers	Dhruvin Patel	31	29	3	1	106.90	RHB	not out	15140688	1594831	Amiirtham - GTCC Fall league 2025	15	TENNIS
B	19405042	2	Harmony Strikers	Rajeshwar Bose  (c)	28	18	5	0	155.56	RHB	c Srujan Gandla b Vinod Goud Boyapalli	9928620	1594831	Amiirtham - GTCC Fall league 2025	15	TENNIS
B	19405042	2	Harmony Strikers	Dirgh Raval  (wk)	20	10	1	2	200.00	RHB	b Srujan Gandla	31266663	1594831	Amiirtham - GTCC Fall league 2025	15	TENNIS
B	19405042	2	Harmony Strikers	Rohan Patel	0	2	0	0	0.00	RHB	b Uday Sai Reddy	31267764	1594831	Amiirtham - GTCC Fall league 2025	15	TENNIS
B	19405042	2	Harmony Strikers	Bishal Chakraborty	7	3	0	1	233.33	LHB	not out	31271439	1594831	Amiirtham - GTCC Fall league 2025	15	TENNIS
B	19405029	1	Maratha Warriors - GTCC	Chandan Ramesh	13	14	2	0	92.86	RHB	c Dileep Nannore b Naren C	23042421	1594831	Amiirtham - GTCC Fall league 2025	15	TENNIS
B	19405029	1	Maratha Warriors - GTCC	Vineesh  M	0	3	0	0	0.00	RHB	c Prudhvi Raj b Kiran Chigiri	27672383	1594831	Amiirtham - GTCC Fall league 2025	15	TENNIS
B	19405029	1	Maratha Warriors - GTCC	Jinto Eliyas  (wk)	1	3	0	0	33.33	LHB	c Venkata Balaji Balabha Drapatruni b Kiran Chigiri	21834838	1594831	Amiirtham - GTCC Fall league 2025	15	TENNIS
B	19405029	1	Maratha Warriors - GTCC	Sai Prakash Balamandakottam	22	24	0	0	91.67	RHB	run out Sheshasai Kankipati	9729000	1594831	Amiirtham - GTCC Fall league 2025	15	TENNIS
B	19405029	1	Maratha Warriors - GTCC	Pratik Udawant	7	18	0	0	38.89	RHB	retired hurt	31286233	1594831	Amiirtham - GTCC Fall league 2025	15	TENNIS
B	19405029	1	Maratha Warriors - GTCC	Vivin Thomas	48	15	2	6	320.00	RHB	c Kiran Chigiri b Naren C	21919124	1594831	Amiirtham - GTCC Fall league 2025	15	TENNIS
B	19405029	1	Maratha Warriors - GTCC	Anu Krishnan	23	10	3	1	230.00	RHB	st †Junaid Usmani b Sheshasai Kankipati	9017665	1594831	Amiirtham - GTCC Fall league 2025	15	TENNIS
B	19405029	1	Maratha Warriors - GTCC	Arun Baby	2	3	0	0	66.67	RHB	not out	27672366	1594831	Amiirtham - GTCC Fall league 2025	15	TENNIS
B	19405029	2	Whitby Thunderbolts Gtcc fall	Karan Bhatt	8	10	1	0	80.00	RHB	c Vivin Thomas b Sohail khalili	43639731	1594831	Amiirtham - GTCC Fall league 2025	15	TENNIS
B	19405029	2	Whitby Thunderbolts Gtcc fall	Sheshasai Kankipati	0	4	0	0	0.00	RHB	c Vineesh  M b Sohail khalili	9202209	1594831	Amiirtham - GTCC Fall league 2025	15	TENNIS
B	19405029	2	Whitby Thunderbolts Gtcc fall	Junaid Usmani  (wk)	18	15	1	2	120.00	RHB	c Arun Baby b Pratik Udawant	15998322	1594831	Amiirtham - GTCC Fall league 2025	15	TENNIS
B	19405029	2	Whitby Thunderbolts Gtcc fall	Venkata Balaji Balabha Drapatruni	1	9	0	0	11.11	LHB	c Chandan Ramesh b Rajeev Swaminathan	23656575	1594831	Amiirtham - GTCC Fall league 2025	15	TENNIS
B	19405029	2	Whitby Thunderbolts Gtcc fall	Dileep Nannore  (c)	37	25	4	2	148.00	RHB	c Anu Krishnan b Vivin Thomas	15992998	1594831	Amiirtham - GTCC Fall league 2025	15	TENNIS
B	19405029	2	Whitby Thunderbolts Gtcc fall	Santhosh Gangu	12	5	1	1	240.00	RHB	c †Jinto Eliyas b Pratik Udawant	23656534	1594831	Amiirtham - GTCC Fall league 2025	15	TENNIS
B	19405029	2	Whitby Thunderbolts Gtcc fall	Naren C	0	1	0	0	0.00	RHB	b Arun Baby	24254648	1594831	Amiirtham - GTCC Fall league 2025	15	TENNIS
B	19405029	2	Whitby Thunderbolts Gtcc fall	Sai Sharan Pandramish	2	4	0	0	50.00	RHB	b Vivin Thomas	23646490	1594831	Amiirtham - GTCC Fall league 2025	15	TENNIS
B	19405029	2	Whitby Thunderbolts Gtcc fall	Prudhvi Raj	0	2	0	0	0.00	RHB	c&b Vivin Thomas	19806210	1594831	Amiirtham - GTCC Fall league 2025	15	TENNIS
B	19405029	2	Whitby Thunderbolts Gtcc fall	Kiran Chigiri	10	7	1	0	142.86	RHB	not out	22537910	1594831	Amiirtham - GTCC Fall league 2025	15	TENNIS
B	19405029	2	Whitby Thunderbolts Gtcc fall	Harish Challa	0	3	0	0	0.00	RHB	c&b Pratik Udawant	41671001	1594831	Amiirtham - GTCC Fall league 2025	15	TENNIS
B	19405047	1	TCF	Srikanth Reddy P	4	2	1	0	200.00	RHB	c Afzal Khan b Arpit Mecwan	9118169	1594831	Amiirtham - GTCC Fall league 2025	15	TENNIS
B	19405047	1	TCF	Sudheer Aki	45	21	3	4	214.29	RHB	c Sharvam Buch b ASH KENNETH	14762522	1594831	Amiirtham - GTCC Fall league 2025	15	TENNIS
B	19405047	1	TCF	Srinath Asopa	21	13	4	0	161.54	LHB	c Sharvam Buch b Ashish Andani	31710694	1594831	Amiirtham - GTCC Fall league 2025	15	TENNIS
B	19405047	1	TCF	Abhinay	37	24	0	3	154.17	RHB	run out Hassan Bhai Cricket / Sharvam Buch	104346	1594831	Amiirtham - GTCC Fall league 2025	15	TENNIS
B	19405047	1	TCF	Varun Kakubal	62	28	4	5	221.43	LHB	not out	23206427	1594831	Amiirtham - GTCC Fall league 2025	15	TENNIS
B	19405047	1	TCF	Ananda Reddy Yarradoddi  (c)	0	2	0	0	0.00	RHB	c ASH KENNETH b Shoeb Mankar	21776986	1594831	Amiirtham - GTCC Fall league 2025	15	TENNIS
B	19405047	1	TCF	Sharath Reddy Kongari	3	4	0	0	75.00	RHB	not out	23027924	1594831	Amiirtham - GTCC Fall league 2025	15	TENNIS
B	19405047	2	Royal Challengers Bowmanville	SYED FASIUDDIN  (wk)	19	12	2	0	158.33	RHB	b Sharath Reddy Kongari	23808709	1594831	Amiirtham - GTCC Fall league 2025	15	TENNIS
B	19405047	2	Royal Challengers Bowmanville	Ashish Andani	32	16	4	2	200.00	RHB	c Teja Kokkula b Sharath Reddy Kongari	16014847	1594831	Amiirtham - GTCC Fall league 2025	15	TENNIS
B	19405047	2	Royal Challengers Bowmanville	Shoeb Mankar	2	4	0	0	50.00	RHB	c †Teja Kokkula b Ananda Reddy Yarradoddi	27669723	1594831	Amiirtham - GTCC Fall league 2025	15	TENNIS
B	19405047	2	Royal Challengers Bowmanville	ASH KENNETH	1	8	0	0	12.50	LHB	c (sub)  b Praveen Reddy	31422300	1594831	Amiirtham - GTCC Fall league 2025	15	TENNIS
B	19405047	2	Royal Challengers Bowmanville	Afzal Khan  (c)	2	8	0	0	25.00	RHB	b Ananda Reddy Yarradoddi	42313627	1594831	Amiirtham - GTCC Fall league 2025	15	TENNIS
B	19405047	2	Royal Challengers Bowmanville	Zubair Majidi	1	3	0	0	33.33	RHB	c †Teja Kokkula b JayaKrishna Gujjari	31639051	1594831	Amiirtham - GTCC Fall league 2025	15	TENNIS
B	19405047	2	Royal Challengers Bowmanville	Hassan Bhai Cricket	5	10	0	0	50.00	RHB	c Chandan Volkaji b Praveen Reddy	42463647	1594831	Amiirtham - GTCC Fall league 2025	15	TENNIS
B	19405047	2	Royal Challengers Bowmanville	Arpit Mecwan	14	10	1	1	140.00	RHB	c Sharath Reddy Kongari b Praveen Reddy	32351586	1594831	Amiirtham - GTCC Fall league 2025	15	TENNIS
B	19405047	2	Royal Challengers Bowmanville	Sharvam Buch	7	15	0	0	46.67	LHB	not out	42476178	1594831	Amiirtham - GTCC Fall league 2025	15	TENNIS
B	19405047	2	Royal Challengers Bowmanville	Hamza khan	4	4	0	0	100.00	RHB	c Teja Kokkula b Abhinay	23093111	1594831	Amiirtham - GTCC Fall league 2025	15	TENNIS
B	19405047	2	Royal Challengers Bowmanville	Alos Macwan	0	1	0	0	0.00	RHB	not out	42476139	1594831	Amiirtham - GTCC Fall league 2025	15	TENNIS
B	19437504	1	Nizam Royal Knights	Sampath Kantimahanthi	9	6	2	0	150.00	LHB	c †Faisal Yafai b Hassan khulaidi	30048429	1594831	Amiirtham - GTCC Fall league 2025	15	TENNIS
B	19437504	1	Nizam Royal Knights	Naveen Reddy	20	15	3	0	133.33	RHB	c Hassan khulaidi b Sam	15711723	1594831	Amiirtham - GTCC Fall league 2025	15	TENNIS
B	19437504	1	Nizam Royal Knights	Raghu Reddy	12	19	0	0	63.16	RHB	c MOHAMMED MANNAN ALI b Mohammed Emad	15998250	1594831	Amiirtham - GTCC Fall league 2025	15	TENNIS
B	19437504	1	Nizam Royal Knights	Pranay Reddy	15	23	1	0	65.22	RHB	c Irfan Mohammed b Hassan khulaidi	18543580	1594831	Amiirtham - GTCC Fall league 2025	15	TENNIS
B	19437504	1	Nizam Royal Knights	Kishore DK	13	13	0	1	100.00	LHB	b Sam	21832964	1594831	Amiirtham - GTCC Fall league 2025	15	TENNIS
B	19437504	1	Nizam Royal Knights	Anvesh Reddy  (c)	0	1	0	0	0.00	RHB	b Hassan khulaidi	30346362	1594831	Amiirtham - GTCC Fall league 2025	15	TENNIS
B	19437504	1	Nizam Royal Knights	Sattireddy Nalmala  (wk)	2	4	0	0	50.00	RHB	not out	128334	1594831	Amiirtham - GTCC Fall league 2025	15	TENNIS
B	19437504	1	Nizam Royal Knights	Gopikrishna reddy	13	9	0	0	144.44	RHB	not out	16013884	1594831	Amiirtham - GTCC Fall league 2025	15	TENNIS
B	19437504	2	Downtown Hunterz	Hassan khulaidi	16	11	1	1	145.45	RHB	c †Sattireddy Nalmala b Sampath Kantimahanthi	31856676	1594831	Amiirtham - GTCC Fall league 2025	15	TENNIS
B	19437504	2	Downtown Hunterz	Sam	4	2	1	0	200.00	RHB	b Ashok Vatrapu	42529904	1594831	Amiirtham - GTCC Fall league 2025	15	TENNIS
B	19437504	2	Downtown Hunterz	Mohammed munawar ali	9	14	1	0	64.29	RHB	b Maniteja Yerra	31861656	1594831	Amiirtham - GTCC Fall league 2025	15	TENNIS
B	19437504	2	Downtown Hunterz	Mohammed kaif	6	6	1	0	100.00	RHB	c Kishore DK b Ranjeeth Reddy M	39542771	1594831	Amiirtham - GTCC Fall league 2025	15	TENNIS
B	19437504	2	Downtown Hunterz	Irfan Mohammed	6	14	0	0	42.86	RHB	c †Sattireddy Nalmala b Sampath Kantimahanthi	15608701	1594831	Amiirtham - GTCC Fall league 2025	15	TENNIS
B	19437504	2	Downtown Hunterz	Akram khan	19	25	1	0	76.00	LHB	c&b Kishore DK	31095416	1594831	Amiirtham - GTCC Fall league 2025	15	TENNIS
B	19437504	2	Downtown Hunterz	Faisal Yafai  (c & wk)	4	7	0	0	57.14	RHB	c Rajpal Reddy b Pranay Reddy	10200084	1594831	Amiirtham - GTCC Fall league 2025	15	TENNIS
B	19437504	2	Downtown Hunterz	MOHAMMED MANNAN ALI	11	9	2	0	122.22	RHB	c Sampath Kantimahanthi b Ranjeeth Reddy M	41759501	1594831	Amiirtham - GTCC Fall league 2025	15	TENNIS
B	19437504	2	Downtown Hunterz	Mir Mujahed Ali	3	2	0	0	150.00	RHB	not out	16147525	1594831	Amiirtham - GTCC Fall league 2025	15	TENNIS
B	19405058	1	Friends United - Fall T15	Saurav	22	18	3	0	122.22	RHB	c Mohammed kaif b Mir Mujahed Ali	38188893	1594831	Amiirtham - GTCC Fall league 2025	15	TENNIS
B	19405058	1	Friends United - Fall T15	Amandeep Singh	0	1	0	0	0.00	RHB	c †Faisal Yafai b Faisal Khan	39148817	1594831	Amiirtham - GTCC Fall league 2025	15	TENNIS
B	19405058	1	Friends United - Fall T15	Aashish TIWARI	8	11	1	0	72.73	RHB	run out MOHAMMED MANNAN ALI / Hassan khulaidi	822337	1594831	Amiirtham - GTCC Fall league 2025	15	TENNIS
B	19405058	1	Friends United - Fall T15	Vishal DR  (wk)	14	11	2	0	127.27	LHB	c Faisal Khan b Irfan Mohammed	9964315	1594831	Amiirtham - GTCC Fall league 2025	15	TENNIS
B	19405058	1	Friends United - Fall T15	Ravi  (wk)	17	10	0	2	170.00	RHB	c Hassan khulaidi b Mir Mujahed Ali	1153446	1594831	Amiirtham - GTCC Fall league 2025	15	TENNIS
B	19405058	1	Friends United - Fall T15	Navdeep Singh  (c)	14	10	2	0	140.00	RHB	c Mohammed munawar ali b Hassan khulaidi	39095211	1594831	Amiirtham - GTCC Fall league 2025	15	TENNIS
B	19405058	1	Friends United - Fall T15	Ranjit Cricket	1	2	0	0	50.00	RHB	b Mohammed Emad	15000636	1594831	Amiirtham - GTCC Fall league 2025	15	TENNIS
B	19405058	1	Friends United - Fall T15	Prince	7	14	0	0	50.00	RHB	not out	23202334	1594831	Amiirtham - GTCC Fall league 2025	15	TENNIS
B	19405058	1	Friends United - Fall T15	Karan Bajwa	1	4	0	0	25.00	RHB	c Mohammed kaif b Mohammed Emad	6249085	1594831	Amiirtham - GTCC Fall league 2025	15	TENNIS
B	19405058	1	Friends United - Fall T15	Ashu Sharma	5	6	0	0	83.33	RHB	c Sam b Mohammed Emad	6562419	1594831	Amiirtham - GTCC Fall league 2025	15	TENNIS
B	19405058	1	Friends United - Fall T15	Dharmik Patel	2	4	0	0	50.00	RHB	c Hassan khulaidi b Mohammed Emad	23033837	1594831	Amiirtham - GTCC Fall league 2025	15	TENNIS
B	19405058	2	Downtown Hunterz	Sam	11	11	1	0	100.00	RHB	b Vishal DR	42529904	1594831	Amiirtham - GTCC Fall league 2025	15	TENNIS
B	19405058	2	Downtown Hunterz	Irfan Mohammed	54	40	3	4	135.00	RHB	not out	15608701	1594831	Amiirtham - GTCC Fall league 2025	15	TENNIS
B	19405058	2	Downtown Hunterz	Hassan khulaidi	16	19	1	0	84.21	RHB	c †Vishal DR b Ravi	31856676	1594831	Amiirtham - GTCC Fall league 2025	15	TENNIS
B	19405058	2	Downtown Hunterz	Faisal Yafai  (c & wk)	0	1	0	0	0.00	RHB	c&b Ravi	10200084	1594831	Amiirtham - GTCC Fall league 2025	15	TENNIS
B	19405058	2	Downtown Hunterz	Mohammed kaif	0	4	0	0	0.00	RHB	c&b Ravi	39542771	1594831	Amiirtham - GTCC Fall league 2025	15	TENNIS
B	19405058	2	Downtown Hunterz	Akram khan	11	8	0	1	137.50	LHB	c Dharmik Patel b Ravi	31095416	1594831	Amiirtham - GTCC Fall league 2025	15	TENNIS
B	19405058	2	Downtown Hunterz	MOHAMMED MANNAN ALI	1	1	0	0	100.00	RHB	run out Saurav / Amandeep Singh	41759501	1594831	Amiirtham - GTCC Fall league 2025	15	TENNIS
B	19405058	2	Downtown Hunterz	Mir Mujahed Ali	1	2	0	0	50.00	RHB	not out	16147525	1594831	Amiirtham - GTCC Fall league 2025	15	TENNIS
B	19405052	1	Durham United	Amitkumar Gupta  (wk)	3	5	0	0	60.00	RHB	c&b Parbjot Singh Aulakh	40436326	1594831	Amiirtham - GTCC Fall league 2025	15	TENNIS
B	19405052	1	Durham United	Abhishek Koneri	0	1	0	0	0.00	RHB	c †Bikramjeet singh b Lovepreet Khosa	9779769	1594831	Amiirtham - GTCC Fall league 2025	15	TENNIS
B	19405052	1	Durham United	Aniket Sengar	4	8	0	0	50.00	LHB	c Bikramjeet singh b Parbjot Singh Aulakh	42504280	1594831	Amiirtham - GTCC Fall league 2025	15	TENNIS
B	19405052	1	Durham United	Baljinder Singh	15	21	1	0	71.43	RHB	b Ashu Sharma	4138232	1594831	Amiirtham - GTCC Fall league 2025	15	TENNIS
B	19405052	1	Durham United	Mohit Palkar	41	25	3	2	164.00	RHB	c Jaskaran  b Lovepreet Khosa	30088867	1594831	Amiirtham - GTCC Fall league 2025	15	TENNIS
B	19405052	1	Durham United	Pulkit Malhotra	12	13	2	0	92.31	RHB	c †Bikramjeet singh b Amritpal  Singh	30168192	1594831	Amiirtham - GTCC Fall league 2025	15	TENNIS
B	19405052	1	Durham United	Nikhil Rana	0	4	0	0	0.00	RHB	c Jugraj Singh b Amritpal  Singh	32554738	1594831	Amiirtham - GTCC Fall league 2025	15	TENNIS
B	19405052	1	Durham United	Tarun jaswal	1	1	0	0	100.00	RHB	not out	30147776	1594831	Amiirtham - GTCC Fall league 2025	15	TENNIS
B	19405052	1	Durham United	Kunal Ghaware	5	4	1	0	125.00	RHB	c Jugraj Singh b Ashu Sharma	32815971	1594831	Amiirtham - GTCC Fall league 2025	15	TENNIS
B	19405052	1	Durham United	Utkarsh Siingh	0	1	0	0	0.00	LHB	c Lovepreet Khosa b Ashu Sharma	15282905	1594831	Amiirtham - GTCC Fall league 2025	15	TENNIS
B	19405052	1	Durham United	Girish Shivnani  (c)	0	2	0	0	0.00	RHB	c&b Ashu Sharma	5624526	1594831	Amiirtham - GTCC Fall league 2025	15	TENNIS
B	19405052	2	Royal Punjab	Vikram Singh	2	6	0	0	33.33	RHB	c †Amitkumar Gupta b Nikhil Rana	41170578	1594831	Amiirtham - GTCC Fall league 2025	15	TENNIS
B	19405052	2	Royal Punjab	Prince	27	31	4	0	87.10	RHB	c †Amitkumar Gupta b Utkarsh Siingh	23012388	1594831	Amiirtham - GTCC Fall league 2025	15	TENNIS
B	19405052	2	Royal Punjab	Gurwinder Toor	15	14	3	0	107.14	LHB	c Girish Shivnani b Tarun jaswal	31489988	1594831	Amiirtham - GTCC Fall league 2025	15	TENNIS
B	19405052	2	Royal Punjab	Bikramjeet singh  (wk)	8	10	0	0	80.00	RHB	c Kunal Ghaware b Utkarsh Siingh	41099524	1594831	Amiirtham - GTCC Fall league 2025	15	TENNIS
B	19405052	2	Royal Punjab	Amrit Amrit	12	14	1	0	85.71	RHB	run out Kunal Ghaware / † Amitkumar Gupta	41671523	1594831	Amiirtham - GTCC Fall league 2025	15	TENNIS
B	19405052	2	Royal Punjab	Lovepreet Khosa	0	1	0	0	0.00	RHB	c Mohit Palkar b Utkarsh Siingh	41122178	1594831	Amiirtham - GTCC Fall league 2025	15	TENNIS
B	19405052	2	Royal Punjab	Jaskaran 	2	4	0	0	50.00	RHB	run out Mohit Palkar	39251673	1594831	Amiirtham - GTCC Fall league 2025	15	TENNIS
B	19405052	2	Royal Punjab	Amritpal  Singh	0	5	0	0	0.00	RHB	c †Amitkumar Gupta b Ashwin Shankar	41127556	1594831	Amiirtham - GTCC Fall league 2025	15	TENNIS
B	19405052	2	Royal Punjab	Jasandeep Jasandeep  (c)	0	0	0	0	0.00	RHB	not out	41089636	1594831	Amiirtham - GTCC Fall league 2025	15	TENNIS
B	19405052	2	Royal Punjab	Ashu Sharma	0	2	0	0	0.00	RHB	b Aniket Sengar	41099374	1594831	Amiirtham - GTCC Fall league 2025	15	TENNIS
B	19405052	2	Royal Punjab	Jugraj Singh	0	1	0	0	0.00	RHB	b Aniket Sengar	41127561	1594831	Amiirtham - GTCC Fall league 2025	15	TENNIS
B	19438027	1	TCF	Srikanth Reddy P	3	4	0	0	75.00	RHB	c Seethamraju Pavan b YOGEESHA NAIK	9118169	1594831	Amiirtham - GTCC Fall league 2025	15	TENNIS
B	19438027	1	TCF	Sudheer Aki	66	42	7	2	157.14	RHB	c Kvs Narayana b Aftab	14762522	1594831	Amiirtham - GTCC Fall league 2025	15	TENNIS
B	19438027	1	TCF	Srinath Asopa	6	5	1	0	120.00	LHB	c Addy b YOGEESHA NAIK	31710694	1594831	Amiirtham - GTCC Fall league 2025	15	TENNIS
B	19438027	1	TCF	Abhinay	28	21	0	2	133.33	RHB	c Aftab b Ginil Joseph	104346	1594831	Amiirtham - GTCC Fall league 2025	15	TENNIS
B	19438027	1	TCF	Varun Kakubal	4	2	1	0	200.00	LHB	c Viraj b Aftab	23206427	1594831	Amiirtham - GTCC Fall league 2025	15	TENNIS
B	19438027	1	TCF	Ananda Reddy Yarradoddi  (c)	8	7	0	0	114.29	RHB	c †Seethamraju Pavan b Aftab	21776986	1594831	Amiirtham - GTCC Fall league 2025	15	TENNIS
B	19438027	1	TCF	Sharath Reddy Kongari	4	2	1	0	200.00	RHB	c (sub)  b Ginil Joseph	23027924	1594831	Amiirtham - GTCC Fall league 2025	15	TENNIS
B	19438027	1	TCF	Teja Kokkula  (wk)	9	5	1	0	180.00	RHB	not out	14055267	1594831	Amiirtham - GTCC Fall league 2025	15	TENNIS
B	19438027	1	TCF	Praveen Reddy	0	1	0	0	0.00	LHB	c sunil kumar M b Aftab	5413093	1594831	Amiirtham - GTCC Fall league 2025	15	TENNIS
B	19438027	1	TCF	Chandan Volkaji	6	1	0	1	600.00	RHB	not out	31779636	1594831	Amiirtham - GTCC Fall league 2025	15	TENNIS
B	19438027	2	Invincible Trailblazers	Abhi	38	33	5	1	115.15	RHB	b Varun Kakubal	21500152	1594831	Amiirtham - GTCC Fall league 2025	15	TENNIS
B	19438027	2	Invincible Trailblazers	Addy	29	24	2	2	120.83	RHB	c Abhinay b Varun Kakubal	2985108	1594831	Amiirtham - GTCC Fall league 2025	15	TENNIS
B	19438027	2	Invincible Trailblazers	Aftab	32	20	0	3	160.00	RHB	not out	1541269	1594831	Amiirtham - GTCC Fall league 2025	15	TENNIS
B	19438027	2	Invincible Trailblazers	Sai Kiran Dande  (c)	0	1	0	0	0.00	RHB	b Varun Kakubal	5259750	1594831	Amiirtham - GTCC Fall league 2025	15	TENNIS
B	19438027	2	Invincible Trailblazers	Viraj	4	7	0	0	57.14	RHB	c †Teja Kokkula b JayaKrishna Gujjari	4143349	1594831	Amiirtham - GTCC Fall league 2025	15	TENNIS
B	19438027	2	Invincible Trailblazers	Kvs Narayana	1	2	0	0	50.00	RHB	c Varun Kakubal b Akhil Reddy	13816654	1594831	Amiirtham - GTCC Fall league 2025	15	TENNIS
B	19438027	2	Invincible Trailblazers	sunil kumar M	0	1	0	0	0.00	RHB	c †Teja Kokkula b Akhil Reddy	23320728	1594831	Amiirtham - GTCC Fall league 2025	15	TENNIS
B	19438027	2	Invincible Trailblazers	Seethamraju Pavan  (wk)	4	3	1	0	133.33	LHB	not out	460319	1594831	Amiirtham - GTCC Fall league 2025	15	TENNIS
B	19437507	1	Mavericks	Jijeesh Girija Vijayan	50	27	4	3	185.19	RHB	c Nikhil Rana b Akash Bhalla	21760491	1594831	Amiirtham - GTCC Fall league 2025	15	TENNIS
B	19437507	1	Mavericks	Nasakath Shaikkumthodi	0	1	0	0	0.00	RHB	c Tarun jaswal b Nikhil Rana	31273662	1594831	Amiirtham - GTCC Fall league 2025	15	TENNIS
B	19437507	1	Mavericks	Sajin Kumar	3	7	0	0	42.86	RHB	b Nikhil Rana	30109342	1594831	Amiirtham - GTCC Fall league 2025	15	TENNIS
B	19437507	1	Mavericks	Allen Saju	101	41	8	7	246.34	RHB	c †Amitkumar Gupta b Nikhil Tyagi	19803415	1594831	Amiirtham - GTCC Fall league 2025	15	TENNIS
B	19437507	1	Mavericks	Jawas Muhammed  (wk)	25	8	1	3	312.50	RHB	c Kunal Ghaware b Nikhil Tyagi	36772056	1594831	Amiirtham - GTCC Fall league 2025	15	TENNIS
B	19437507	1	Mavericks	Akhil Varghese  (c & wk)	0	3	0	0	0.00	RHB	c †Amitkumar Gupta b Nikhil Tyagi	21088781	1594831	Amiirtham - GTCC Fall league 2025	15	TENNIS
B	19437507	1	Mavericks	Prasanth Pillai	7	2	0	1	350.00	RHB	not out	27671092	1594831	Amiirtham - GTCC Fall league 2025	15	TENNIS
B	19437507	1	Mavericks	Abhinandh Abhi	0	1	0	0	0.00	RHB	c Kunal Ghaware b Nikhil Tyagi	21201797	1594831	Amiirtham - GTCC Fall league 2025	15	TENNIS
B	19437507	1	Mavericks	Ebin Thankachan	2	1	0	0	200.00	RHB	not out	21088814	1594831	Amiirtham - GTCC Fall league 2025	15	TENNIS
B	19437507	2	Durham United	Tarun jaswal	31	21	2	2	147.62	RHB	c Munawar Mohammed b Jawas Muhammed	30147776	1594831	Amiirtham - GTCC Fall league 2025	15	TENNIS
B	19437507	2	Durham United	Abhishek Koneri	6	4	1	0	150.00	RHB	c †Jawas Muhammed b Nasakath Shaikkumthodi	9779769	1594831	Amiirtham - GTCC Fall league 2025	15	TENNIS
B	19437507	2	Durham United	Nikhil Rana	12	15	1	0	80.00	RHB	c †Akhil Varghese b Jawas Muhammed	32554738	1594831	Amiirtham - GTCC Fall league 2025	15	TENNIS
B	19437507	2	Durham United	Mohit Palkar	6	9	0	0	66.67	RHB	c Sajin Kumar b Ebin Thankachan	30088867	1594831	Amiirtham - GTCC Fall league 2025	15	TENNIS
B	19437507	2	Durham United	Nikhil Tyagi	4	7	0	0	57.14	LHB	c (sub) Bala Santhosam b Abhinandh Abhi	169825	1594831	Amiirtham - GTCC Fall league 2025	15	TENNIS
B	19437507	2	Durham United	Pulkit Malhotra	4	6	0	0	66.67	RHB	c †Akhil Varghese b Abhinandh Abhi	30168192	1594831	Amiirtham - GTCC Fall league 2025	15	TENNIS
B	19437507	2	Durham United	Kunal Ghaware	4	4	0	0	100.00	RHB	not out	32815971	1594831	Amiirtham - GTCC Fall league 2025	15	TENNIS
B	19437507	2	Durham United	Girish Shivnani  (c)	1	2	0	0	50.00	RHB	c †Akhil Varghese b Ebin Thankachan	5624526	1594831	Amiirtham - GTCC Fall league 2025	15	TENNIS
B	19437507	2	Durham United	Baljinder Singh	6	5	0	1	120.00	RHB	c †Akhil Varghese b Ebin Thankachan	4138232	1594831	Amiirtham - GTCC Fall league 2025	15	TENNIS
B	19437507	2	Durham United	Amitkumar Gupta  (wk)	0	1	0	0	0.00	RHB	b DittoJose	40436326	1594831	Amiirtham - GTCC Fall league 2025	15	TENNIS
B	19437507	2	Durham United	Utkarsh Siingh	2	2	0	0	100.00	LHB	c Sajin Kumar b DittoJose	15282905	1594831	Amiirtham - GTCC Fall league 2025	15	TENNIS
B	19437513	1	Harmony Strikers	Nisarggggggg	14	15	1	0	93.33	RHB	c Vinay Ogirala b Josmy Manuel	6910094	1594831	Amiirtham - GTCC Fall league 2025	15	TENNIS
B	19437513	1	Harmony Strikers	Deep Patel	5	7	1	0	71.43	RHB	c †Jinto Eliyas b Josmy Manuel	29734345	1594831	Amiirtham - GTCC Fall league 2025	15	TENNIS
B	19437513	1	Harmony Strikers	Dhruvin Patel	1	2	0	0	50.00	RHB	c †Jinto Eliyas b Anu Krishnan	15140688	1594831	Amiirtham - GTCC Fall league 2025	15	TENNIS
B	19437513	1	Harmony Strikers	Rajeshwar Bose  (c)	1	3	0	0	33.33	RHB	c Anu Krishnan b Tanishq B	9928620	1594831	Amiirtham - GTCC Fall league 2025	15	TENNIS
B	19437513	1	Harmony Strikers	Bishal Chakraborty	15	21	2	0	71.43	LHB	c Vishnu Ravi b Vivin Thomas	31271439	1594831	Amiirtham - GTCC Fall league 2025	15	TENNIS
B	19437513	1	Harmony Strikers	Rohan Patel	27	18	2	1	150.00	RHB	c †Jinto Eliyas b Vivin Thomas	31267764	1594831	Amiirtham - GTCC Fall league 2025	15	TENNIS
B	19437513	1	Harmony Strikers	Dirgh Raval  (wk)	61	20	5	6	305.00	RHB	not out	31266663	1594831	Amiirtham - GTCC Fall league 2025	15	TENNIS
B	19437513	1	Harmony Strikers	Harsh Patel	9	4	1	0	225.00	RHB	not out	29748236	1594831	Amiirtham - GTCC Fall league 2025	15	TENNIS
B	19437513	2	Maratha Warriors - GTCC	Josmy Manuel	13	8	2	0	162.50	RHB	c †Dirgh Raval b Deep Patel	20873909	1594831	Amiirtham - GTCC Fall league 2025	15	TENNIS
B	19437513	2	Maratha Warriors - GTCC	Chandan Ramesh	1	5	0	0	20.00	RHB	c Bishal Chakraborty b Harsh Bajaj	23042421	1594831	Amiirtham - GTCC Fall league 2025	15	TENNIS
B	19437513	2	Maratha Warriors - GTCC	Vivin Thomas	47	23	0	6	204.35	RHB	c Deep Patel b Harsh Patel	21919124	1594831	Amiirtham - GTCC Fall league 2025	15	TENNIS
B	19437513	2	Maratha Warriors - GTCC	Vishnu Ravi	23	17	2	1	135.29	RHB	c Ravin Pandya b Rajeshwar Bose	21587173	1594831	Amiirtham - GTCC Fall league 2025	15	TENNIS
B	19437513	2	Maratha Warriors - GTCC	Anu Krishnan  (c)	19	11	1	1	172.73	RHB	c Deep Patel b Harsh Bajaj	9017665	1594831	Amiirtham - GTCC Fall league 2025	15	TENNIS
B	19437513	2	Maratha Warriors - GTCC	Vineesh  M	34	18	4	2	188.89	RHB	not out	27672383	1594831	Amiirtham - GTCC Fall league 2025	15	TENNIS
B	19437513	2	Maratha Warriors - GTCC	Jinto Eliyas  (wk)	4	1	1	0	400.00	LHB	not out	21834838	1594831	Amiirtham - GTCC Fall league 2025	15	TENNIS
B	19545295	1	Mavericks	Jijeesh Girija Vijayan	6	7	1	0	85.71	RHB	b Ranjeeth Reddy M	21760491	1594831	Amiirtham - GTCC Fall league 2025	15	TENNIS
B	19545295	1	Mavericks	Nasakath Shaikkumthodi	9	11	0	0	81.82	RHB	c Gopikrishna reddy b Ashok Vatrapu	31273662	1594831	Amiirtham - GTCC Fall league 2025	15	TENNIS
B	19545295	1	Mavericks	Sajin Kumar	2	2	0	0	100.00	RHB	c Sampath Kantimahanthi b Maniteja Yerra	30109342	1594831	Amiirtham - GTCC Fall league 2025	15	TENNIS
B	19545295	1	Mavericks	Allen Saju	55	31	5	3	177.42	RHB	c †Sattireddy Nalmala b Ranjeeth Reddy M	19803415	1594831	Amiirtham - GTCC Fall league 2025	15	TENNIS
B	19545295	1	Mavericks	Ramkumar Pandarathil	15	17	1	0	88.24	RHB	c Sampath Kantimahanthi b Kishore DK	14295929	1594831	Amiirtham - GTCC Fall league 2025	15	TENNIS
B	19545295	1	Mavericks	Akhil Varghese  (wk)	12	12	2	0	100.00	RHB	c Charith Reddy b Kishore DK	21088781	1594831	Amiirtham - GTCC Fall league 2025	15	TENNIS
B	19545295	1	Mavericks	Prasanth Pillai	1	2	0	0	50.00	RHB	c Ashok Vatrapu b Ranjeeth Reddy M	27671092	1594831	Amiirtham - GTCC Fall league 2025	15	TENNIS
B	19545295	1	Mavericks	Abhinandh Abhi  (c)	4	5	0	0	80.00	RHB	c †Sattireddy Nalmala b Kishore DK	21201797	1594831	Amiirtham - GTCC Fall league 2025	15	TENNIS
B	19545295	1	Mavericks	Akhil Mathew	5	2	1	0	250.00	RHB	not out	21845898	1594831	Amiirtham - GTCC Fall league 2025	15	TENNIS
B	19545295	1	Mavericks	Ebin Thankachan	4	2	1	0	200.00	RHB	c Naveen Reddy b Kishore DK	21088814	1594831	Amiirtham - GTCC Fall league 2025	15	TENNIS
B	19545295	2	Nizam Royal Knights	Pranay Reddy	5	8	0	0	62.50	RHB	c †Akhil Varghese b Nasakath Shaikkumthodi	18543580	1594831	Amiirtham - GTCC Fall league 2025	15	TENNIS
B	19545295	2	Nizam Royal Knights	Naveen Reddy	2	5	0	0	40.00	RHB	c †Akhil Varghese b Abhinandh Abhi	15711723	1594831	Amiirtham - GTCC Fall league 2025	15	TENNIS
B	19545295	2	Nizam Royal Knights	Sampath Kantimahanthi	0	2	0	0	0.00	LHB	b Abhinandh Abhi	30048429	1594831	Amiirtham - GTCC Fall league 2025	15	TENNIS
B	19545295	2	Nizam Royal Knights	Charith Reddy	11	17	1	0	64.71	RHB	c Ramkumar Pandarathil b Ebin Thankachan	16203159	1594831	Amiirtham - GTCC Fall league 2025	15	TENNIS
B	19545295	2	Nizam Royal Knights	Kishore DK	62	38	0	7	163.16	LHB	c&b Sajin Kumar	21832964	1594831	Amiirtham - GTCC Fall league 2025	15	TENNIS
B	19545295	2	Nizam Royal Knights	Sattireddy Nalmala  (wk)	8	7	1	0	114.29	RHB	c †Akhil Varghese b Ebin Thankachan	128334	1594831	Amiirtham - GTCC Fall league 2025	15	TENNIS
B	19545295	2	Nizam Royal Knights	Gopikrishna reddy	0	9	0	0	0.00	RHB	c Allen Saju b Ebin Thankachan	16013884	1594831	Amiirtham - GTCC Fall league 2025	15	TENNIS
B	19545295	2	Nizam Royal Knights	Anvesh Reddy  (c)	0	2	0	0	0.00	RHB	c Sanjay Charuvil b Ebin Thankachan	30346362	1594831	Amiirtham - GTCC Fall league 2025	15	TENNIS
B	19545295	2	Nizam Royal Knights	Rajpal Reddy	4	2	1	0	200.00	RHB	not out	32057684	1594831	Amiirtham - GTCC Fall league 2025	15	TENNIS
B	19545295	2	Nizam Royal Knights	Ranjeeth Reddy M	1	2	0	0	50.00	RHB	not out	15998037	1594831	Amiirtham - GTCC Fall league 2025	15	TENNIS
B	19476460	1	TCF	Srikanth Reddy P	23	21	2	0	109.52	RHB	c Rajpal Reddy b Ranjeeth Reddy M	9118169	1594831	Amiirtham - GTCC Fall league 2025	15	TENNIS
B	19476460	1	TCF	Sudheer Aki	0	1	0	0	0.00	RHB	c †Sattireddy Nalmala b Maniteja Yerra	14762522	1594831	Amiirtham - GTCC Fall league 2025	15	TENNIS
B	19476460	1	TCF	Srinath Asopa	1	2	0	0	50.00	LHB	run out Naveen Reddy	31710694	1594831	Amiirtham - GTCC Fall league 2025	15	TENNIS
B	19476460	1	TCF	Abhinay	16	30	0	0	53.33	RHB	c Rajpal Reddy b Ranjeeth Reddy M	104346	1594831	Amiirtham - GTCC Fall league 2025	15	TENNIS
B	19476460	1	TCF	Varun Kakubal	1	4	0	0	25.00	LHB	c Ranjeeth Reddy M b Pranay Reddy	23206427	1594831	Amiirtham - GTCC Fall league 2025	15	TENNIS
B	19476460	1	TCF	Chandan Volkaji	14	12	1	0	116.67	RHB	c Sampath Kantimahanthi b Ashok Vatrapu	31779636	1594831	Amiirtham - GTCC Fall league 2025	15	TENNIS
B	19476460	1	TCF	Sharath Reddy Kongari	11	13	0	0	84.62	RHB	run out Kishore DK	23027924	1594831	Amiirtham - GTCC Fall league 2025	15	TENNIS
B	19476460	1	TCF	Teja Kokkula	7	5	1	0	140.00	RHB	run out Pranay Reddy	14055267	1594831	Amiirtham - GTCC Fall league 2025	15	TENNIS
B	19476460	1	TCF	Praveen Reddy	3	3	0	0	100.00	LHB	not out	5413093	1594831	Amiirtham - GTCC Fall league 2025	15	TENNIS
B	19476460	2	Nizam Royal Knights	Pranay Reddy	19	19	1	0	100.00	RHB	c Sudheer Aki b JayaKrishna Gujjari	18543580	1594831	Amiirtham - GTCC Fall league 2025	15	TENNIS
B	19476460	2	Nizam Royal Knights	Naveen Reddy	24	15	4	0	160.00	RHB	b Sudheer Aki	15711723	1594831	Amiirtham - GTCC Fall league 2025	15	TENNIS
B	19476460	2	Nizam Royal Knights	Sampath Kantimahanthi	1	7	0	0	14.29	LHB	run out Sudheer Aki	30048429	1594831	Amiirtham - GTCC Fall league 2025	15	TENNIS
B	19476460	2	Nizam Royal Knights	Sattireddy Nalmala  (wk)	18	20	1	1	90.00	RHB	not out	128334	1594831	Amiirtham - GTCC Fall league 2025	15	TENNIS
B	19476460	2	Nizam Royal Knights	Kishore DK	5	7	0	0	71.43	LHB	c Varun Kakubal b JayaKrishna Gujjari	21832964	1594831	Amiirtham - GTCC Fall league 2025	15	TENNIS
B	19476460	2	Nizam Royal Knights	Charith Reddy	15	10	1	0	150.00	RHB	not out	16203159	1594831	Amiirtham - GTCC Fall league 2025	15	TENNIS
B	19476458	1	Maratha Warriors - GTCC	Jinto Eliyas	0	1	0	0	0.00	LHB	c †Akhil Varghese b Abhinandh Abhi	21834838	1594831	Amiirtham - GTCC Fall league 2025	15	TENNIS
B	19476458	1	Maratha Warriors - GTCC	Vineesh  M	3	7	0	0	42.86	RHB	c Sajin Kumar b Abhinandh Abhi	27672383	1594831	Amiirtham - GTCC Fall league 2025	15	TENNIS
B	19476458	1	Maratha Warriors - GTCC	Pratik Udawant	5	3	1	0	166.67	RHB	c Prasanth Pillai b Abhinandh Abhi	31286233	1594831	Amiirtham - GTCC Fall league 2025	15	TENNIS
B	19476458	1	Maratha Warriors - GTCC	Vishnu Ravi	3	4	0	0	75.00	RHB	c †Akhil Varghese b Sajin Kumar	21587173	1594831	Amiirtham - GTCC Fall league 2025	15	TENNIS
B	19476458	1	Maratha Warriors - GTCC	Josmy Manuel	27	30	2	0	90.00	RHB	b Sajin Kumar	20873909	1594831	Amiirtham - GTCC Fall league 2025	15	TENNIS
B	19476458	1	Maratha Warriors - GTCC	Vivin Thomas	8	13	0	0	61.54	RHB	c (sub) Sanjay Charuvil b Nasakath Shaikkumthodi	21919124	1594831	Amiirtham - GTCC Fall league 2025	15	TENNIS
B	19476458	1	Maratha Warriors - GTCC	Vinay Ogirala	7	17	0	0	41.18	RHB	b Allen Saju	27673726	1594831	Amiirtham - GTCC Fall league 2025	15	TENNIS
B	19476458	1	Maratha Warriors - GTCC	Anu Krishnan  (c)	1	2	0	0	50.00	RHB	c Allen Saju b Jawas Muhammed	9017665	1594831	Amiirtham - GTCC Fall league 2025	15	TENNIS
B	19476458	1	Maratha Warriors - GTCC	Arun Baby	2	3	0	0	66.67	RHB	c †Akhil Varghese b Abhinandh Abhi	27672366	1594831	Amiirtham - GTCC Fall league 2025	15	TENNIS
B	19476458	1	Maratha Warriors - GTCC	Jishnu Ravi	2	6	0	0	33.33	RHB	run out Allen Saju	18891880	1594831	Amiirtham - GTCC Fall league 2025	15	TENNIS
B	19476458	1	Maratha Warriors - GTCC	Sohail khalili	0	2	0	0	0.00	RHB	not out	32033222	1594831	Amiirtham - GTCC Fall league 2025	15	TENNIS
B	19476458	2	Mavericks	Jijeesh Girija Vijayan	2	4	0	0	50.00	RHB	c Josmy Manuel b Tanishq B	21760491	1594831	Amiirtham - GTCC Fall league 2025	15	TENNIS
B	19476458	2	Mavericks	Nasakath Shaikkumthodi	31	25	1	1	124.00	RHB	c Vineesh  M b Arun Baby	31273662	1594831	Amiirtham - GTCC Fall league 2025	15	TENNIS
B	19476458	2	Mavericks	Sajin Kumar	1	8	0	0	12.50	RHB	c Vineesh  M b Tanishq B	30109342	1594831	Amiirtham - GTCC Fall league 2025	15	TENNIS
B	19476458	2	Mavericks	Allen Saju	32	20	1	3	160.00	RHB	not out	19803415	1594831	Amiirtham - GTCC Fall league 2025	15	TENNIS
B	19476458	2	Mavericks	Ramkumar Pandarathil	4	2	1	0	200.00	RHB	not out	14295929	1594831	Amiirtham - GTCC Fall league 2025	15	TENNIS
W	19007694	1	Durham Strikers	Gopal Kanniappan	3	0	24	2	8	1	2	1	0	8.00	27728606	1594831	Amiirtham - GTCC Fall league 2025	15	TENNIS
W	19007694	1	Durham Strikers	Bilal Salim	3	0	31	0	7	3	2	0	0	10.33	41655594	1594831	Amiirtham - GTCC Fall league 2025	15	TENNIS
W	19007694	1	Durham Strikers	Santhosh Rajan	3	0	24	2	9	3	1	0	0	8.00	23717445	1594831	Amiirtham - GTCC Fall league 2025	15	TENNIS
W	19007694	1	Durham Strikers	Magulan Duraipandian	3	0	19	3	11	1	1	1	0	6.33	32794123	1594831	Amiirtham - GTCC Fall league 2025	15	TENNIS
W	19007694	1	Durham Strikers	Arun Inpamozhi	1	0	14	0	3	0	2	1	0	14.00	16113070	1594831	Amiirtham - GTCC Fall league 2025	15	TENNIS
W	19007694	1	Durham Strikers	Sathish Rajan	2	0	20	0	5	1	2	0	0	10.00	41670672	1594831	Amiirtham - GTCC Fall league 2025	15	TENNIS
W	19007694	2	Royal Punjab	Lovepreet Khosa	3	0	34	0	5	2	2	3	0	11.33	41122178	1594831	Amiirtham - GTCC Fall league 2025	15	TENNIS
W	19007694	2	Royal Punjab	Parbjot Singh Aulakh	3	0	20	2	8	1	1	1	0	6.67	41091824	1594831	Amiirtham - GTCC Fall league 2025	15	TENNIS
W	19007694	2	Royal Punjab	Amritpal  Singh	3	0	25	0	6	1	1	4	0	8.33	41127556	1594831	Amiirtham - GTCC Fall league 2025	15	TENNIS
W	19007694	2	Royal Punjab	Jugraj Singh	1	0	15	0	2	0	2	0	0	15.00	41127561	1594831	Amiirtham - GTCC Fall league 2025	15	TENNIS
W	19007694	2	Royal Punjab	Ashu Sharma	2	0	13	1	6	0	1	0	0	6.50	41099374	1594831	Amiirtham - GTCC Fall league 2025	15	TENNIS
W	19007694	2	Royal Punjab	Amrit Amrit	3	0	16	3	11	0	1	3	0	5.33	41671523	1594831	Amiirtham - GTCC Fall league 2025	15	TENNIS
W	19007693	1	Royal Challengers Bowmanville	Parker Ronak	3	1	9	3	14	1	0	1	0	3.00	31335119	1594831	Amiirtham - GTCC Fall league 2025	15	TENNIS
W	19007693	1	Royal Challengers Bowmanville	Brian Gomes	0.3	0	5	0	2	1	0	1	0	10.00	15231146	1594831	Amiirtham - GTCC Fall league 2025	15	TENNIS
W	19007693	1	Royal Challengers Bowmanville	Brian Gohil	2.3	0	21	0	7	0	2	1	0	8.40	32141157	1594831	Amiirtham - GTCC Fall league 2025	15	TENNIS
W	19007693	1	Royal Challengers Bowmanville	Seshil Christian	3	0	15	2	12	0	1	2	0	5.00	40513349	1594831	Amiirtham - GTCC Fall league 2025	15	TENNIS
W	19007693	1	Royal Challengers Bowmanville	ASH KENNETH	1	0	10	0	2	0	1	1	0	10.00	31422300	1594831	Amiirtham - GTCC Fall league 2025	15	TENNIS
W	19007693	1	Royal Challengers Bowmanville	Afzal Khan  (c)	2	0	18	1	3	1	0	4	0	9.00	42313627	1594831	Amiirtham - GTCC Fall league 2025	15	TENNIS
W	19007693	1	Royal Challengers Bowmanville	Ashish Andani	3	0	19	3	10	0	1	3	0	6.33	16014847	1594831	Amiirtham - GTCC Fall league 2025	15	TENNIS
W	19007693	2	Panjab XI	Sanjiv sharma	3	0	25	1	7	1	2	0	0	8.33	39683013	1594831	Amiirtham - GTCC Fall league 2025	15	TENNIS
W	19007693	2	Panjab XI	Ramandeep Singh 	1	0	13	0	2	1	1	1	0	13.00	38771920	1594831	Amiirtham - GTCC Fall league 2025	15	TENNIS
W	19007693	2	Panjab XI	Arpan Singh	3	0	22	0	7	1	1	1	0	7.33	31040706	1594831	Amiirtham - GTCC Fall league 2025	15	TENNIS
W	19007693	2	Panjab XI	Harsh Pratap Singh Yadav	1	0	16	0	1	0	2	0	0	16.00	38589007	1594831	Amiirtham - GTCC Fall league 2025	15	TENNIS
W	19007693	2	Panjab XI	Surjeet Singh	2.2	0	21	0	4	1	1	1	0	9.00	38766896	1594831	Amiirtham - GTCC Fall league 2025	15	TENNIS
W	19007695	1	Deccan Warriors	Mohammed Shahid Khan  (c)	3	0	13	2	11	0	0	4	0	4.33	15392532	1594831	Amiirtham - GTCC Fall league 2025	15	TENNIS
W	19007695	1	Deccan Warriors	Syed Fasiuddin	2.4	0	17	2	6	0	1	0	0	6.38	1956076	1594831	Amiirtham - GTCC Fall league 2025	15	TENNIS
W	19007695	1	Deccan Warriors	Awais Mohammed	2	0	29	2	4	3	1	6	0	14.50	30347820	1594831	Amiirtham - GTCC Fall league 2025	15	TENNIS
W	19007695	1	Deccan Warriors	Mohammed Noman Hussain	3	0	34	0	6	2	2	5	0	11.33	30523853	1594831	Amiirtham - GTCC Fall league 2025	15	TENNIS
W	19007695	1	Deccan Warriors	Abdul Mudaseer Mohmmed	1	0	19	0	3	1	2	2	0	19.00	1160866	1594831	Amiirtham - GTCC Fall league 2025	15	TENNIS
W	19007695	1	Deccan Warriors	Mohammed Shafi	3	0	35	2	9	2	2	9	0	11.67	15397797	1594831	Amiirtham - GTCC Fall league 2025	15	TENNIS
W	19007695	2	Maple Eagles	Shaishav Patel	2	0	28	0	1	2	2	0	0	14.00	42419434	1594831	Amiirtham - GTCC Fall league 2025	15	TENNIS
W	19007695	2	Maple Eagles	Amandeep Singh	3	1	7	2	15	1	0	1	0	2.33	41624226	1594831	Amiirtham - GTCC Fall league 2025	15	TENNIS
W	19007695	2	Maple Eagles	Arshdeep Singh	2.4	1	3	3	13	0	0	0	0	1.12	39637167	1594831	Amiirtham - GTCC Fall league 2025	15	TENNIS
W	19007695	2	Maple Eagles	Satwinder Singh	2	0	11	3	7	0	1	0	0	5.50	42515588	1594831	Amiirtham - GTCC Fall league 2025	15	TENNIS
W	19007695	2	Maple Eagles	Pardeep Singh	2	0	7	1	9	0	0	3	0	3.50	42485355	1594831	Amiirtham - GTCC Fall league 2025	15	TENNIS
W	19007695	2	Maple Eagles	Jigar Sheth  (c)	2	0	15	1	4	2	0	0	0	7.50	32879769	1594831	Amiirtham - GTCC Fall league 2025	15	TENNIS
W	19007696	1	Whitby Thunderbolts Gtcc fall	Naren C	3	0	13	2	11	1	0	2	0	4.33	24254648	1594831	Amiirtham - GTCC Fall league 2025	15	TENNIS
W	19007696	1	Whitby Thunderbolts Gtcc fall	Kiran Chigiri	3	0	13	3	13	0	1	2	0	4.33	22537910	1594831	Amiirtham - GTCC Fall league 2025	15	TENNIS
W	19007696	1	Whitby Thunderbolts Gtcc fall	Venkata Balaji Balabha Drapatruni	1.3	0	8	3	7	1	0	3	0	5.33	23656575	1594831	Amiirtham - GTCC Fall league 2025	15	TENNIS
W	19007696	1	Whitby Thunderbolts Gtcc fall	Dileep Nannore	3	1	9	1	12	0	0	1	0	3.00	15992998	1594831	Amiirtham - GTCC Fall league 2025	15	TENNIS
W	19007696	1	Whitby Thunderbolts Gtcc fall	Sheshasai Kankipati	3	0	17	1	10	2	0	2	0	5.67	9202209	1594831	Amiirtham - GTCC Fall league 2025	15	TENNIS
W	19007696	1	Whitby Thunderbolts Gtcc fall	Harish Challa	1	0	21	0	0	1	1	4	0	21.00	41671001	1594831	Amiirtham - GTCC Fall league 2025	15	TENNIS
W	19007696	2	FERAL XI	Jayakumar Narayanasamy	2	0	6	0	7	0	0	1	0	3.00	32071080	1594831	Amiirtham - GTCC Fall league 2025	15	TENNIS
W	19007696	2	FERAL XI	Balkar singh	2	0	22	1	8	2	2	2	0	11.00	41693676	1594831	Amiirtham - GTCC Fall league 2025	15	TENNIS
W	19007696	2	FERAL XI	Mani Asron	3	0	26	1	8	0	3	1	0	8.67	7371163	1594831	Amiirtham - GTCC Fall league 2025	15	TENNIS
W	19007696	2	FERAL XI	Adnan khan 	1	0	17	0	2	1	2	0	0	17.00	42302317	1594831	Amiirtham - GTCC Fall league 2025	15	TENNIS
W	19007696	2	FERAL XI	Lovepreet Singh	1	0	12	0	0	0	1	0	0	12.00	42402918	1594831	Amiirtham - GTCC Fall league 2025	15	TENNIS
W	19007697	1	Deccan Warriors	Mohammed Shahid Khan  (c)	3	0	10	4	12	0	0	3	0	3.33	15392532	1594831	Amiirtham - GTCC Fall league 2025	15	TENNIS
W	19007697	1	Deccan Warriors	Syed Fasiuddin	3	0	18	1	11	1	0	6	0	6.00	1956076	1594831	Amiirtham - GTCC Fall league 2025	15	TENNIS
W	19007697	1	Deccan Warriors	Syed Usama Shahzeb	2	0	11	0	4	0	0	2	0	5.50	42452972	1594831	Amiirtham - GTCC Fall league 2025	15	TENNIS
W	19007697	1	Deccan Warriors	Mohammed Noman Hussain	3	0	26	1	6	0	2	2	0	8.67	30523853	1594831	Amiirtham - GTCC Fall league 2025	15	TENNIS
W	19007697	1	Deccan Warriors	Abdul Mudaseer Mohmmed	3	0	19	1	8	1	0	5	0	6.33	1160866	1594831	Amiirtham - GTCC Fall league 2025	15	TENNIS
W	19007697	1	Deccan Warriors	Abdul Wahaid	1	0	14	0	3	1	1	0	1	14.00	30347785	1594831	Amiirtham - GTCC Fall league 2025	15	TENNIS
W	19007697	2	Mavericks	Suganth Muthuraman	3	0	12	2	13	1	0	3	0	4.00	40875651	1594831	Amiirtham - GTCC Fall league 2025	15	TENNIS
W	19007697	2	Mavericks	Bala Santhosam	2.5	0	22	0	7	0	2	0	0	7.76	28305774	1594831	Amiirtham - GTCC Fall league 2025	15	TENNIS
W	19007697	2	Mavericks	Anoop K C	2	0	26	0	2	2	1	2	0	13.00	41577227	1594831	Amiirtham - GTCC Fall league 2025	15	TENNIS
W	19007697	2	Mavericks	Mani Chandrasekaran	3	0	12	0	7	0	0	0	0	4.00	21571134	1594831	Amiirtham - GTCC Fall league 2025	15	TENNIS
W	19007697	2	Mavericks	Manik Arora	3	0	17	2	13	0	2	2	0	5.67	23603966	1594831	Amiirtham - GTCC Fall league 2025	15	TENNIS
W	19007697	2	Mavericks	Abhi Abraham	1	0	12	1	2	0	1	1	1	12.00	27788556	1594831	Amiirtham - GTCC Fall league 2025	15	TENNIS
W	19007698	1	Golden City	Ragu Sharma	3	0	32	2	11	4	2	1	1	10.67	39147762	1594831	Amiirtham - GTCC Fall league 2025	15	TENNIS
W	19007698	1	Golden City	Bilal Munir	2	0	16	0	6	1	1	0	0	8.00	41846827	1594831	Amiirtham - GTCC Fall league 2025	15	TENNIS
W	19007698	1	Golden City	Abhishek Thakur	3	0	30	3	6	3	1	1	0	10.00	39122063	1594831	Amiirtham - GTCC Fall league 2025	15	TENNIS
W	19007698	1	Golden City	Harmeet Singh	3	0	30	0	4	2	1	2	0	10.00	39255428	1594831	Amiirtham - GTCC Fall league 2025	15	TENNIS
W	19007698	1	Golden City	Jasraj Singh	1	0	18	0	2	1	2	1	0	18.00	42437530	1594831	Amiirtham - GTCC Fall league 2025	15	TENNIS
W	19007698	1	Golden City	Shaibaz Khan	2	0	33	1	2	1	4	0	0	16.50	41537512	1594831	Amiirtham - GTCC Fall league 2025	15	TENNIS
W	19007698	1	Golden City	Mohit K	1	0	25	0	1	1	3	2	0	25.00	39112810	1594831	Amiirtham - GTCC Fall league 2025	15	TENNIS
W	19007698	2	Friends United - Fall T15	Ranjit Cricket	3	0	20	2	11	2	1	0	1	6.67	15000636	1594831	Amiirtham - GTCC Fall league 2025	15	TENNIS
W	19007698	2	Friends United - Fall T15	Jasmeet Singh	3	0	13	2	10	1	0	1	0	4.33	39297037	1594831	Amiirtham - GTCC Fall league 2025	15	TENNIS
W	19007698	2	Friends United - Fall T15	Ashu Sharma	2	0	20	4	8	0	3	1	0	10.00	6562419	1594831	Amiirtham - GTCC Fall league 2025	15	TENNIS
W	19007698	2	Friends United - Fall T15	Vishal DR	1.4	0	6	2	7	0	0	1	0	3.60	9964315	1594831	Amiirtham - GTCC Fall league 2025	15	TENNIS
W	19007699	1	Toronto Nawabs	Abdul Sajjad	3	0	26	0	9	3	1	0	0	8.67	42414177	1594831	Amiirtham - GTCC Fall league 2025	15	TENNIS
W	19007699	1	Toronto Nawabs	Mohammed Salman	3	0	24	1	9	0	2	2	1	8.00	41768685	1594831	Amiirtham - GTCC Fall league 2025	15	TENNIS
W	19007699	1	Toronto Nawabs	Zeeshan Ahmed Khan	2	0	34	0	1	1	3	1	1	17.00	32069784	1594831	Amiirtham - GTCC Fall league 2025	15	TENNIS
W	19007699	1	Toronto Nawabs	Kamran Ali	1	0	11	0	2	0	1	0	0	11.00	42511818	1594831	Amiirtham - GTCC Fall league 2025	15	TENNIS
W	19007699	1	Toronto Nawabs	Mohit	2	0	29	0	3	3	1	2	1	14.50	9302498	1594831	Amiirtham - GTCC Fall league 2025	15	TENNIS
W	19007699	1	Toronto Nawabs	Rajat Sharma	2	0	35	2	3	4	2	2	1	17.50	32069714	1594831	Amiirtham - GTCC Fall league 2025	15	TENNIS
W	19007699	1	Toronto Nawabs	AsRar RaHman	2	0	17	3	8	2	1	1	0	8.50	42406798	1594831	Amiirtham - GTCC Fall league 2025	15	TENNIS
W	19007699	2	Friends United - Fall T15	Navdeep Singh  (c)	1	0	13	0	3	0	2	0	0	13.00	39095211	1594831	Amiirtham - GTCC Fall league 2025	15	TENNIS
W	19007699	2	Friends United - Fall T15	Jasmeet Singh	2	0	5	3	10	1	0	0	0	2.50	39297037	1594831	Amiirtham - GTCC Fall league 2025	15	TENNIS
W	19007699	2	Friends United - Fall T15	Vishal DR	2	0	4	0	11	0	0	2	0	2.00	9964315	1594831	Amiirtham - GTCC Fall league 2025	15	TENNIS
W	19007699	2	Friends United - Fall T15	Dev Sardar	1	0	5	0	5	0	0	4	0	5.00	11402008	1594831	Amiirtham - GTCC Fall league 2025	15	TENNIS
W	19007699	2	Friends United - Fall T15	Karan Bajwa	2	0	11	4	7	2	0	0	0	5.50	6249085	1594831	Amiirtham - GTCC Fall league 2025	15	TENNIS
W	19007699	2	Friends United - Fall T15	Ashu Sharma	1	0	9	0	3	0	1	0	0	9.00	6562419	1594831	Amiirtham - GTCC Fall league 2025	15	TENNIS
W	19007699	2	Friends United - Fall T15	Ranjit Cricket	1.5	0	12	1	6	0	1	0	1	6.55	15000636	1594831	Amiirtham - GTCC Fall league 2025	15	TENNIS
W	19007699	2	Friends United - Fall T15	Ravi	1	0	7	0	1	0	0	1	1	7.00	1153446	1594831	Amiirtham - GTCC Fall league 2025	15	TENNIS
W	19007700	1	Royal Challengers Bowmanville	Jackson Christian	2	0	16	0	5	0	1	3	0	8.00	19806199	1594831	Amiirtham - GTCC Fall league 2025	15	TENNIS
W	19007700	1	Royal Challengers Bowmanville	Brian Gohil	3	0	16	1	11	1	1	0	0	5.33	32141157	1594831	Amiirtham - GTCC Fall league 2025	15	TENNIS
W	19007700	1	Royal Challengers Bowmanville	Parker Ronak	3	0	13	2	10	1	0	1	0	4.33	31335119	1594831	Amiirtham - GTCC Fall league 2025	15	TENNIS
W	19007700	1	Royal Challengers Bowmanville	Arpit Mecwan	3	0	38	1	5	0	4	3	0	12.67	32351586	1594831	Amiirtham - GTCC Fall league 2025	15	TENNIS
W	19007700	1	Royal Challengers Bowmanville	ASH KENNETH	2	0	14	1	6	1	0	4	0	7.00	31422300	1594831	Amiirtham - GTCC Fall league 2025	15	TENNIS
W	19007700	1	Royal Challengers Bowmanville	Afzal Khan  (c)	2	0	26	0	4	1	2	3	0	13.00	42313627	1594831	Amiirtham - GTCC Fall league 2025	15	TENNIS
W	19007700	2	Downtown Hunterz	Faisal Khan	3	1	9	2	12	0	0	1	0	3.00	31875312	1594831	Amiirtham - GTCC Fall league 2025	15	TENNIS
W	19007700	2	Downtown Hunterz	Hassan khulaidi	3	0	29	0	10	0	2	4	3	9.67	31856676	1594831	Amiirtham - GTCC Fall league 2025	15	TENNIS
W	19007700	2	Downtown Hunterz	Sam	2	0	18	0	6	0	2	2	0	9.00	42529904	1594831	Amiirtham - GTCC Fall league 2025	15	TENNIS
W	19007700	2	Downtown Hunterz	Mir Mujahed Ali	3	0	27	3	6	1	2	0	0	9.00	16147525	1594831	Amiirtham - GTCC Fall league 2025	15	TENNIS
W	19007700	2	Downtown Hunterz	Mohammed Emad	1.5	0	15	5	6	1	1	1	0	8.18	31856679	1594831	Amiirtham - GTCC Fall league 2025	15	TENNIS
W	19007703	1	Royal Punjab	Parbjot Singh Aulakh	3	0	25	1	5	1	1	2	0	8.33	41091824	1594831	Amiirtham - GTCC Fall league 2025	15	TENNIS
W	19007703	1	Royal Punjab	Shubham Chauhan	3	0	34	1	6	0	4	1	0	11.33	27728224	1594831	Amiirtham - GTCC Fall league 2025	15	TENNIS
W	19007703	1	Royal Punjab	Amritpal  Singh	3	0	26	0	6	1	2	1	0	8.67	41127556	1594831	Amiirtham - GTCC Fall league 2025	15	TENNIS
W	19007703	1	Royal Punjab	Nikhil Dutta	2	0	30	1	4	3	2	2	0	15.00	42406490	1594831	Amiirtham - GTCC Fall league 2025	15	TENNIS
W	19007703	1	Royal Punjab	Jugraj Singh	3	0	22	3	11	0	2	4	0	7.33	41127561	1594831	Amiirtham - GTCC Fall league 2025	15	TENNIS
W	19007703	1	Royal Punjab	Amrit Amrit	1	0	15	0	0	1	1	0	0	15.00	41671523	1594831	Amiirtham - GTCC Fall league 2025	15	TENNIS
W	19007703	2	Mavericks	Abhinandh Abhi  (c)	2	0	6	2	9	1	0	0	0	3.00	21201797	1594831	Amiirtham - GTCC Fall league 2025	15	TENNIS
W	19007703	2	Mavericks	Ebin Thankachan	2	0	16	1	6	1	0	5	1	8.00	21088814	1594831	Amiirtham - GTCC Fall league 2025	15	TENNIS
W	19007703	2	Mavericks	Sajin Kumar	2	0	6	2	9	1	0	0	0	3.00	30109342	1594831	Amiirtham - GTCC Fall league 2025	15	TENNIS
W	19007703	2	Mavericks	Daries Antony	2	0	8	2	10	0	0	3	1	4.00	21106964	1594831	Amiirtham - GTCC Fall league 2025	15	TENNIS
W	19007703	2	Mavericks	Nasakath Shaikkumthodi	1.3	0	2	3	7	0	0	0	0	1.33	31273662	1594831	Amiirtham - GTCC Fall league 2025	15	TENNIS
W	19007703	2	Mavericks	Bala Santhosam	1	0	12	0	2	0	1	3	0	12.00	28305774	1594831	Amiirtham - GTCC Fall league 2025	15	TENNIS
W	19007703	2	Mavericks	Mani Chandrasekaran	1	0	9	0	1	1	0	0	0	9.00	21571134	1594831	Amiirtham - GTCC Fall league 2025	15	TENNIS
W	19007702	1	Downtown Hunterz	Faisal Khan	3	0	10	2	12	0	0	1	0	3.33	31875312	1594831	Amiirtham - GTCC Fall league 2025	15	TENNIS
W	19007702	1	Downtown Hunterz	Hassan khulaidi	3	0	24	2	9	1	1	4	0	8.00	31856676	1594831	Amiirtham - GTCC Fall league 2025	15	TENNIS
W	19007702	1	Downtown Hunterz	Sam	3	0	16	1	11	1	0	5	0	5.33	42529904	1594831	Amiirtham - GTCC Fall league 2025	15	TENNIS
W	19007702	1	Downtown Hunterz	Mir Mujahed Ali	3	0	14	2	10	1	0	0	0	4.67	16147525	1594831	Amiirtham - GTCC Fall league 2025	15	TENNIS
W	19007702	1	Downtown Hunterz	Mohammed Emad	1	0	16	0	0	0	1	3	0	16.00	31856679	1594831	Amiirtham - GTCC Fall league 2025	15	TENNIS
W	19007702	1	Downtown Hunterz	Faisal Yafai  (c)	1	0	5	0	3	0	0	0	0	5.00	10200084	1594831	Amiirtham - GTCC Fall league 2025	15	TENNIS
W	19007702	1	Downtown Hunterz	Mohammed kaif	1	0	5	0	2	0	0	0	0	5.00	39542771	1594831	Amiirtham - GTCC Fall league 2025	15	TENNIS
W	19007702	2	Invincible Trailblazers	Ginil Joseph	3	0	19	2	6	1	0	1	0	6.33	27672341	1594831	Amiirtham - GTCC Fall league 2025	15	TENNIS
W	19007702	2	Invincible Trailblazers	Barani S	3	0	22	0	8	0	2	1	1	7.33	21595698	1594831	Amiirtham - GTCC Fall league 2025	15	TENNIS
W	19007702	2	Invincible Trailblazers	YOGEESHA NAIK	3	1	10	2	12	1	0	0	0	3.33	21500136	1594831	Amiirtham - GTCC Fall league 2025	15	TENNIS
W	19007702	2	Invincible Trailblazers	Abhishek Chennamaneni	2	0	26	1	2	3	1	1	0	13.00	2982610	1594831	Amiirtham - GTCC Fall league 2025	15	TENNIS
W	19007702	2	Invincible Trailblazers	Seethamraju Pavan	1.2	0	11	2	4	0	1	2	0	8.25	460319	1594831	Amiirtham - GTCC Fall league 2025	15	TENNIS
W	19007701	1	Toronto Nawabs	Abdul Sajjad	2	0	8	0	7	1	0	0	0	4.00	42414177	1594831	Amiirtham - GTCC Fall league 2025	15	TENNIS
W	19007701	1	Toronto Nawabs	Rajat Sharma	3	0	29	0	3	0	1	2	1	9.67	32069714	1594831	Amiirtham - GTCC Fall league 2025	15	TENNIS
W	19007701	1	Toronto Nawabs	Mohammed Salman	3	0	19	2	9	0	1	0	1	6.33	41768685	1594831	Amiirtham - GTCC Fall league 2025	15	TENNIS
W	19007701	1	Toronto Nawabs	Mohit	3	0	28	1	6	1	1	2	0	9.33	9302498	1594831	Amiirtham - GTCC Fall league 2025	15	TENNIS
W	19007701	1	Toronto Nawabs	Maaz Syed	1	0	8	0	2	1	0	0	0	8.00	42414193	1594831	Amiirtham - GTCC Fall league 2025	15	TENNIS
W	19007701	1	Toronto Nawabs	AsRar RaHman	3	0	22	3	4	0	1	0	0	7.33	42406798	1594831	Amiirtham - GTCC Fall league 2025	15	TENNIS
W	19007701	2	Trailblazers	Anil Sunkara	3	0	20	1	8	2	0	1	1	6.67	3913067	1594831	Amiirtham - GTCC Fall league 2025	15	TENNIS
W	19007701	2	Trailblazers	Anudeep Kona	3	0	20	0	8	2	0	0	0	6.67	39057187	1594831	Amiirtham - GTCC Fall league 2025	15	TENNIS
W	19007701	2	Trailblazers	Mahesh Pillai	3	0	34	2	7	0	4	3	0	11.33	23600180	1594831	Amiirtham - GTCC Fall league 2025	15	TENNIS
W	19007701	2	Trailblazers	Harish Pannala(TPG)  (c)	2	0	17	1	6	0	2	0	0	8.50	3052877	1594831	Amiirtham - GTCC Fall league 2025	15	TENNIS
W	19007701	2	Trailblazers	Pardhu Madarapu	3	0	17	3	9	0	0	5	0	5.67	15282834	1594831	Amiirtham - GTCC Fall league 2025	15	TENNIS
W	19007706	1	Bowmanville Cricket Club	Md Shah Alam	3	0	21	1	8	1	1	0	0	7.00	30090432	1594831	Amiirtham - GTCC Fall league 2025	15	TENNIS
W	19007706	1	Bowmanville Cricket Club	Irfan Shaik	3	0	25	0	8	4	0	0	0	8.33	628804	1594831	Amiirtham - GTCC Fall league 2025	15	TENNIS
W	19007706	1	Bowmanville Cricket Club	Eshwar R Sabbella	3	0	24	1	6	2	0	1	1	8.00	31848857	1594831	Amiirtham - GTCC Fall league 2025	15	TENNIS
W	19007706	1	Bowmanville Cricket Club	Ritesh Vats	3	0	23	1	8	0	2	2	1	7.67	30873931	1594831	Amiirtham - GTCC Fall league 2025	15	TENNIS
W	19007706	1	Bowmanville Cricket Club	Sumit Mittal	2	0	12	2	5	1	0	2	0	6.00	30104034	1594831	Amiirtham - GTCC Fall league 2025	15	TENNIS
W	19007706	1	Bowmanville Cricket Club	Saikiran Patllola	1	0	14	0	0	1	0	0	2	14.00	31235773	1594831	Amiirtham - GTCC Fall league 2025	15	TENNIS
W	19007706	2	Friends United - Fall T15	Ranjit Cricket	3	0	20	0	7	1	1	1	0	6.67	15000636	1594831	Amiirtham - GTCC Fall league 2025	15	TENNIS
W	19007706	2	Friends United - Fall T15	Navdeep Singh  (c)	3	0	17	2	7	1	0	0	0	5.67	39095211	1594831	Amiirtham - GTCC Fall league 2025	15	TENNIS
W	19007706	2	Friends United - Fall T15	Ashu Sharma	3	0	9	2	10	0	0	0	0	3.00	6562419	1594831	Amiirtham - GTCC Fall league 2025	15	TENNIS
W	19007706	2	Friends United - Fall T15	Vishal DR	3	0	10	0	10	0	0	2	0	3.33	9964315	1594831	Amiirtham - GTCC Fall league 2025	15	TENNIS
W	19007706	2	Friends United - Fall T15	Karan Bajwa	3	0	9	2	11	0	0	2	0	3.00	6249085	1594831	Amiirtham - GTCC Fall league 2025	15	TENNIS
W	19007704	1	Harmony Strikers	Harsh Patel	2	0	17	0	6	1	1	1	0	8.50	29748236	1594831	Amiirtham - GTCC Fall league 2025	15	TENNIS
W	19007704	1	Harmony Strikers	Bishal Chakraborty	2	0	25	0	6	0	3	3	1	12.50	31271439	1594831	Amiirtham - GTCC Fall league 2025	15	TENNIS
W	19007704	1	Harmony Strikers	Ravin Pandya	3	0	24	2	8	0	2	2	0	8.00	31270860	1594831	Amiirtham - GTCC Fall league 2025	15	TENNIS
W	19007704	1	Harmony Strikers	Abhishek Erande  (c)	2	0	20	1	4	0	2	1	0	10.00	23696671	1594831	Amiirtham - GTCC Fall league 2025	15	TENNIS
W	19007704	1	Harmony Strikers	Nisarg cricket oshawa	3	0	25	1	8	1	2	1	0	8.33	32800410	1594831	Amiirtham - GTCC Fall league 2025	15	TENNIS
W	19007704	1	Harmony Strikers	Deep Patel	3	0	17	3	10	1	1	0	0	5.67	29734345	1594831	Amiirtham - GTCC Fall league 2025	15	TENNIS
W	19007704	2	Maratha Warriors - GTCC	Jishnu Ravi	3	0	24	1	9	2	1	2	0	8.00	18891880	1594831	Amiirtham - GTCC Fall league 2025	15	TENNIS
W	19007704	2	Maratha Warriors - GTCC	Tanishq B	3	0	18	2	10	1	1	0	0	6.00	23168646	1594831	Amiirtham - GTCC Fall league 2025	15	TENNIS
W	19007704	2	Maratha Warriors - GTCC	Arun Baby	3	0	28	2	3	2	1	1	0	9.33	27672366	1594831	Amiirtham - GTCC Fall league 2025	15	TENNIS
W	19007704	2	Maratha Warriors - GTCC	Rajeev Swaminathan	3	0	15	4	10	2	0	1	0	5.00	23116627	1594831	Amiirtham - GTCC Fall league 2025	15	TENNIS
W	19007704	2	Maratha Warriors - GTCC	Pratik Udawant	2	0	16	0	7	0	2	0	0	8.00	31286233	1594831	Amiirtham - GTCC Fall league 2025	15	TENNIS
W	19007704	2	Maratha Warriors - GTCC	Vivin Thomas	1	0	12	0	0	0	1	1	0	12.00	21919124	1594831	Amiirtham - GTCC Fall league 2025	15	TENNIS
W	19007705	1	Harmony Strikers	Harsh Patel	3	0	26	1	10	4	1	1	0	8.67	29748236	1594831	Amiirtham - GTCC Fall league 2025	15	TENNIS
W	19007705	1	Harmony Strikers	Bishal Chakraborty	3	0	18	3	10	1	1	1	0	6.00	31271439	1594831	Amiirtham - GTCC Fall league 2025	15	TENNIS
W	19007705	1	Harmony Strikers	Ravin Pandya	2	0	16	0	4	1	1	0	0	8.00	31270860	1594831	Amiirtham - GTCC Fall league 2025	15	TENNIS
W	19007705	1	Harmony Strikers	Nisarg cricket oshawa	2	0	9	2	6	0	0	1	0	4.50	32800410	1594831	Amiirtham - GTCC Fall league 2025	15	TENNIS
W	19007705	1	Harmony Strikers	Deep Patel	2	0	14	1	5	0	1	0	0	7.00	29734345	1594831	Amiirtham - GTCC Fall league 2025	15	TENNIS
W	19007705	1	Harmony Strikers	Abhishek Erande	3	0	19	2	6	0	0	2	1	6.33	23696671	1594831	Amiirtham - GTCC Fall league 2025	15	TENNIS
W	19007705	2	Thunder Strikers	Darshit Patel	3	0	16	1	11	1	0	3	2	5.33	27673702	1594831	Amiirtham - GTCC Fall league 2025	15	TENNIS
W	19007705	2	Thunder Strikers	Rahul Kalra	3	0	22	1	8	2	1	0	0	7.33	10138742	1594831	Amiirtham - GTCC Fall league 2025	15	TENNIS
W	19007705	2	Thunder Strikers	Jigneshkumar Patel	3	0	18	3	8	2	0	2	0	6.00	30176575	1594831	Amiirtham - GTCC Fall league 2025	15	TENNIS
W	19007705	2	Thunder Strikers	Pavan Kumar	1	0	6	0	2	0	0	1	0	6.00	9136391	1594831	Amiirtham - GTCC Fall league 2025	15	TENNIS
W	19007705	2	Thunder Strikers	Kevin Shah	2	0	14	1	4	0	1	0	0	7.00	515148	1594831	Amiirtham - GTCC Fall league 2025	15	TENNIS
W	19007705	2	Thunder Strikers	Mitalkumar Patel  (c)	3	0	28	0	6	1	2	1	0	9.33	30057585	1594831	Amiirtham - GTCC Fall league 2025	15	TENNIS
W	19007708	1	FERAL XI	Balkar singh	2.4	0	9	1	11	1	0	1	0	3.38	41693676	1594831	Amiirtham - GTCC Fall league 2025	15	TENNIS
W	19007708	1	FERAL XI	Mani Asron	3	0	20	0	7	2	0	1	0	6.67	7371163	1594831	Amiirtham - GTCC Fall league 2025	15	TENNIS
W	19007708	1	FERAL XI	Adnan khan 	3	0	23	3	8	3	0	2	0	7.67	42302317	1594831	Amiirtham - GTCC Fall league 2025	15	TENNIS
W	19007708	1	FERAL XI	Ayaan Shaikh	2	0	4	2	9	0	0	0	0	2.00	42302314	1594831	Amiirtham - GTCC Fall league 2025	15	TENNIS
W	19007708	1	FERAL XI	Praveen Pesala	2	0	13	1	5	1	0	3	0	6.50	39707329	1594831	Amiirtham - GTCC Fall league 2025	15	TENNIS
W	19007708	1	FERAL XI	Kushal Reddy  (c)	1	0	8	0	2	1	0	0	0	8.00	15283637	1594831	Amiirtham - GTCC Fall league 2025	15	TENNIS
W	19007708	2	Avengers	Mufiz Munshi	1	0	15	1	2	2	0	2	1	15.00	32430389	1594831	Amiirtham - GTCC Fall league 2025	15	TENNIS
W	19007708	2	Avengers	Ravish Sharma	3	0	24	3	9	3	0	1	1	8.00	42374685	1594831	Amiirtham - GTCC Fall league 2025	15	TENNIS
W	19007708	2	Avengers	Ankit Rajpal	2	0	17	1	4	3	0	0	0	8.50	42403011	1594831	Amiirtham - GTCC Fall league 2025	15	TENNIS
W	19007708	2	Avengers	CHINTAN PATEL	2	0	9	1	6	0	0	1	0	4.50	42396014	1594831	Amiirtham - GTCC Fall league 2025	15	TENNIS
W	19007708	2	Avengers	Zul Qazi	1.1	0	16	0	0	2	0	0	0	13.71	23053658	1594831	Amiirtham - GTCC Fall league 2025	15	TENNIS
W	19007707	1	North Stars T15 Fall League 2025	Sanjit Raut	3	0	10	1	9	0	0	0	0	3.33	23646076	1594831	Amiirtham - GTCC Fall league 2025	15	TENNIS
W	19007707	1	North Stars T15 Fall League 2025	Ashish Khattar	3	0	20	0	9	0	2	0	0	6.67	16183456	1594831	Amiirtham - GTCC Fall league 2025	15	TENNIS
W	19007707	1	North Stars T15 Fall League 2025	Bhuvan Anand	2	0	8	1	6	0	0	1	0	4.00	16145433	1594831	Amiirtham - GTCC Fall league 2025	15	TENNIS
W	19007707	1	North Stars T15 Fall League 2025	Akshay H S	3	0	24	3	9	0	3	0	0	8.00	31955580	1594831	Amiirtham - GTCC Fall league 2025	15	TENNIS
W	19007707	1	North Stars T15 Fall League 2025	Nilay Shah	1	0	4	1	5	1	0	0	0	4.00	31954578	1594831	Amiirtham - GTCC Fall league 2025	15	TENNIS
W	19007707	1	North Stars T15 Fall League 2025	Srikanth Lahoti	2	0	14	3	6	2	0	0	0	7.00	4155955	1594831	Amiirtham - GTCC Fall league 2025	15	TENNIS
W	19007707	1	North Stars T15 Fall League 2025	CricHeroes deleted user	1	0	9	0	4	0	1	1	0	9.00	33410222	1594831	Amiirtham - GTCC Fall league 2025	15	TENNIS
W	19007707	2	Downtown Hunterz	Faisal Khan	3	0	14	1	10	1	0	0	0	4.67	31875312	1594831	Amiirtham - GTCC Fall league 2025	15	TENNIS
W	19007707	2	Downtown Hunterz	Hassan khulaidi	3	0	28	2	6	1	2	1	0	9.33	31856676	1594831	Amiirtham - GTCC Fall league 2025	15	TENNIS
W	19007707	2	Downtown Hunterz	Sam	3	0	15	3	10	0	1	2	0	5.00	42529904	1594831	Amiirtham - GTCC Fall league 2025	15	TENNIS
W	19007707	2	Downtown Hunterz	Mir Mujahed Ali	3	0	11	2	10	0	0	1	0	3.67	16147525	1594831	Amiirtham - GTCC Fall league 2025	15	TENNIS
W	19007707	2	Downtown Hunterz	Mohammed Emad	1	0	11	0	1	1	0	2	0	11.00	31856679	1594831	Amiirtham - GTCC Fall league 2025	15	TENNIS
W	19007707	2	Downtown Hunterz	Irfan Mohammed	1.2	0	9	0	2	0	0	1	1	6.75	15608701	1594831	Amiirtham - GTCC Fall league 2025	15	TENNIS
W	19007710	1	Golden City	Ragu Sharma	3	1	12	3	13	1	0	2	0	4.00	39147762	1594831	Amiirtham - GTCC Fall league 2025	15	TENNIS
W	19007710	1	Golden City	Bilal Munir	2	1	8	1	8	0	0	1	0	4.00	41846827	1594831	Amiirtham - GTCC Fall league 2025	15	TENNIS
W	19007710	1	Golden City	Harmeet Singh	2.1	0	11	2	6	0	0	3	0	5.08	39255428	1594831	Amiirtham - GTCC Fall league 2025	15	TENNIS
W	19007710	1	Golden City	Jasraj Singh	2	0	12	2	5	1	0	1	0	6.00	42437530	1594831	Amiirtham - GTCC Fall league 2025	15	TENNIS
W	19007710	1	Golden City	Shaibaz Khan	2	0	8	1	8	1	0	0	0	4.00	41537512	1594831	Amiirtham - GTCC Fall league 2025	15	TENNIS
W	19007710	1	Golden City	Mohit K	1	0	10	0	0	1	0	0	0	10.00	39112810	1594831	Amiirtham - GTCC Fall league 2025	15	TENNIS
W	19007710	1	Golden City	Abhishek Thakur	1	0	2	0	4	0	0	0	0	2.00	39122063	1594831	Amiirtham - GTCC Fall league 2025	15	TENNIS
W	19007710	2	Trailblazers	Anudeep Kona	3	1	9	2	13	0	0	1	0	3.00	41692406	1594831	Amiirtham - GTCC Fall league 2025	15	TENNIS
W	19007710	2	Trailblazers	Harish Pannala(TPG)  (c)	3	0	22	1	10	1	2	0	0	7.33	3052877	1594831	Amiirtham - GTCC Fall league 2025	15	TENNIS
W	19007710	2	Trailblazers	Pardhu Madarapu	2	0	10	2	7	0	0	4	0	5.00	15282834	1594831	Amiirtham - GTCC Fall league 2025	15	TENNIS
W	19007710	2	Trailblazers	Uthej Kumar Pappu	1	0	9	0	2	1	0	2	0	9.00	5733409	1594831	Amiirtham - GTCC Fall league 2025	15	TENNIS
W	19007710	2	Trailblazers	Phani	1	0	12	0	4	0	2	0	0	12.00	132317	1594831	Amiirtham - GTCC Fall league 2025	15	TENNIS
W	19007710	2	Trailblazers	Kareem	1	0	7	0	3	1	0	1	0	7.00	15699053	1594831	Amiirtham - GTCC Fall league 2025	15	TENNIS
W	19007711	1	DSK Friends XI	Sukant Sharma	3	0	23	2	10	1	2	2	0	7.67	39090207	1594831	Amiirtham - GTCC Fall league 2025	15	TENNIS
W	19007711	1	DSK Friends XI	Luxminarayanan Venkatapathy	3	0	11	1	9	0	0	1	0	3.67	19801237	1594831	Amiirtham - GTCC Fall league 2025	15	TENNIS
W	19007711	1	DSK Friends XI	Karanvir Verma	3	0	14	0	7	0	0	2	0	4.67	16294995	1594831	Amiirtham - GTCC Fall league 2025	15	TENNIS
W	19007711	1	DSK Friends XI	Samil Vig	3	0	29	2	7	2	2	1	0	9.67	31956279	1594831	Amiirtham - GTCC Fall league 2025	15	TENNIS
W	19007711	1	DSK Friends XI	Dharmendra Singh parihar	1	0	11	1	3	1	1	0	0	11.00	23337498	1594831	Amiirtham - GTCC Fall league 2025	15	TENNIS
W	19007711	1	DSK Friends XI	Shishir Saxena	2	0	18	1	7	0	2	2	0	9.00	16293688	1594831	Amiirtham - GTCC Fall league 2025	15	TENNIS
W	19007711	2	Maple Eagles	Amandeep Singh	3	0	23	1	7	3	0	1	0	7.67	41624226	1594831	Amiirtham - GTCC Fall league 2025	15	TENNIS
W	19007711	2	Maple Eagles	Kandarp Suthar	3	0	13	1	11	0	0	4	1	4.33	31328000	1594831	Amiirtham - GTCC Fall league 2025	15	TENNIS
W	19007711	2	Maple Eagles	Bharat Vamsi Palem	2	0	26	1	4	0	3	2	0	13.00	31288989	1594831	Amiirtham - GTCC Fall league 2025	15	TENNIS
W	19007711	2	Maple Eagles	Satwinder Singh	2	0	25	1	2	1	2	1	0	12.50	42515588	1594831	Amiirtham - GTCC Fall league 2025	15	TENNIS
W	19007711	2	Maple Eagles	Shubham Acharya	2	0	12	0	8	2	0	2	0	6.00	41347123	1594831	Amiirtham - GTCC Fall league 2025	15	TENNIS
W	19007711	2	Maple Eagles	Madhu Adapa	1	0	7	1	3	1	0	1	0	7.00	31266333	1594831	Amiirtham - GTCC Fall league 2025	15	TENNIS
W	19007712	1	TCF	Akhil Reddy	3	0	9	0	11	0	0	0	0	3.00	5549928	1594831	Amiirtham - GTCC Fall league 2025	15	TENNIS
W	19007712	1	TCF	Sudheer Aki	3	0	17	1	8	2	0	0	0	5.67	14762522	1594831	Amiirtham - GTCC Fall league 2025	15	TENNIS
W	19007712	1	TCF	JayaKrishna Gujjari	3	0	16	1	8	1	0	0	0	5.33	1225653	1594831	Amiirtham - GTCC Fall league 2025	15	TENNIS
W	19007712	1	TCF	Praveen Reddy	3	0	20	2	8	1	0	0	2	6.67	5413093	1594831	Amiirtham - GTCC Fall league 2025	15	TENNIS
W	19007712	1	TCF	Sharath Reddy Kongari	2	0	13	1	6	0	1	0	0	6.50	23027924	1594831	Amiirtham - GTCC Fall league 2025	15	TENNIS
W	19007712	1	TCF	Ananda Reddy Yarradoddi  (c)	1	0	4	1	3	0	0	0	0	4.00	21776986	1594831	Amiirtham - GTCC Fall league 2025	15	TENNIS
W	19007712	2	Oshawa Fighters	RamaRao Boyapati	3	0	15	1	9	1	0	0	0	5.00	24281581	1594831	Amiirtham - GTCC Fall league 2025	15	TENNIS
W	19007712	2	Oshawa Fighters	Vinith reddy Reddy	3	0	14	1	10	2	0	0	0	4.67	23028014	1594831	Amiirtham - GTCC Fall league 2025	15	TENNIS
W	19007712	2	Oshawa Fighters	Deepak Manukonda	2	0	12	0	7	1	0	1	1	6.00	21933613	1594831	Amiirtham - GTCC Fall league 2025	15	TENNIS
W	19007712	2	Oshawa Fighters	Dileep Rittapalli	2	0	24	1	4	3	1	1	0	12.00	23028081	1594831	Amiirtham - GTCC Fall league 2025	15	TENNIS
W	19007712	2	Oshawa Fighters	Prajeeth Reddy Gowravarapu  (c)	1.3	0	15	0	3	1	1	1	0	10.00	1347386	1594831	Amiirtham - GTCC Fall league 2025	15	TENNIS
W	19007713	1	Panjab XI	Sunny Bains	1	0	2	0	5	0	0	1	0	2.00	40808518	1594831	Amiirtham - GTCC Fall league 2025	15	TENNIS
W	19007713	1	Panjab XI	Sukhpal Singh	3	0	9	2	12	0	0	2	0	3.00	40841211	1594831	Amiirtham - GTCC Fall league 2025	15	TENNIS
W	19007713	1	Panjab XI	Ramandeep Singh 	3	0	6	3	13	0	0	0	0	2.00	38771920	1594831	Amiirtham - GTCC Fall league 2025	15	TENNIS
W	19007713	1	Panjab XI	Surjeet Singh	3	0	16	2	12	2	0	4	0	5.33	38766896	1594831	Amiirtham - GTCC Fall league 2025	15	TENNIS
W	19007713	1	Panjab XI	Arpan Singh	1	0	13	0	2	1	1	1	0	13.00	31040706	1594831	Amiirtham - GTCC Fall league 2025	15	TENNIS
W	19007713	1	Panjab XI	Ramanveer Singh	1	0	9	0	3	0	1	1	0	9.00	41694939	1594831	Amiirtham - GTCC Fall league 2025	15	TENNIS
W	19007713	1	Panjab XI	Sanjiv sharma	3	0	10	2	12	1	0	1	0	3.33	39683013	1594831	Amiirtham - GTCC Fall league 2025	15	TENNIS
W	19007713	2	Taunton Titans	Ishaan Raghav	3	0	11	2	13	0	1	1	0	3.67	32430873	1594831	Amiirtham - GTCC Fall league 2025	15	TENNIS
W	19007713	2	Taunton Titans	Vishal Dembi	2	0	18	0	5	3	0	0	0	9.00	32519554	1594831	Amiirtham - GTCC Fall league 2025	15	TENNIS
W	19007713	2	Taunton Titans	Shri Prakash Kunwar	1.3	0	8	2	7	1	0	2	0	5.33	32801725	1594831	Amiirtham - GTCC Fall league 2025	15	TENNIS
W	19007713	2	Taunton Titans	Vineet Bhat	1	0	18	0	3	1	2	2	0	18.00	41266674	1594831	Amiirtham - GTCC Fall league 2025	15	TENNIS
W	19007713	2	Taunton Titans	Pramod M	2	0	13	1	5	0	1	0	0	6.50	32432533	1594831	Amiirtham - GTCC Fall league 2025	15	TENNIS
W	19007716	1	Nizam Royal Knights	Maniteja Yerra	3	0	32	0	6	2	2	2	0	10.67	22695071	1594831	Amiirtham - GTCC Fall league 2025	15	TENNIS
W	19007716	1	Nizam Royal Knights	Ranjeeth Reddy M	2	0	12	2	8	2	0	2	0	6.00	15998037	1594831	Amiirtham - GTCC Fall league 2025	15	TENNIS
W	19007716	1	Nizam Royal Knights	Sampath Kantimahanthi	3	1	11	2	14	0	1	2	0	3.67	30048429	1594831	Amiirtham - GTCC Fall league 2025	15	TENNIS
W	19007716	1	Nizam Royal Knights	Pranay Reddy	2.4	0	11	2	10	0	0	4	0	4.12	18543580	1594831	Amiirtham - GTCC Fall league 2025	15	TENNIS
W	19007716	1	Nizam Royal Knights	Rajpal Reddy	1	0	6	1	3	1	0	0	0	6.00	32057684	1594831	Amiirtham - GTCC Fall league 2025	15	TENNIS
W	19007716	1	Nizam Royal Knights	Kishore DK	2	0	13	2	7	1	0	5	0	6.50	21832964	1594831	Amiirtham - GTCC Fall league 2025	15	TENNIS
W	19007716	2	Friends United - Fall T15	Navdeep Singh  (c)	2	0	19	0	7	4	0	1	0	9.50	39095211	1594831	Amiirtham - GTCC Fall league 2025	15	TENNIS
W	19007716	2	Friends United - Fall T15	Ciril John	2	0	30	0	3	5	1	1	0	15.00	32838270	1594831	Amiirtham - GTCC Fall league 2025	15	TENNIS
W	19007716	2	Friends United - Fall T15	Karan Bajwa	3	0	12	3	9	0	0	1	0	4.00	6249085	1594831	Amiirtham - GTCC Fall league 2025	15	TENNIS
W	19007716	2	Friends United - Fall T15	Amandeep Singh	2	0	17	0	5	1	1	1	0	8.50	39148817	1594831	Amiirtham - GTCC Fall league 2025	15	TENNIS
W	19007716	2	Friends United - Fall T15	Saurav	1	0	4	1	3	0	0	0	0	4.00	38188893	1594831	Amiirtham - GTCC Fall league 2025	15	TENNIS
W	19007716	2	Friends United - Fall T15	Ravi	0.1	0	6	0	0	0	1	0	0	36.00	1153446	1594831	Amiirtham - GTCC Fall league 2025	15	TENNIS
W	19007715	1	Durham United	Ashwin Shankar	3	0	20	0	9	3	0	2	0	6.67	21750405	1594831	Amiirtham - GTCC Fall league 2025	15	TENNIS
W	19007715	1	Durham United	Nikhil Rana	3	0	22	0	8	2	1	0	0	7.33	32554738	1594831	Amiirtham - GTCC Fall league 2025	15	TENNIS
W	19007715	1	Durham United	Tarun jaswal	3	1	17	3	10	1	1	0	0	5.67	30147776	1594831	Amiirtham - GTCC Fall league 2025	15	TENNIS
W	19007715	1	Durham United	Jay Ray	3	0	28	1	4	2	1	3	0	9.33	21592545	1594831	Amiirtham - GTCC Fall league 2025	15	TENNIS
W	19007715	1	Durham United	Akash Bhalla	3	0	25	2	8	1	2	1	0	8.33	10133419	1594831	Amiirtham - GTCC Fall league 2025	15	TENNIS
W	19007715	2	Team Manjummel	NIRANJAN GOTTIPATI	2	0	18	0	6	1	1	2	0	9.00	39257621	1594831	Amiirtham - GTCC Fall league 2025	15	TENNIS
W	19007715	2	Team Manjummel	Srujan Gandla	3	0	14	1	11	2	0	1	0	4.67	23847345	1594831	Amiirtham - GTCC Fall league 2025	15	TENNIS
W	19007715	2	Team Manjummel	Murali Raju	1.4	0	29	0	1	4	1	1	0	17.40	6986884	1594831	Amiirtham - GTCC Fall league 2025	15	TENNIS
W	19007715	2	Team Manjummel	Srikanth Kommineni  (c)	3	0	30	0	7	1	3	0	0	10.00	29518721	1594831	Amiirtham - GTCC Fall league 2025	15	TENNIS
W	19007715	2	Team Manjummel	Vinod Goud Boyapalli	2	0	21	0	5	4	0	2	0	10.50	32071427	1594831	Amiirtham - GTCC Fall league 2025	15	TENNIS
W	19007714	1	Bowmanville Cricket Club	Rishabh chauhan	3	0	24	0	11	2	2	0	0	8.00	40653724	1594831	Amiirtham - GTCC Fall league 2025	15	TENNIS
W	19007714	1	Bowmanville Cricket Club	Eshwar R Sabbella	3	0	36	1	6	4	2	1	0	12.00	31848857	1594831	Amiirtham - GTCC Fall league 2025	15	TENNIS
W	19007714	1	Bowmanville Cricket Club	Md Shah Alam	3	0	26	4	9	5	0	1	0	8.67	30090432	1594831	Amiirtham - GTCC Fall league 2025	15	TENNIS
W	19007714	1	Bowmanville Cricket Club	Ritesh Vats	3	0	31	0	6	3	1	2	0	10.33	30873931	1594831	Amiirtham - GTCC Fall league 2025	15	TENNIS
W	19007714	1	Bowmanville Cricket Club	Ashok Karpurapu	3	0	46	0	6	6	3	0	0	15.33	31217903	1594831	Amiirtham - GTCC Fall league 2025	15	TENNIS
W	19007714	2	Nizam Royal Knights	Maniteja Yerra	3	0	7	1	12	0	0	0	0	2.33	22695071	1594831	Amiirtham - GTCC Fall league 2025	15	TENNIS
W	19007714	2	Nizam Royal Knights	Ranjeeth Reddy M	3	0	20	2	12	2	1	1	0	6.67	15998037	1594831	Amiirtham - GTCC Fall league 2025	15	TENNIS
W	19007714	2	Nizam Royal Knights	Sampath Kantimahanthi	2	0	13	2	8	1	1	0	0	6.50	30048429	1594831	Amiirtham - GTCC Fall league 2025	15	TENNIS
W	19007714	2	Nizam Royal Knights	Raghu Reddy	2	0	10	2	9	2	0	1	0	5.00	15998250	1594831	Amiirtham - GTCC Fall league 2025	15	TENNIS
W	19007714	2	Nizam Royal Knights	Rajpal Reddy	3	0	11	0	11	1	0	1	0	3.67	32057684	1594831	Amiirtham - GTCC Fall league 2025	15	TENNIS
W	19007714	2	Nizam Royal Knights	Sattireddy Nalmala	1	0	3	0	4	0	0	0	1	3.00	128334	1594831	Amiirtham - GTCC Fall league 2025	15	TENNIS
W	19007714	2	Nizam Royal Knights	prashanth reddy chapala	0.3	0	1	1	2	0	0	0	0	2.00	39704901	1594831	Amiirtham - GTCC Fall league 2025	15	TENNIS
W	19007718	1	Redwings	Vishnu Nair	3	0	26	2	7	3	0	1	0	8.67	21754141	1594831	Amiirtham - GTCC Fall league 2025	15	TENNIS
W	19007718	1	Redwings	Akhil	3	0	15	1	8	1	0	0	0	5.00	30322919	1594831	Amiirtham - GTCC Fall league 2025	15	TENNIS
W	19007718	1	Redwings	Jephin Saji	2	0	17	1	5	2	0	2	0	8.50	30393564	1594831	Amiirtham - GTCC Fall league 2025	15	TENNIS
W	19007718	1	Redwings	Melvin Thomas	2	0	9	0	9	2	0	0	0	4.50	31248062	1594831	Amiirtham - GTCC Fall league 2025	15	TENNIS
W	19007718	1	Redwings	Emil Pious	2	0	21	1	6	3	1	1	0	10.50	40407065	1594831	Amiirtham - GTCC Fall league 2025	15	TENNIS
W	19007718	1	Redwings	Vaishnav	1	0	18	0	2	2	0	5	2	18.00	31247987	1594831	Amiirtham - GTCC Fall league 2025	15	TENNIS
W	19007718	1	Redwings	Gokul Krishna	1	0	3	0	4	0	0	1	0	3.00	31836632	1594831	Amiirtham - GTCC Fall league 2025	15	TENNIS
W	19007718	1	Redwings	Akshay Kumar	1	0	8	1	4	1	0	2	0	8.00	21962417	1594831	Amiirtham - GTCC Fall league 2025	15	TENNIS
W	19007718	2	Whitby Thunderbolts Gtcc fall	Kiran Chigiri	3	1	32	2	10	2	2	1	1	10.67	22537910	1594831	Amiirtham - GTCC Fall league 2025	15	TENNIS
W	19007718	2	Whitby Thunderbolts Gtcc fall	Sheshasai Kankipati	2	0	15	1	8	2	1	0	0	7.50	9202209	1594831	Amiirtham - GTCC Fall league 2025	15	TENNIS
W	19007718	2	Whitby Thunderbolts Gtcc fall	Venkata Balaji Balabha Drapatruni	3	0	29	0	6	4	0	4	0	9.67	23656575	1594831	Amiirtham - GTCC Fall league 2025	15	TENNIS
W	19007718	2	Whitby Thunderbolts Gtcc fall	Dileep Nannore	3	0	10	0	11	0	0	0	1	3.33	15992998	1594831	Amiirtham - GTCC Fall league 2025	15	TENNIS
W	19007718	2	Whitby Thunderbolts Gtcc fall	Harish Challa	1	0	14	1	1	2	0	1	0	14.00	41671001	1594831	Amiirtham - GTCC Fall league 2025	15	TENNIS
W	19007718	2	Whitby Thunderbolts Gtcc fall	Sai Sharan Pandramish	2	0	13	1	5	0	0	2	0	6.50	23646490	1594831	Amiirtham - GTCC Fall league 2025	15	TENNIS
W	19007718	2	Whitby Thunderbolts Gtcc fall	Varun Kumar	1	0	8	2	4	0	0	1	2	8.00	22794738	1594831	Amiirtham - GTCC Fall league 2025	15	TENNIS
W	19007720	1	North Stars T15 Fall League 2025	Sanjit Raut	3	0	23	1	9	2	1	1	0	7.67	23646076	1594831	Amiirtham - GTCC Fall league 2025	15	TENNIS
W	19007720	1	North Stars T15 Fall League 2025	Ashish Khattar	3	0	25	2	7	2	0	4	0	8.33	16183456	1594831	Amiirtham - GTCC Fall league 2025	15	TENNIS
W	19007720	1	North Stars T15 Fall League 2025	Suhas Acharya	1.4	0	25	1	2	5	0	1	0	15.00	21540128	1594831	Amiirtham - GTCC Fall league 2025	15	TENNIS
W	19007720	1	North Stars T15 Fall League 2025	Bhuvan Anand	3	0	29	3	7	2	2	2	0	9.67	16145433	1594831	Amiirtham - GTCC Fall league 2025	15	TENNIS
W	19007720	1	North Stars T15 Fall League 2025	Nilay Shah	3	0	18	1	10	1	1	1	0	6.00	31954578	1594831	Amiirtham - GTCC Fall league 2025	15	TENNIS
W	19007720	1	North Stars T15 Fall League 2025	Srikanth Lahoti	1	0	13	0	2	1	1	1	0	13.00	4155955	1594831	Amiirtham - GTCC Fall league 2025	15	TENNIS
W	19007720	2	Royal Challengers Bowmanville	Jackson Christian	3	0	17	1	12	3	0	2	0	5.67	19806199	1594831	Amiirtham - GTCC Fall league 2025	15	TENNIS
W	19007720	2	Royal Challengers Bowmanville	Brian Gohil	3	0	21	2	7	3	0	1	0	7.00	32141157	1594831	Amiirtham - GTCC Fall league 2025	15	TENNIS
W	19007720	2	Royal Challengers Bowmanville	Seshil Christian	2.5	0	15	1	8	1	0	0	0	5.29	40513349	1594831	Amiirtham - GTCC Fall league 2025	15	TENNIS
W	19007720	2	Royal Challengers Bowmanville	Parker Ronak	3	0	18	1	7	1	0	2	0	6.00	31335119	1594831	Amiirtham - GTCC Fall league 2025	15	TENNIS
W	19007720	2	Royal Challengers Bowmanville	Afzal Khan  (c)	3	0	18	2	12	2	0	5	0	6.00	42313627	1594831	Amiirtham - GTCC Fall league 2025	15	TENNIS
W	19007721	1	Deccan Warriors	Awais Mohammed	3	0	28	0	9	4	0	2	2	9.33	30347820	1594831	Amiirtham - GTCC Fall league 2025	15	TENNIS
W	19007721	1	Deccan Warriors	Abdul Wahaid	3	0	35	2	6	4	1	4	0	11.67	30347785	1594831	Amiirtham - GTCC Fall league 2025	15	TENNIS
W	19007721	1	Deccan Warriors	Mohammed Noman Hussain	3	0	18	1	4	1	0	0	0	6.00	30523853	1594831	Amiirtham - GTCC Fall league 2025	15	TENNIS
W	19007721	1	Deccan Warriors	Abdul Mudaseer Mohmmed	3	0	35	0	6	4	0	2	1	11.67	1160866	1594831	Amiirtham - GTCC Fall league 2025	15	TENNIS
W	19007721	1	Deccan Warriors	Shaikh Yasar Ali	3	0	21	2	11	2	1	0	1	7.00	31475502	1594831	Amiirtham - GTCC Fall league 2025	15	TENNIS
W	19007721	2	DSK Friends XI	Sukant Sharma	2	0	6	2	8	0	0	2	0	3.00	39090207	1594831	Amiirtham - GTCC Fall league 2025	15	TENNIS
W	19007721	2	DSK Friends XI	Shishir Saxena	1	0	18	0	2	2	1	1	0	18.00	16293688	1594831	Amiirtham - GTCC Fall league 2025	15	TENNIS
W	19007721	2	DSK Friends XI	Luxminarayanan Venkatapathy	2	2	0	3	12	0	0	0	0	0.00	19801237	1594831	Amiirtham - GTCC Fall league 2025	15	TENNIS
W	19007721	2	DSK Friends XI	Uddish Poptani	2	0	11	3	8	2	0	1	0	5.50	16293616	1594831	Amiirtham - GTCC Fall league 2025	15	TENNIS
W	19007721	2	DSK Friends XI	Neeladri Dey	1	0	3	1	5	0	0	2	0	3.00	31989572	1594831	Amiirtham - GTCC Fall league 2025	15	TENNIS
W	19007721	2	DSK Friends XI	Charan Shekar	1.5	0	10	1	5	0	0	3	0	5.45	6268008	1594831	Amiirtham - GTCC Fall league 2025	15	TENNIS
W	19007721	2	DSK Friends XI	Yuvaraj Palanisamy	1	0	24	0	1	3	1	1	2	24.00	23028369	1594831	Amiirtham - GTCC Fall league 2025	15	TENNIS
W	19007724	1	Harmony Strikers	Nisarg cricket oshawa	3	0	24	2	11	1	2	0	2	8.00	32800410	1594831	Amiirtham - GTCC Fall league 2025	15	TENNIS
W	19007724	1	Harmony Strikers	Bishal Chakraborty	2.3	0	14	2	8	1	0	2	0	5.60	31271439	1594831	Amiirtham - GTCC Fall league 2025	15	TENNIS
W	19007724	1	Harmony Strikers	Deep Patel	3	0	24	2	7	2	0	4	0	8.00	29734345	1594831	Amiirtham - GTCC Fall league 2025	15	TENNIS
W	19007724	1	Harmony Strikers	Ravin Pandya	3	0	29	1	7	0	3	1	0	9.67	31270860	1594831	Amiirtham - GTCC Fall league 2025	15	TENNIS
W	19007724	1	Harmony Strikers	Harsh Patel	3	0	9	2	10	0	0	0	0	3.00	29748236	1594831	Amiirtham - GTCC Fall league 2025	15	TENNIS
W	19007724	2	TCF	Akhil Reddy  (c)	3	0	23	1	6	3	0	1	0	7.67	5549928	1594831	Amiirtham - GTCC Fall league 2025	15	TENNIS
W	19007724	2	TCF	Varun Kakubal	2	0	16	1	7	2	1	0	0	8.00	23206427	1594831	Amiirtham - GTCC Fall league 2025	15	TENNIS
W	19007724	2	TCF	Praveen Reddy	2.3	0	23	1	6	2	1	1	0	9.20	5413093	1594831	Amiirtham - GTCC Fall league 2025	15	TENNIS
W	19007724	2	TCF	JayaKrishna Gujjari	3	0	28	1	8	2	2	0	0	9.33	1225653	1594831	Amiirtham - GTCC Fall league 2025	15	TENNIS
W	19007724	2	TCF	Sudheer Aki	3	0	11	2	12	1	0	1	0	3.67	14762522	1594831	Amiirtham - GTCC Fall league 2025	15	TENNIS
W	19007723	1	Oshawa Fighters	RamaRao Boyapati	2	0	10	1	7	0	0	3	0	5.00	24281581	1594831	Amiirtham - GTCC Fall league 2025	15	TENNIS
W	19007723	1	Oshawa Fighters	Vinith reddy Reddy	3	1	4	3	15	0	0	1	0	1.33	23028014	1594831	Amiirtham - GTCC Fall league 2025	15	TENNIS
W	19007723	1	Oshawa Fighters	Deepak Manukonda	2	0	9	2	8	0	0	4	1	4.50	21933613	1594831	Amiirtham - GTCC Fall league 2025	15	TENNIS
W	19007723	1	Oshawa Fighters	Dileep Rittapalli	1.1	0	6	2	5	1	0	1	0	5.14	23028081	1594831	Amiirtham - GTCC Fall league 2025	15	TENNIS
W	19007723	1	Oshawa Fighters	Prajeeth Reddy Gowravarapu  (c)	1	0	8	1	2	0	0	4	0	8.00	1347386	1594831	Amiirtham - GTCC Fall league 2025	15	TENNIS
W	19007723	2	Birthday Boys XI	Anubhav Nirula	1	0	1	1	5	0	0	0	0	1.00	31249272	1594831	Amiirtham - GTCC Fall league 2025	15	TENNIS
W	19007723	2	Birthday Boys XI	Paritosh Dali	1.1	0	13	0	3	2	0	2	0	11.14	4166516	1594831	Amiirtham - GTCC Fall league 2025	15	TENNIS
W	19007723	2	Birthday Boys XI	pratyush sakalley	1	0	17	0	1	2	1	0	0	17.00	42529133	1594831	Amiirtham - GTCC Fall league 2025	15	TENNIS
W	19007723	2	Birthday Boys XI	Amit Sondhi	1	0	9	0	3	2	0	0	0	9.00	30104324	1594831	Amiirtham - GTCC Fall league 2025	15	TENNIS
W	19007722	1	Taunton Titans	Mahesh	3	1	10	1	13	1	0	0	0	3.33	9167416	1594831	Amiirtham - GTCC Fall league 2025	15	TENNIS
W	19007722	1	Taunton Titans	Vineet Bhat	3	0	46	1	6	5	3	3	0	15.33	41266674	1594831	Amiirtham - GTCC Fall league 2025	15	TENNIS
W	19007722	1	Taunton Titans	Vishal Dembi	3	0	30	1	10	1	3	4	0	10.00	32519554	1594831	Amiirtham - GTCC Fall league 2025	15	TENNIS
W	19007722	1	Taunton Titans	Veera Prasad	3	0	40	1	4	4	2	1	0	13.33	32917471	1594831	Amiirtham - GTCC Fall league 2025	15	TENNIS
W	19007722	1	Taunton Titans	Shri Prakash Kunwar	2	0	28	0	3	0	3	1	0	14.00	32801725	1594831	Amiirtham - GTCC Fall league 2025	15	TENNIS
W	19007722	1	Taunton Titans	Jay Patel	1	0	9	2	3	0	1	1	0	9.00	5600543	1594831	Amiirtham - GTCC Fall league 2025	15	TENNIS
W	19007722	2	Invincible Trailblazers	Ginil Joseph	2	0	13	0	6	2	0	0	0	6.50	27672341	1594831	Amiirtham - GTCC Fall league 2025	15	TENNIS
W	19007722	2	Invincible Trailblazers	Barani S	3	1	6	3	13	0	0	0	1	2.00	21595698	1594831	Amiirtham - GTCC Fall league 2025	15	TENNIS
W	19007722	2	Invincible Trailblazers	YOGEESHA NAIK	2	0	6	2	7	0	0	1	0	3.00	21500136	1594831	Amiirtham - GTCC Fall league 2025	15	TENNIS
W	19007722	2	Invincible Trailblazers	Seethamraju Pavan	2	0	3	1	10	0	0	1	0	1.50	460319	1594831	Amiirtham - GTCC Fall league 2025	15	TENNIS
W	19007722	2	Invincible Trailblazers	Kvs Narayana	2	0	5	3	9	0	0	0	0	2.50	13816654	1594831	Amiirtham - GTCC Fall league 2025	15	TENNIS
W	19007722	2	Invincible Trailblazers	Prathap Reddy	0.2	0	1	1	2	0	0	1	0	3.00	1440078	1594831	Amiirtham - GTCC Fall league 2025	15	TENNIS
W	19007727	1	Taunton Titans	Vineet Bhat	3	0	22	2	7	1	0	3	1	7.33	41266674	1594831	Amiirtham - GTCC Fall league 2025	15	TENNIS
W	19007727	1	Taunton Titans	Mahesh	3	0	15	3	9	1	0	2	0	5.00	9167416	1594831	Amiirtham - GTCC Fall league 2025	15	TENNIS
W	19007727	1	Taunton Titans	Nimish Raval	1	0	7	0	3	0	0	4	0	7.00	42349926	1594831	Amiirtham - GTCC Fall league 2025	15	TENNIS
W	19007727	1	Taunton Titans	Vishal Dembi	3	0	14	0	6	0	0	0	0	4.67	32519554	1594831	Amiirtham - GTCC Fall league 2025	15	TENNIS
W	19007727	1	Taunton Titans	Ishaan Raghav	1	0	16	0	0	3	0	1	0	16.00	32430873	1594831	Amiirtham - GTCC Fall league 2025	15	TENNIS
W	19007727	1	Taunton Titans	Shri Prakash Kunwar	1	0	14	0	2	2	0	4	0	14.00	32801725	1594831	Amiirtham - GTCC Fall league 2025	15	TENNIS
W	19007727	1	Taunton Titans	santhosh Kotte  (c)	1	0	12	0	3	1	1	1	0	12.00	23359672	1594831	Amiirtham - GTCC Fall league 2025	15	TENNIS
W	19007727	1	Taunton Titans	Jay Patel	1	0	15	0	1	3	0	0	0	15.00	5600543	1594831	Amiirtham - GTCC Fall league 2025	15	TENNIS
W	19007727	1	Taunton Titans	Harsh Bhatia	1	0	15	0	2	3	0	0	1	15.00	31945988	1594831	Amiirtham - GTCC Fall league 2025	15	TENNIS
W	19007727	2	North Stars T15 Fall League 2025	Sanjit Raut	3	0	20	0	9	3	0	1	0	6.67	23646076	1594831	Amiirtham - GTCC Fall league 2025	15	TENNIS
W	19007727	2	North Stars T15 Fall League 2025	Ashish Khattar	3	1	13	3	12	0	1	0	0	4.33	16183456	1594831	Amiirtham - GTCC Fall league 2025	15	TENNIS
W	19007727	2	North Stars T15 Fall League 2025	Bhuvan Anand	3	0	21	0	9	2	1	0	0	7.00	16145433	1594831	Amiirtham - GTCC Fall league 2025	15	TENNIS
W	19007727	2	North Stars T15 Fall League 2025	Nilay Shah	3	0	27	0	7	1	2	3	0	9.00	31954578	1594831	Amiirtham - GTCC Fall league 2025	15	TENNIS
W	19007727	2	North Stars T15 Fall League 2025	Srikanth Lahoti	1	0	12	0	1	1	0	1	2	12.00	4155955	1594831	Amiirtham - GTCC Fall league 2025	15	TENNIS
W	19007727	2	North Stars T15 Fall League 2025	Raghavendra Naik	1	0	13	0	1	1	1	0	0	13.00	15832543	1594831	Amiirtham - GTCC Fall league 2025	15	TENNIS
W	19007727	2	North Stars T15 Fall League 2025	CricHeroes deleted user	1	0	6	1	2	0	0	1	0	6.00	33410222	1594831	Amiirtham - GTCC Fall league 2025	15	TENNIS
W	19007726	1	Friends United - Fall T15	Jasmeet Singh	3	0	38	1	4	6	0	3	0	12.67	39297037	1594831	Amiirtham - GTCC Fall league 2025	15	TENNIS
W	19007726	1	Friends United - Fall T15	Navdeep Singh  (c)	2	0	25	0	3	5	0	1	0	12.50	39095211	1594831	Amiirtham - GTCC Fall league 2025	15	TENNIS
W	19007726	1	Friends United - Fall T15	Ashu Sharma	3	0	10	2	10	0	0	0	0	3.33	6562419	1594831	Amiirtham - GTCC Fall league 2025	15	TENNIS
W	19007726	1	Friends United - Fall T15	Gurpreet singh	3	0	27	1	8	1	1	4	1	9.00	41628752	1594831	Amiirtham - GTCC Fall league 2025	15	TENNIS
W	19007726	1	Friends United - Fall T15	Karan Bajwa	3	0	16	2	7	1	0	1	0	5.33	6249085	1594831	Amiirtham - GTCC Fall league 2025	15	TENNIS
W	19007726	1	Friends United - Fall T15	Ravi	1	0	19	0	1	2	1	1	1	19.00	1153446	1594831	Amiirtham - GTCC Fall league 2025	15	TENNIS
W	19007726	2	Trailblazers	Anil Sunkara	3	0	14	1	12	2	0	0	1	4.67	3913067	1594831	Amiirtham - GTCC Fall league 2025	15	TENNIS
W	19007726	2	Trailblazers	Anudeep Kona	3	0	23	0	7	3	0	0	0	7.67	39057187	1594831	Amiirtham - GTCC Fall league 2025	15	TENNIS
W	19007726	2	Trailblazers	Subbu Pakalapati	3	0	33	2	9	1	4	1	0	11.00	132243	1594831	Amiirtham - GTCC Fall league 2025	15	TENNIS
W	19007726	2	Trailblazers	Harish Pannala(TPG)  (c)	3	0	31	1	5	1	2	3	0	10.33	3052877	1594831	Amiirtham - GTCC Fall league 2025	15	TENNIS
W	19007726	2	Trailblazers	Vishnu Raj	2	0	24	0	1	2	0	4	0	12.00	22723421	1594831	Amiirtham - GTCC Fall league 2025	15	TENNIS
W	19007726	2	Trailblazers	Phani	1	0	4	1	3	0	0	0	0	4.00	132317	1594831	Amiirtham - GTCC Fall league 2025	15	TENNIS
W	19007725	1	Avengers	Gursimran Chauhan  (c)	3	0	28	1	10	4	1	1	0	9.33	42350491	1594831	Amiirtham - GTCC Fall league 2025	15	TENNIS
W	19007725	1	Avengers	Mufiz Munshi	2	0	17	0	5	3	0	1	0	8.50	32430389	1594831	Amiirtham - GTCC Fall league 2025	15	TENNIS
W	19007725	1	Avengers	Rohan Chadha	3	0	23	1	8	2	1	1	0	7.67	42515675	1594831	Amiirtham - GTCC Fall league 2025	15	TENNIS
W	19007725	1	Avengers	Zul Qazi	3	0	15	1	11	2	0	0	0	5.00	23053658	1594831	Amiirtham - GTCC Fall league 2025	15	TENNIS
W	19007725	1	Avengers	CHINTAN PATEL	2	0	17	3	6	0	1	2	1	8.50	42396014	1594831	Amiirtham - GTCC Fall league 2025	15	TENNIS
W	19007725	1	Avengers	Nagu	2	0	14	2	5	1	0	3	0	7.00	9890669	1594831	Amiirtham - GTCC Fall league 2025	15	TENNIS
W	19007725	2	Whitby Thunderbolts Gtcc fall	Kiran Chigiri	3	0	22	1	8	3	0	3	0	7.33	22537910	1594831	Amiirtham - GTCC Fall league 2025	15	TENNIS
W	19007725	2	Whitby Thunderbolts Gtcc fall	Naren C	3	0	10	1	11	0	0	0	0	3.33	24254648	1594831	Amiirtham - GTCC Fall league 2025	15	TENNIS
W	19007725	2	Whitby Thunderbolts Gtcc fall	Karan Bhatt	0.1	0	8	0	0	1	0	3	1	48.00	43639731	1594831	Amiirtham - GTCC Fall league 2025	15	TENNIS
W	19007725	2	Whitby Thunderbolts Gtcc fall	Venkata Balaji Balabha Drapatruni	1.5	0	17	1	5	0	2	0	0	9.27	23656575	1594831	Amiirtham - GTCC Fall league 2025	15	TENNIS
W	19007725	2	Whitby Thunderbolts Gtcc fall	Koushik	1	0	6	0	1	0	0	1	0	6.00	31886559	1594831	Amiirtham - GTCC Fall league 2025	15	TENNIS
W	19007725	2	Whitby Thunderbolts Gtcc fall	Dileep Nannore	2	0	14	0	6	2	0	1	0	7.00	15992998	1594831	Amiirtham - GTCC Fall league 2025	15	TENNIS
W	19007725	2	Whitby Thunderbolts Gtcc fall	Sheshasai Kankipati	2	0	16	0	1	1	0	0	0	8.00	9202209	1594831	Amiirtham - GTCC Fall league 2025	15	TENNIS
W	19007725	2	Whitby Thunderbolts Gtcc fall	Helin Patel	2	0	8	1	6	0	0	0	0	4.00	4289102	1594831	Amiirtham - GTCC Fall league 2025	15	TENNIS
W	19007730	1	Royal Punjab	Lovepreet Khosa	3	0	14	1	11	1	0	1	1	4.67	41122178	1594831	Amiirtham - GTCC Fall league 2025	15	TENNIS
W	19007730	1	Royal Punjab	Parbjot Singh Aulakh	2	1	14	2	7	1	1	1	0	7.00	41091824	1594831	Amiirtham - GTCC Fall league 2025	15	TENNIS
W	19007730	1	Royal Punjab	Amritpal  Singh	3	0	15	2	12	2	0	2	0	5.00	41127556	1594831	Amiirtham - GTCC Fall league 2025	15	TENNIS
W	19007730	1	Royal Punjab	Amrit Amrit	3	0	15	1	13	2	0	3	1	5.00	41671523	1594831	Amiirtham - GTCC Fall league 2025	15	TENNIS
W	19007730	1	Royal Punjab	Jugraj Singh	2.2	0	7	3	11	1	0	1	0	3.00	41127561	1594831	Amiirtham - GTCC Fall league 2025	15	TENNIS
W	19007730	2	Maple Eagles	Arshdeep Singh	1	0	9	0	3	2	0	0	0	9.00	39637167	1594831	Amiirtham - GTCC Fall league 2025	15	TENNIS
W	19007730	2	Maple Eagles	Shubham Acharya	1	0	16	0	2	2	1	1	0	16.00	41347123	1594831	Amiirtham - GTCC Fall league 2025	15	TENNIS
W	19007730	2	Maple Eagles	Amandeep Singh	2	0	8	0	7	1	0	0	0	4.00	41624226	1594831	Amiirtham - GTCC Fall league 2025	15	TENNIS
W	19007730	2	Maple Eagles	Kandarp Suthar	3	0	22	2	8	2	1	0	0	7.33	31328000	1594831	Amiirtham - GTCC Fall league 2025	15	TENNIS
W	19007730	2	Maple Eagles	Jagveer singh	1	0	15	1	2	0	2	1	0	15.00	32886299	1594831	Amiirtham - GTCC Fall league 2025	15	TENNIS
W	19007730	2	Maple Eagles	Satwinder Singh	0.1	0	4	0	0	1	0	0	0	24.00	42515588	1594831	Amiirtham - GTCC Fall league 2025	15	TENNIS
W	19007731	1	Redwings	Vishnu Nair	3	0	25	1	10	3	1	3	0	8.33	21754141	1594831	Amiirtham - GTCC Fall league 2025	15	TENNIS
W	19007731	1	Redwings	Akhil	3	0	16	1	11	1	1	0	0	5.33	30322919	1594831	Amiirtham - GTCC Fall league 2025	15	TENNIS
W	19007731	1	Redwings	Christo Joy	3	0	12	2	12	1	0	2	0	4.00	30376963	1594831	Amiirtham - GTCC Fall league 2025	15	TENNIS
W	19007731	1	Redwings	Abi Antony	3	0	24	2	9	4	0	2	0	8.00	23202311	1594831	Amiirtham - GTCC Fall league 2025	15	TENNIS
W	19007731	1	Redwings	Abin Mathew	3	0	20	0	8	1	0	0	1	6.67	30379080	1594831	Amiirtham - GTCC Fall league 2025	15	TENNIS
W	19007731	2	Team Manjummel	NIRANJAN GOTTIPATI	2	0	20	0	5	0	2	0	0	10.00	39257621	1594831	Amiirtham - GTCC Fall league 2025	15	TENNIS
W	19007731	2	Team Manjummel	Junaid khan	3	0	22	1	8	1	1	0	0	7.33	42504301	1594831	Amiirtham - GTCC Fall league 2025	15	TENNIS
W	19007731	2	Team Manjummel	Srujan Gandla	3	0	12	1	11	1	0	0	0	4.00	23847345	1594831	Amiirtham - GTCC Fall league 2025	15	TENNIS
W	19007731	2	Team Manjummel	Vinod Goud Boyapalli	2.3	0	25	3	8	1	2	1	1	10.00	32071427	1594831	Amiirtham - GTCC Fall league 2025	15	TENNIS
W	19007731	2	Team Manjummel	Srikanth Kommineni  (c)	3	0	9	4	12	1	0	0	0	3.00	29518721	1594831	Amiirtham - GTCC Fall league 2025	15	TENNIS
W	19007728	1	Mavericks	Nasakath Shaikkumthodi	3	0	18	2	9	1	0	1	0	6.00	31273662	1594831	Amiirtham - GTCC Fall league 2025	15	TENNIS
W	19007728	1	Mavericks	Daries Antony	3	0	26	0	7	3	0	1	0	8.67	21106964	1594831	Amiirtham - GTCC Fall league 2025	15	TENNIS
W	19007728	1	Mavericks	Jawas Muhammed	3	0	15	1	10	0	0	4	0	5.00	36772056	1594831	Amiirtham - GTCC Fall league 2025	15	TENNIS
W	19007728	1	Mavericks	Abhinandh Abhi	3	0	10	2	14	1	0	2	0	3.33	21201797	1594831	Amiirtham - GTCC Fall league 2025	15	TENNIS
W	19007728	1	Mavericks	Sajin Kumar	2	0	11	1	6	1	0	2	0	5.50	30109342	1594831	Amiirtham - GTCC Fall league 2025	15	TENNIS
W	19007728	1	Mavericks	Bala Santhosam	1	0	10	0	4	1	0	5	0	10.00	28305774	1594831	Amiirtham - GTCC Fall league 2025	15	TENNIS
W	19007728	2	Durham Strikers	Gopal Kanniappan	1.3	0	11	1	6	1	1	0	0	7.33	27728606	1594831	Amiirtham - GTCC Fall league 2025	15	TENNIS
W	19007728	2	Durham Strikers	Bilal Salim	2	0	18	1	6	2	1	0	0	9.00	41655594	1594831	Amiirtham - GTCC Fall league 2025	15	TENNIS
W	19007728	2	Durham Strikers	Arun Inpamozhi	1.3	0	16	2	5	2	1	1	0	10.67	16113070	1594831	Amiirtham - GTCC Fall league 2025	15	TENNIS
W	19007728	2	Durham Strikers	Santhosh Rajan	1	0	6	1	4	1	0	0	0	6.00	23717445	1594831	Amiirtham - GTCC Fall league 2025	15	TENNIS
W	19007728	2	Durham Strikers	Sathish Rajan	2	0	13	1	8	2	0	2	0	6.50	41670672	1594831	Amiirtham - GTCC Fall league 2025	15	TENNIS
W	19007728	2	Durham Strikers	Arunkumar	1	0	19	0	0	4	0	1	0	19.00	16168974	1594831	Amiirtham - GTCC Fall league 2025	15	TENNIS
W	19007728	2	Durham Strikers	Sarathy	0.2	0	5	0	0	1	0	0	0	15.00	23102239	1594831	Amiirtham - GTCC Fall league 2025	15	TENNIS
W	19007736	1	Team Manjummel	NIRANJAN GOTTIPATI	3	0	32	1	5	4	0	3	0	10.67	39257621	1594831	Amiirtham - GTCC Fall league 2025	15	TENNIS
W	19007736	1	Team Manjummel	Srujan Gandla	3	0	14	4	11	1	0	3	0	4.67	23847345	1594831	Amiirtham - GTCC Fall league 2025	15	TENNIS
W	19007736	1	Team Manjummel	Murali Raju	3	0	15	1	10	1	0	1	0	5.00	6986884	1594831	Amiirtham - GTCC Fall league 2025	15	TENNIS
W	19007736	1	Team Manjummel	Srikanth Kommineni  (c)	3	0	24	1	6	2	1	0	0	8.00	29518721	1594831	Amiirtham - GTCC Fall league 2025	15	TENNIS
W	19007736	1	Team Manjummel	Nikhil battula	3	0	15	3	12	2	0	3	0	5.00	32301207	1594831	Amiirtham - GTCC Fall league 2025	15	TENNIS
W	19007736	2	Whitby Thunderbolts Gtcc fall	Naren C	3	0	19	2	8	2	0	0	0	6.33	24254648	1594831	Amiirtham - GTCC Fall league 2025	15	TENNIS
W	19007736	2	Whitby Thunderbolts Gtcc fall	Venkata Balaji Balabha Drapatruni	3	0	23	0	10	3	0	3	0	7.67	23656575	1594831	Amiirtham - GTCC Fall league 2025	15	TENNIS
W	19007736	2	Whitby Thunderbolts Gtcc fall	Koushik	2	0	20	2	5	0	2	0	0	10.00	31886559	1594831	Amiirtham - GTCC Fall league 2025	15	TENNIS
W	19007736	2	Whitby Thunderbolts Gtcc fall	Dileep Nannore	3	0	11	2	9	0	0	0	0	3.67	15992998	1594831	Amiirtham - GTCC Fall league 2025	15	TENNIS
W	19007736	2	Whitby Thunderbolts Gtcc fall	Tejeswar Palla	1	0	12	1	3	1	1	1	0	12.00	32789191	1594831	Amiirtham - GTCC Fall league 2025	15	TENNIS
W	19007736	2	Whitby Thunderbolts Gtcc fall	Varun Kumar	2.2	0	18	1	4	2	0	1	0	7.71	22794738	1594831	Amiirtham - GTCC Fall league 2025	15	TENNIS
W	19007732	1	Maratha Warriors - GTCC	Arun Baby	3	0	6	4	14	0	0	1	0	2.00	27672366	1594831	Amiirtham - GTCC Fall league 2025	15	TENNIS
W	19007732	1	Maratha Warriors - GTCC	Digil davis	3	0	22	3	8	3	0	1	0	7.33	21961653	1594831	Amiirtham - GTCC Fall league 2025	15	TENNIS
W	19007732	1	Maratha Warriors - GTCC	Abdulbasit Alizai	3	0	16	1	9	1	0	1	0	5.33	32816025	1594831	Amiirtham - GTCC Fall league 2025	15	TENNIS
W	19007732	1	Maratha Warriors - GTCC	Pratik Udawant	2	0	9	1	7	1	0	0	0	4.50	31286233	1594831	Amiirtham - GTCC Fall league 2025	15	TENNIS
W	19007732	1	Maratha Warriors - GTCC	Chetan	2	0	22	0	4	1	1	2	0	11.00	22115674	1594831	Amiirtham - GTCC Fall league 2025	15	TENNIS
W	19007732	1	Maratha Warriors - GTCC	Rajeev Swaminathan	0.1	0	0	1	1	0	0	0	0	0.00	23116627	1594831	Amiirtham - GTCC Fall league 2025	15	TENNIS
W	19007732	2	Thunder Strikers	Darshit Patel	3	0	19	0	8	2	0	2	0	6.33	27673702	1594831	Amiirtham - GTCC Fall league 2025	15	TENNIS
W	19007732	2	Thunder Strikers	Rahul Kalra	3	0	19	3	11	3	0	1	0	6.33	10138742	1594831	Amiirtham - GTCC Fall league 2025	15	TENNIS
W	19007732	2	Thunder Strikers	Nish patel	2	0	9	0	8	1	0	0	0	4.50	31956115	1594831	Amiirtham - GTCC Fall league 2025	15	TENNIS
W	19007732	2	Thunder Strikers	Jigneshkumar Patel	2.5	0	19	0	8	3	0	1	0	6.71	30176575	1594831	Amiirtham - GTCC Fall league 2025	15	TENNIS
W	19007732	2	Thunder Strikers	Mitalkumar Patel  (c)	1	0	9	0	4	0	1	2	0	9.00	30057585	1594831	Amiirtham - GTCC Fall league 2025	15	TENNIS
W	19007733	1	Durham United	Parth Parekh	3	0	31	1	9	2	2	4	0	10.33	21056998	1594831	Amiirtham - GTCC Fall league 2025	15	TENNIS
W	19007733	1	Durham United	Nikhil Rana	3	1	12	1	12	1	0	1	0	4.00	32554738	1594831	Amiirtham - GTCC Fall league 2025	15	TENNIS
W	19007733	1	Durham United	Jay Ray	3	0	23	2	10	3	0	3	0	7.67	21592545	1594831	Amiirtham - GTCC Fall league 2025	15	TENNIS
W	19007733	1	Durham United	Akash Bhalla	3	0	18	2	10	2	0	1	0	6.00	10133419	1594831	Amiirtham - GTCC Fall league 2025	15	TENNIS
W	19007733	1	Durham United	Tarun jaswal	3	0	19	1	10	3	0	1	0	6.33	30147776	1594831	Amiirtham - GTCC Fall league 2025	15	TENNIS
W	19007733	2	Redwings	Vishnu Nair	3	0	25	0	8	3	0	3	0	8.33	21754141	1594831	Amiirtham - GTCC Fall league 2025	15	TENNIS
W	19007733	2	Redwings	Akhil	3	0	23	2	8	3	0	1	0	7.67	30322919	1594831	Amiirtham - GTCC Fall league 2025	15	TENNIS
W	19007733	2	Redwings	Abin Mathew	1.1	0	18	0	2	4	0	0	0	15.43	30379080	1594831	Amiirtham - GTCC Fall league 2025	15	TENNIS
W	19007733	2	Redwings	Abi Antony	3	0	21	1	9	1	1	1	0	7.00	23202311	1594831	Amiirtham - GTCC Fall league 2025	15	TENNIS
W	19007733	2	Redwings	Christo Joy	3	0	20	2	11	0	2	1	0	6.67	30376963	1594831	Amiirtham - GTCC Fall league 2025	15	TENNIS
W	19007739	1	Royal Punjab	Lovepreet Khosa	3	0	19	0	11	2	1	1	0	6.33	41122178	1594831	Amiirtham - GTCC Fall league 2025	15	TENNIS
W	19007739	1	Royal Punjab	Parbjot Singh Aulakh	2.4	0	9	2	10	0	0	1	0	3.38	41091824	1594831	Amiirtham - GTCC Fall league 2025	15	TENNIS
W	19007739	1	Royal Punjab	Amritpal  Singh	3	0	6	4	15	0	0	2	0	2.00	41127556	1594831	Amiirtham - GTCC Fall league 2025	15	TENNIS
W	19007739	1	Royal Punjab	Amrit Amrit	2	0	13	2	7	1	0	2	0	6.50	41671523	1594831	Amiirtham - GTCC Fall league 2025	15	TENNIS
W	19007739	1	Royal Punjab	Jugraj Singh	2	0	11	0	3	0	0	1	0	5.50	41127561	1594831	Amiirtham - GTCC Fall league 2025	15	TENNIS
W	19007739	1	Royal Punjab	Ashu Sharma	1	0	13	1	2	1	1	0	0	13.00	41099374	1594831	Amiirtham - GTCC Fall league 2025	15	TENNIS
W	19007739	2	Deccan Warriors	Mohammed Shahid Khan  (c)	2	0	6	1	6	0	0	0	0	3.00	15392532	1594831	Amiirtham - GTCC Fall league 2025	15	TENNIS
W	19007739	2	Deccan Warriors	Abdul mateen	2	0	9	1	7	1	0	1	0	4.50	30430033	1594831	Amiirtham - GTCC Fall league 2025	15	TENNIS
W	19007739	2	Deccan Warriors	Saikrishna Cherukuri	1	0	18	0	2	1	2	0	0	18.00	27726720	1594831	Amiirtham - GTCC Fall league 2025	15	TENNIS
W	19007739	2	Deccan Warriors	Syed Usama Shahzeb	2	0	27	1	6	1	3	0	2	13.50	42452972	1594831	Amiirtham - GTCC Fall league 2025	15	TENNIS
W	19007739	2	Deccan Warriors	Mohammed Noman Hussain	1	0	12	0	2	1	1	0	0	12.00	30523853	1594831	Amiirtham - GTCC Fall league 2025	15	TENNIS
W	19007739	2	Deccan Warriors	Abdul Mudaseer Mohmmed	0	0	1	0	0	0	0	1	0	0.00	1160866	1594831	Amiirtham - GTCC Fall league 2025	15	TENNIS
W	19007738	1	Durham Strikers	Sathish Rajan	1	0	21	0	1	4	0	4	0	21.00	41670672	1594831	Amiirtham - GTCC Fall league 2025	15	TENNIS
W	19007738	1	Durham Strikers	Gopal Kanniappan	3	0	16	1	12	1	1	2	0	5.33	27728606	1594831	Amiirtham - GTCC Fall league 2025	15	TENNIS
W	19007738	1	Durham Strikers	Pawankumar Peddibhotla	3	1	24	2	13	3	2	0	0	8.00	23117962	1594831	Amiirtham - GTCC Fall league 2025	15	TENNIS
W	19007738	1	Durham Strikers	Magulan Duraipandian	3	0	21	2	8	3	0	0	0	7.00	32794123	1594831	Amiirtham - GTCC Fall league 2025	15	TENNIS
W	19007738	1	Durham Strikers	Santhosh Rajan	3	0	24	3	7	3	0	1	0	8.00	23717445	1594831	Amiirtham - GTCC Fall league 2025	15	TENNIS
W	19007738	1	Durham Strikers	Bilal Salim	2	0	6	2	8	0	0	1	0	3.00	41655594	1594831	Amiirtham - GTCC Fall league 2025	15	TENNIS
W	19007738	2	DSK Friends XI	Sukant Sharma	3	0	30	0	7	4	0	2	1	10.00	39090207	1594831	Amiirtham - GTCC Fall league 2025	15	TENNIS
W	19007738	2	DSK Friends XI	Samil Vig	3	0	19	3	8	1	0	3	0	6.33	31956279	1594831	Amiirtham - GTCC Fall league 2025	15	TENNIS
W	19007738	2	DSK Friends XI	Luxminarayanan Venkatapathy	3	0	17	2	8	1	0	3	0	5.67	19801237	1594831	Amiirtham - GTCC Fall league 2025	15	TENNIS
W	19007738	2	DSK Friends XI	Balaji Vijayakumar	3	0	16	2	8	0	0	4	0	5.33	23028656	1594831	Amiirtham - GTCC Fall league 2025	15	TENNIS
W	19007738	2	DSK Friends XI	Dharmendra Singh parihar	2.3	0	13	3	7	1	0	1	0	5.20	23337498	1594831	Amiirtham - GTCC Fall league 2025	15	TENNIS
W	19007741	1	Panjab XI	Sanjiv sharma	3	0	28	0	7	1	2	2	0	9.33	39683013	1594831	Amiirtham - GTCC Fall league 2025	15	TENNIS
W	19007741	1	Panjab XI	Ramandeep Singh 	3	0	24	1	7	3	0	1	0	8.00	38771920	1594831	Amiirtham - GTCC Fall league 2025	15	TENNIS
W	19007741	1	Panjab XI	Sukhpal Singh	3	0	12	3	12	2	0	0	0	4.00	40841211	1594831	Amiirtham - GTCC Fall league 2025	15	TENNIS
W	19007741	1	Panjab XI	Surjeet Singh	3	0	20	1	8	1	1	0	0	6.67	38766896	1594831	Amiirtham - GTCC Fall league 2025	15	TENNIS
W	19007741	1	Panjab XI	Arpan Singh	3	0	30	2	7	2	2	1	0	10.00	31040706	1594831	Amiirtham - GTCC Fall league 2025	15	TENNIS
W	19007741	2	Invincible Trailblazers	Ginil Joseph	3	0	12	2	10	1	0	0	0	4.00	27672341	1594831	Amiirtham - GTCC Fall league 2025	15	TENNIS
W	19007741	2	Invincible Trailblazers	Barani S	2	0	12	2	8	2	0	0	0	6.00	21595698	1594831	Amiirtham - GTCC Fall league 2025	15	TENNIS
W	19007741	2	Invincible Trailblazers	Brijesh Shivam	2	0	10	0	6	1	0	1	0	5.00	2113085	1594831	Amiirtham - GTCC Fall league 2025	15	TENNIS
W	19007741	2	Invincible Trailblazers	Lokanarayanamoorthy Manohar	2	0	15	1	6	2	0	3	0	7.50	27673707	1594831	Amiirtham - GTCC Fall league 2025	15	TENNIS
W	19007741	2	Invincible Trailblazers	sunil kumar M	0.4	0	0	2	4	0	0	0	0	0.00	23320728	1594831	Amiirtham - GTCC Fall league 2025	15	TENNIS
W	19007742	1	FERAL XI	Mani Asron	3	0	11	1	12	1	0	1	0	3.67	7371163	1594831	Amiirtham - GTCC Fall league 2025	15	TENNIS
W	19007742	1	FERAL XI	Jayakumar Narayanasamy	3	0	21	1	8	2	0	2	0	7.00	32071080	1594831	Amiirtham - GTCC Fall league 2025	15	TENNIS
W	19007742	1	FERAL XI	Balkar singh	3	0	15	3	12	1	1	0	0	5.00	41693676	1594831	Amiirtham - GTCC Fall league 2025	15	TENNIS
W	19007742	1	FERAL XI	Akuraju	3	0	22	1	9	3	0	1	1	7.33	42519051	1594831	Amiirtham - GTCC Fall league 2025	15	TENNIS
W	19007742	1	FERAL XI	Adnan khan 	2	0	11	2	6	1	0	0	0	5.50	42302317	1594831	Amiirtham - GTCC Fall league 2025	15	TENNIS
W	19007742	1	FERAL XI	Ayaan Shaikh	1	0	13	0	1	2	0	0	0	13.00	42302314	1594831	Amiirtham - GTCC Fall league 2025	15	TENNIS
W	19007742	2	Durham United	Parth Parekh	2.4	0	19	1	10	2	1	1	0	7.12	21056998	1594831	Amiirtham - GTCC Fall league 2025	15	TENNIS
W	19007742	2	Durham United	Utkarsh Siingh	3	0	13	3	11	2	0	0	0	4.33	15282905	1594831	Amiirtham - GTCC Fall league 2025	15	TENNIS
W	19007742	2	Durham United	Kush Batra	3	0	17	2	10	1	0	4	0	5.67	33199195	1594831	Amiirtham - GTCC Fall league 2025	15	TENNIS
W	19007742	2	Durham United	Jay Ray	3	0	21	2	9	1	1	2	0	7.00	21592545	1594831	Amiirtham - GTCC Fall league 2025	15	TENNIS
W	19007742	2	Durham United	Hardip Vasava	3	0	25	0	6	1	1	3	0	8.33	675278	1594831	Amiirtham - GTCC Fall league 2025	15	TENNIS
W	19007743	1	Harmony Strikers	Nisarg cricket oshawa	3	0	24	1	7	4	0	0	0	8.00	32800410	1594831	Amiirtham - GTCC Fall league 2025	15	TENNIS
W	19007743	1	Harmony Strikers	Rajeshwar Bose  (c)	3	0	34	2	9	1	3	4	1	11.33	9928620	1594831	Amiirtham - GTCC Fall league 2025	15	TENNIS
W	19007743	1	Harmony Strikers	Ravin Pandya	2	0	21	0	6	1	2	1	0	10.50	31270860	1594831	Amiirtham - GTCC Fall league 2025	15	TENNIS
W	19007743	1	Harmony Strikers	Abhishek Erande	1	0	12	0	4	0	2	0	0	12.00	23696671	1594831	Amiirtham - GTCC Fall league 2025	15	TENNIS
W	19007743	1	Harmony Strikers	Bishal Chakraborty	2	0	22	2	6	1	2	1	0	11.00	31271439	1594831	Amiirtham - GTCC Fall league 2025	15	TENNIS
W	19007743	1	Harmony Strikers	Deep Patel	3	0	16	3	12	2	0	2	0	5.33	29734345	1594831	Amiirtham - GTCC Fall league 2025	15	TENNIS
W	19007743	1	Harmony Strikers	Harsh Patel	1	0	6	1	3	0	0	0	0	6.00	29748236	1594831	Amiirtham - GTCC Fall league 2025	15	TENNIS
W	19007743	2	Oshawa Fighters	RamaRao Boyapati	3	0	19	3	8	2	0	1	0	6.30	24281581	1594831	Amiirtham - GTCC Fall league 2025	15	TENNIS
W	19007743	2	Oshawa Fighters	Vinith reddy Reddy	3	0	10	3	11	1	0	0	0	3.33	23028014	1594831	Amiirtham - GTCC Fall league 2025	15	TENNIS
W	19007743	2	Oshawa Fighters	Deepak Manukonda	3	0	24	1	7	1	1	1	0	8.00	21933613	1594831	Amiirtham - GTCC Fall league 2025	15	TENNIS
W	19007743	2	Oshawa Fighters	Raj Kiran Anem  	2	0	33	0	4	1	4	1	0	16.50	29656739	1594831	Amiirtham - GTCC Fall league 2025	15	TENNIS
W	19007743	2	Oshawa Fighters	Harsha Settyvari	1	0	15	1	2	2	1	0	0	15.00	9081401	1594831	Amiirtham - GTCC Fall league 2025	15	TENNIS
W	19007743	2	Oshawa Fighters	Prajeeth Reddy Gowravarapu  (c)	3	0	25	1	9	4	0	2	0	8.33	1347386	1594831	Amiirtham - GTCC Fall league 2025	15	TENNIS
W	19007745	1	Durham Strikers	Gopal Kanniappan	2	0	10	2	8	1	0	3	0	5.00	27728606	1594831	Amiirtham - GTCC Fall league 2025	15	TENNIS
W	19007745	1	Durham Strikers	Sathish Rajan	3	0	23	0	8	1	1	0	0	7.67	41670672	1594831	Amiirtham - GTCC Fall league 2025	15	TENNIS
W	19007745	1	Durham Strikers	Bilal Salim	2	0	17	0	6	3	0	0	1	8.50	41655594	1594831	Amiirtham - GTCC Fall league 2025	15	TENNIS
W	19007745	1	Durham Strikers	Magulan Duraipandian	3	0	19	1	9	2	0	2	0	6.33	32794123	1594831	Amiirtham - GTCC Fall league 2025	15	TENNIS
W	19007745	1	Durham Strikers	Santhosh Rajan	3	0	14	3	9	1	0	0	0	4.67	23717445	1594831	Amiirtham - GTCC Fall league 2025	15	TENNIS
W	19007745	1	Durham Strikers	Arun Inpamozhi	2	0	9	2	5	0	0	1	0	4.50	16113070	1594831	Amiirtham - GTCC Fall league 2025	15	TENNIS
W	19007745	2	Maple Eagles	Amandeep Singh	3	0	17	1	8	1	0	1	0	5.67	41624226	1594831	Amiirtham - GTCC Fall league 2025	15	TENNIS
W	19007745	2	Maple Eagles	Kandarp Suthar	2.5	0	15	2	6	0	0	2	0	5.29	31328000	1594831	Amiirtham - GTCC Fall league 2025	15	TENNIS
W	19007745	2	Maple Eagles	Jagveer singh	3	0	13	1	10	0	0	3	0	4.33	32886299	1594831	Amiirtham - GTCC Fall league 2025	15	TENNIS
W	19007745	2	Maple Eagles	Satwinder Singh	3	1	11	2	11	1	0	0	0	3.67	42515588	1594831	Amiirtham - GTCC Fall league 2025	15	TENNIS
W	19007745	2	Maple Eagles	Shaishav Patel	2	0	11	3	6	0	0	0	1	5.50	42419434	1594831	Amiirtham - GTCC Fall league 2025	15	TENNIS
W	19007747	1	Royal Challengers Bowmanville	Brian Gohil	3	0	16	1	7	0	0	2	0	5.33	32141157	1594831	Amiirtham - GTCC Fall league 2025	15	TENNIS
W	19007747	1	Royal Challengers Bowmanville	Seshil Christian	3	0	16	2	9	1	0	2	0	5.33	40513349	1594831	Amiirtham - GTCC Fall league 2025	15	TENNIS
W	19007747	1	Royal Challengers Bowmanville	Sharvam Buch	3	0	17	0	7	0	0	1	1	5.67	42476178	1594831	Amiirtham - GTCC Fall league 2025	15	TENNIS
W	19007747	1	Royal Challengers Bowmanville	Arpit Mecwan	3	0	15	2	8	1	0	1	0	5.00	32351586	1594831	Amiirtham - GTCC Fall league 2025	15	TENNIS
W	19007747	1	Royal Challengers Bowmanville	Afzal Khan  (c)	3	0	16	2	10	1	0	4	0	5.33	42313627	1594831	Amiirtham - GTCC Fall league 2025	15	TENNIS
W	19007747	2	Taunton Titans	Vineet Bhat	2	0	18	1	2	1	0	2	0	9.00	41266674	1594831	Amiirtham - GTCC Fall league 2025	15	TENNIS
W	19007747	2	Taunton Titans	Ishaan Raghav	3	0	14	0	10	1	0	0	2	4.67	32430873	1594831	Amiirtham - GTCC Fall league 2025	15	TENNIS
W	19007747	2	Taunton Titans	Shri Prakash Kunwar	1	0	14	0	1	3	0	0	0	14.00	32801725	1594831	Amiirtham - GTCC Fall league 2025	15	TENNIS
W	19007747	2	Taunton Titans	Pramod M	2	0	24	2	3	5	0	0	0	12.00	32432533	1594831	Amiirtham - GTCC Fall league 2025	15	TENNIS
W	19007747	2	Taunton Titans	Harsh Bhatia	1.5	0	12	0	4	1	0	1	0	6.55	31945988	1594831	Amiirtham - GTCC Fall league 2025	15	TENNIS
W	19007747	2	Taunton Titans	santhosh Kotte  (c)	1	0	1	2	5	0	0	0	0	1.00	23359672	1594831	Amiirtham - GTCC Fall league 2025	15	TENNIS
W	19007746	1	Toronto Nawabs	Abdul Sajjad	2	0	12	1	6	2	0	0	0	6.00	42414177	1594831	Amiirtham - GTCC Fall league 2025	15	TENNIS
W	19007746	1	Toronto Nawabs	Saif Ahmed	2	0	14	0	5	2	0	0	0	7.00	36678732	1594831	Amiirtham - GTCC Fall league 2025	15	TENNIS
W	19007746	1	Toronto Nawabs	Mohammed Salman	3	0	19	2	9	2	0	1	0	6.33	41768685	1594831	Amiirtham - GTCC Fall league 2025	15	TENNIS
W	19007746	1	Toronto Nawabs	Rajat Sharma	3	0	16	3	10	1	0	1	0	5.33	32069714	1594831	Amiirtham - GTCC Fall league 2025	15	TENNIS
W	19007746	1	Toronto Nawabs	AsRar RaHman	3	0	14	1	8	0	0	0	0	4.67	42406798	1594831	Amiirtham - GTCC Fall league 2025	15	TENNIS
W	19007746	1	Toronto Nawabs	Mohit	2	0	8	2	8	0	0	2	0	4.00	9302498	1594831	Amiirtham - GTCC Fall league 2025	15	TENNIS
W	19007746	2	Golden City	Ragu Sharma	2	0	8	1	9	1	0	2	0	4.00	39147762	1594831	Amiirtham - GTCC Fall league 2025	15	TENNIS
W	19007746	2	Golden City	Abhishek Thakur	2	0	11	1	7	1	0	1	0	5.50	39122063	1594831	Amiirtham - GTCC Fall league 2025	15	TENNIS
W	19007746	2	Golden City	Bilal Munir	2	1	5	2	11	1	0	1	0	2.50	41846827	1594831	Amiirtham - GTCC Fall league 2025	15	TENNIS
W	19007746	2	Golden City	Jasraj Singh	2	0	7	1	8	0	0	1	1	3.50	42437530	1594831	Amiirtham - GTCC Fall league 2025	15	TENNIS
W	19007746	2	Golden City	Harmeet Singh	2.4	0	15	3	10	1	0	4	0	5.62	39255428	1594831	Amiirtham - GTCC Fall league 2025	15	TENNIS
W	19007746	2	Golden City	Shaibaz Khan	2	0	5	2	8	0	0	0	1	2.50	41537512	1594831	Amiirtham - GTCC Fall league 2025	15	TENNIS
W	19007746	2	Golden City	Mohit K	1	0	7	0	1	0	0	0	0	7.00	39112810	1594831	Amiirtham - GTCC Fall league 2025	15	TENNIS
W	19007748	1	Thunder Strikers	Kunal Shah	3	0	17	0	8	1	0	1	0	5.67	15481956	1594831	Amiirtham - GTCC Fall league 2025	15	TENNIS
W	19007748	1	Thunder Strikers	Rahul Kalra	3	0	12	2	11	1	0	1	0	4.00	10138742	1594831	Amiirtham - GTCC Fall league 2025	15	TENNIS
W	19007748	1	Thunder Strikers	Chintan Ahir	3	0	13	1	11	2	0	0	0	4.33	6269752	1594831	Amiirtham - GTCC Fall league 2025	15	TENNIS
W	19007748	1	Thunder Strikers	Ankit Sumesara	3	0	22	2	10	2	1	1	0	7.33	39147605	1594831	Amiirtham - GTCC Fall league 2025	15	TENNIS
W	19007748	1	Thunder Strikers	Fareed Javid	1	0	12	0	2	2	0	0	0	12.00	41688640	1594831	Amiirtham - GTCC Fall league 2025	15	TENNIS
W	19007748	1	Thunder Strikers	Mitalkumar Patel  (c)	2	0	15	1	5	0	1	0	0	7.50	30057585	1594831	Amiirtham - GTCC Fall league 2025	15	TENNIS
W	19007748	2	Oshawa Fighters	RamaRao Boyapati	2.3	0	20	1	5	1	1	0	0	8.00	24281581	1594831	Amiirtham - GTCC Fall league 2025	15	TENNIS
W	19007748	2	Oshawa Fighters	Deepak Manukonda	3	0	15	3	10	1	0	1	0	5.00	21933613	1594831	Amiirtham - GTCC Fall league 2025	15	TENNIS
W	19007748	2	Oshawa Fighters	Raj Kiran Anem  	3	0	22	1	8	1	0	4	0	7.33	29656739	1594831	Amiirtham - GTCC Fall league 2025	15	TENNIS
W	19007748	2	Oshawa Fighters	Dileep Rittapalli	3	0	17	0	7	0	0	1	0	5.67	23028081	1594831	Amiirtham - GTCC Fall league 2025	15	TENNIS
W	19007748	2	Oshawa Fighters	Srinivasu.K	3	0	16	2	10	1	0	4	0	5.33	2620753	1594831	Amiirtham - GTCC Fall league 2025	15	TENNIS
W	19007750	1	DSK Friends XI	Balaji Vijayakumar	3	0	38	0	8	2	4	2	0	12.67	23028656	1594831	Amiirtham - GTCC Fall league 2025	15	TENNIS
W	19007750	1	DSK Friends XI	Rajesh Babu Gangula	1	0	25	0	0	3	2	0	0	25.00	30013922	1594831	Amiirtham - GTCC Fall league 2025	15	TENNIS
W	19007750	1	DSK Friends XI	Dharmendra Singh parihar	2	0	32	1	5	0	5	0	0	16.00	23337498	1594831	Amiirtham - GTCC Fall league 2025	15	TENNIS
W	19007750	1	DSK Friends XI	Uddish Poptani	3	0	39	2	4	4	2	0	0	13.00	16293616	1594831	Amiirtham - GTCC Fall league 2025	15	TENNIS
W	19007750	1	DSK Friends XI	Sampath Reddy	1	0	7	0	4	1	0	1	1	7.00	31956295	1594831	Amiirtham - GTCC Fall league 2025	15	TENNIS
W	19007750	1	DSK Friends XI	Sagar Setia	2	0	23	0	3	0	2	0	0	11.50	42349907	1594831	Amiirtham - GTCC Fall league 2025	15	TENNIS
W	19007750	2	Mavericks	Ebin Thankachan	2	0	8	1	9	1	0	0	1	4.00	21088814	1594831	Amiirtham - GTCC Fall league 2025	15	TENNIS
W	19007750	2	Mavericks	Daries Antony	2	0	13	3	8	1	1	0	0	6.50	21106964	1594831	Amiirtham - GTCC Fall league 2025	15	TENNIS
W	19007750	2	Mavericks	Akhil Mathew	2	0	10	0	4	0	0	1	0	5.00	21845898	1594831	Amiirtham - GTCC Fall league 2025	15	TENNIS
W	19007750	2	Mavericks	Bala Santhosam  (c)	2	0	10	2	6	1	0	1	0	5.00	28305774	1594831	Amiirtham - GTCC Fall league 2025	15	TENNIS
W	19007750	2	Mavericks	Jawas Muhammed	2	0	10	1	8	1	0	1	2	5.00	36772056	1594831	Amiirtham - GTCC Fall league 2025	15	TENNIS
W	19007750	2	Mavericks	Munawar Mohammed	1	0	6	1	3	1	0	0	0	6.00	9101292	1594831	Amiirtham - GTCC Fall league 2025	15	TENNIS
W	19007750	2	Mavericks	Sanjay Charuvil	1	0	11	0	2	2	0	1	0	11.00	20873340	1594831	Amiirtham - GTCC Fall league 2025	15	TENNIS
W	19007751	1	Maratha Warriors - GTCC	Jishnu Ravi	3	0	14	0	13	0	1	3	0	4.67	18891880	1594831	Amiirtham - GTCC Fall league 2025	15	TENNIS
W	19007751	1	Maratha Warriors - GTCC	Digil davis	3	0	24	1	10	2	1	0	2	8.00	21961653	1594831	Amiirtham - GTCC Fall league 2025	15	TENNIS
W	19007751	1	Maratha Warriors - GTCC	Josmy Manuel	3	0	21	0	10	1	1	0	0	7.00	20873909	1594831	Amiirtham - GTCC Fall league 2025	15	TENNIS
W	19007751	1	Maratha Warriors - GTCC	Arun Baby	3	0	17	1	13	0	2	1	0	5.67	27672366	1594831	Amiirtham - GTCC Fall league 2025	15	TENNIS
W	19007751	1	Maratha Warriors - GTCC	Vivin Thomas	2	0	28	0	5	1	3	3	0	14.00	21919124	1594831	Amiirtham - GTCC Fall league 2025	15	TENNIS
W	19007751	1	Maratha Warriors - GTCC	Sai Prakash Balamandakottam	1	0	15	0	2	2	1	0	0	15.00	9729000	1594831	Amiirtham - GTCC Fall league 2025	15	TENNIS
W	19007751	2	TCF	Akhil Reddy	3	0	12	2	13	2	0	0	0	4.00	5549928	1594831	Amiirtham - GTCC Fall league 2025	15	TENNIS
W	19007751	2	TCF	Sudheer Aki	2	1	13	2	9	1	1	1	0	6.50	14762522	1594831	Amiirtham - GTCC Fall league 2025	15	TENNIS
W	19007751	2	TCF	Varun Kakubal	2	0	26	1	3	3	1	1	0	13.00	23206427	1594831	Amiirtham - GTCC Fall league 2025	15	TENNIS
W	19007751	2	TCF	Praveen Reddy	3	0	29	1	9	4	1	0	1	9.67	5413093	1594831	Amiirtham - GTCC Fall league 2025	15	TENNIS
W	19007751	2	TCF	JayaKrishna Gujjari	3	0	16	2	10	2	0	0	0	5.33	1225653	1594831	Amiirtham - GTCC Fall league 2025	15	TENNIS
W	19007749	1	Avengers	Gursimran Chauhan  (c)	3	0	9	0	14	0	0	1	0	3.00	42350491	1594831	Amiirtham - GTCC Fall league 2025	15	TENNIS
W	19007749	1	Avengers	Vijay Barve	3	0	8	1	12	0	0	1	0	2.67	22417217	1594831	Amiirtham - GTCC Fall league 2025	15	TENNIS
W	19007749	1	Avengers	Mufiz Munshi	3	1	18	4	10	0	1	2	0	6.00	32430389	1594831	Amiirtham - GTCC Fall league 2025	15	TENNIS
W	19007749	1	Avengers	Ravish Sharma	3	0	20	2	7	1	1	1	0	6.67	42374685	1594831	Amiirtham - GTCC Fall league 2025	15	TENNIS
W	19007749	1	Avengers	Zul Qazi	2	0	26	0	3	2	2	1	0	13.00	23053658	1594831	Amiirtham - GTCC Fall league 2025	15	TENNIS
W	19007749	1	Avengers	Patel dev	1	0	8	1	2	1	0	0	0	8.00	42350499	1594831	Amiirtham - GTCC Fall league 2025	15	TENNIS
W	19007749	2	Durham United	Parth Parekh	2	0	11	1	8	1	0	1	0	5.50	21056998	1594831	Amiirtham - GTCC Fall league 2025	15	TENNIS
W	19007749	2	Durham United	Nikhil Rana	2	1	3	3	10	0	0	0	0	1.50	32554738	1594831	Amiirtham - GTCC Fall league 2025	15	TENNIS
W	19007749	2	Durham United	Utkarsh Siingh	2	0	7	1	7	0	0	0	0	3.50	15282905	1594831	Amiirtham - GTCC Fall league 2025	15	TENNIS
W	19007749	2	Durham United	Jay Ray	1.5	0	1	4	10	0	0	0	0	0.55	21592545	1594831	Amiirtham - GTCC Fall league 2025	15	TENNIS
W	19007753	1	Downtown Hunterz	Hassan khulaidi	3	0	23	1	9	2	1	0	0	7.67	31856676	1594831	Amiirtham - GTCC Fall league 2025	15	TENNIS
W	19007753	1	Downtown Hunterz	Mir Mujahed Ali	3	0	30	0	9	2	2	2	0	10.00	16147525	1594831	Amiirtham - GTCC Fall league 2025	15	TENNIS
W	19007753	1	Downtown Hunterz	Sam	3	0	25	1	9	1	2	1	0	8.33	42529904	1594831	Amiirtham - GTCC Fall league 2025	15	TENNIS
W	19007753	1	Downtown Hunterz	Faisal Khan	3	0	8	3	14	0	0	2	0	2.67	31875312	1594831	Amiirtham - GTCC Fall league 2025	15	TENNIS
W	19007753	1	Downtown Hunterz	Mohammed Emad	2	0	28	1	3	1	3	0	0	14.00	31856679	1594831	Amiirtham - GTCC Fall league 2025	15	TENNIS
W	19007753	1	Downtown Hunterz	Mohammed kaif	1	0	14	0	3	2	1	0	0	14.00	39542771	1594831	Amiirtham - GTCC Fall league 2025	15	TENNIS
W	19007753	2	Panjab XI	Sadik Mehta	3	0	19	1	8	2	0	1	0	6.33	42384572	1594831	Amiirtham - GTCC Fall league 2025	15	TENNIS
W	19007753	2	Panjab XI	Sukhpal Singh	2	0	18	1	3	1	1	0	0	9.00	40841211	1594831	Amiirtham - GTCC Fall league 2025	15	TENNIS
W	19007753	2	Panjab XI	Arpan Singh	2	0	19	2	7	3	1	0	0	9.50	31040706	1594831	Amiirtham - GTCC Fall league 2025	15	TENNIS
W	19007753	2	Panjab XI	Sanjiv sharma	4	0	20	5	16	2	1	0	0	5.00	39683013	1594831	Amiirtham - GTCC Fall league 2025	15	TENNIS
W	19007753	2	Panjab XI	Surjeet Singh	3	0	15	1	12	2	0	0	1	5.00	38766896	1594831	Amiirtham - GTCC Fall league 2025	15	TENNIS
W	19007752	1	FERAL XI	Jayakumar Narayanasamy	3	0	30	2	8	1	3	0	0	10.00	32071080	1594831	Amiirtham - GTCC Fall league 2025	15	TENNIS
W	19007752	1	FERAL XI	Balkar singh	3	0	31	0	8	1	3	0	0	10.33	41693676	1594831	Amiirtham - GTCC Fall league 2025	15	TENNIS
W	19007752	1	FERAL XI	Mani Asron	3	0	25	1	10	2	1	3	1	8.33	7371163	1594831	Amiirtham - GTCC Fall league 2025	15	TENNIS
W	19007752	1	FERAL XI	Ayaan Shaikh	2	0	17	0	4	2	0	1	0	8.50	42302314	1594831	Amiirtham - GTCC Fall league 2025	15	TENNIS
W	19007752	1	FERAL XI	Lovepreet Singh	2	0	22	2	6	1	2	0	0	11.00	42402918	1594831	Amiirtham - GTCC Fall league 2025	15	TENNIS
W	19007752	1	FERAL XI	Praveen Pesala	1	0	9	1	4	0	1	0	0	9.00	39707329	1594831	Amiirtham - GTCC Fall league 2025	15	TENNIS
W	19007752	1	FERAL XI	Akuraju	1	0	3	1	5	0	0	1	0	3.00	42519051	1594831	Amiirtham - GTCC Fall league 2025	15	TENNIS
W	19007752	2	Team Manjummel	NIRANJAN GOTTIPATI	3	0	21	2	10	2	1	0	0	7.00	39257621	1594831	Amiirtham - GTCC Fall league 2025	15	TENNIS
W	19007752	2	Team Manjummel	Junaid khan	2.2	0	9	1	9	1	0	0	0	3.86	42504301	1594831	Amiirtham - GTCC Fall league 2025	15	TENNIS
W	19007752	2	Team Manjummel	Srikanth Kommineni  (c)	2	0	18	0	6	2	1	0	1	9.00	29518721	1594831	Amiirtham - GTCC Fall league 2025	15	TENNIS
W	19007752	2	Team Manjummel	Vinod Goud Boyapalli	3	0	19	3	8	1	1	0	0	6.33	32071427	1594831	Amiirtham - GTCC Fall league 2025	15	TENNIS
W	19007752	2	Team Manjummel	Nikhil battula	2	0	17	1	6	1	1	1	0	8.50	32301207	1594831	Amiirtham - GTCC Fall league 2025	15	TENNIS
W	19007754	1	Trailblazers	Anil Sunkara	3	0	12	1	12	1	0	0	1	4.00	3913067	1594831	Amiirtham - GTCC Fall league 2025	15	TENNIS
W	19007754	1	Trailblazers	Anudeep Kona	3	0	19	4	10	3	0	1	1	6.33	39057187	1594831	Amiirtham - GTCC Fall league 2025	15	TENNIS
W	19007754	1	Trailblazers	Subbu Pakalapati	3	0	8	1	13	1	0	0	0	2.67	132243	1594831	Amiirtham - GTCC Fall league 2025	15	TENNIS
W	19007754	1	Trailblazers	Harish Pannala(TPG)  (c)	3	0	16	0	8	0	1	1	0	5.33	3052877	1594831	Amiirtham - GTCC Fall league 2025	15	TENNIS
W	19007754	1	Trailblazers	Vishnu Raj	3	1	10	3	13	0	0	1	0	3.33	22723421	1594831	Amiirtham - GTCC Fall league 2025	15	TENNIS
W	19007754	2	Bowmanville Cricket Club	Md Shah Alam	2.5	0	15	1	10	2	0	2	0	5.29	30090432	1594831	Amiirtham - GTCC Fall league 2025	15	TENNIS
W	19007754	2	Bowmanville Cricket Club	Eshwar R Sabbella	2	0	15	0	8	0	2	0	0	7.50	31848857	1594831	Amiirtham - GTCC Fall league 2025	15	TENNIS
W	19007754	2	Bowmanville Cricket Club	Ritesh Vats	2	0	28	1	5	2	2	2	1	14.00	30873931	1594831	Amiirtham - GTCC Fall league 2025	15	TENNIS
W	19007754	2	Bowmanville Cricket Club	Naresh Parimi	1	0	9	0	2	0	1	0	0	9.00	40119328	1594831	Amiirtham - GTCC Fall league 2025	15	TENNIS
W	19007755	1	Invincible Trailblazers	Barani S	3	0	24	1	8	3	0	1	0	8.00	21595698	1594831	Amiirtham - GTCC Fall league 2025	15	TENNIS
W	19007755	1	Invincible Trailblazers	YOGEESHA NAIK	3	0	15	1	11	2	0	2	0	5.00	21500136	1594831	Amiirtham - GTCC Fall league 2025	15	TENNIS
W	19007755	1	Invincible Trailblazers	Abhishek Chennamaneni	2	0	13	0	6	1	0	2	0	6.50	2982610	1594831	Amiirtham - GTCC Fall league 2025	15	TENNIS
W	19007755	1	Invincible Trailblazers	Seethamraju Pavan	2	0	18	1	4	2	0	1	0	9.00	460319	1594831	Amiirtham - GTCC Fall league 2025	15	TENNIS
W	19007755	1	Invincible Trailblazers	Aftab	1	0	6	0	2	0	0	0	0	6.00	1541269	1594831	Amiirtham - GTCC Fall league 2025	15	TENNIS
W	19007755	1	Invincible Trailblazers	Sandeep Reddy	1	0	7	0	2	0	0	1	0	7.00	21499304	1594831	Amiirtham - GTCC Fall league 2025	15	TENNIS
W	19007755	1	Invincible Trailblazers	Brijesh Shivam	2	0	17	1	3	0	0	5	0	8.50	2113085	1594831	Amiirtham - GTCC Fall league 2025	15	TENNIS
W	19007755	1	Invincible Trailblazers	Sai Kiran Dande  (c)	1	0	5	1	4	1	0	0	0	5.00	5259750	1594831	Amiirtham - GTCC Fall league 2025	15	TENNIS
W	19007755	2	North Stars T15 Fall League 2025	Nikhil T	3	1	8	1	15	1	0	0	0	2.67	16147694	1594831	Amiirtham - GTCC Fall league 2025	15	TENNIS
W	19007755	2	North Stars T15 Fall League 2025	CricHeroes deleted user	3	0	37	2	8	2	3	3	0	12.33	33410222	1594831	Amiirtham - GTCC Fall league 2025	15	TENNIS
W	19007755	2	North Stars T15 Fall League 2025	Nilay Shah	3	0	13	1	9	0	0	1	0	4.33	31954578	1594831	Amiirtham - GTCC Fall league 2025	15	TENNIS
W	19007755	2	North Stars T15 Fall League 2025	Saurav	3	0	27	0	6	3	0	1	1	9.00	21574739	1594831	Amiirtham - GTCC Fall league 2025	15	TENNIS
W	19007755	2	North Stars T15 Fall League 2025	Srikanth Lahoti	1	0	14	0	3	0	1	0	1	14.00	4155955	1594831	Amiirtham - GTCC Fall league 2025	15	TENNIS
W	19007755	2	North Stars T15 Fall League 2025	Jaideep (JD)  (c)	0.4	0	7	0	2	0	1	0	0	10.50	9081230	1594831	Amiirtham - GTCC Fall league 2025	15	TENNIS
W	19007756	1	Bowmanville Cricket Club	Md Shah Alam	3	0	32	0	10	0	4	1	1	10.67	30090432	1594831	Amiirtham - GTCC Fall league 2025	15	TENNIS
W	19007756	1	Bowmanville Cricket Club	Eshwar R Sabbella	2	0	22	0	6	2	2	0	0	11.00	31848857	1594831	Amiirtham - GTCC Fall league 2025	15	TENNIS
W	19007756	1	Bowmanville Cricket Club	Naresh Parimi	3	0	31	2	9	0	4	0	0	10.33	40119328	1594831	Amiirtham - GTCC Fall league 2025	15	TENNIS
W	19007756	1	Bowmanville Cricket Club	Ashok Karpurapu	3	0	13	0	9	1	0	1	0	4.33	31217903	1594831	Amiirtham - GTCC Fall league 2025	15	TENNIS
W	19007756	1	Bowmanville Cricket Club	Ritesh Vats	3	0	26	4	8	1	2	0	0	8.67	30873931	1594831	Amiirtham - GTCC Fall league 2025	15	TENNIS
W	19007756	1	Bowmanville Cricket Club	Raj M	1	0	10	0	2	0	1	0	0	10.00	29716903	1594831	Amiirtham - GTCC Fall league 2025	15	TENNIS
W	19007756	2	Golden City	Ragu Sharma	3	0	12	4	13	0	1	1	0	4.00	39147762	1594831	Amiirtham - GTCC Fall league 2025	15	TENNIS
W	19007756	2	Golden City	Abhishek Thakur	2	0	9	0	8	0	1	0	0	4.50	39122063	1594831	Amiirtham - GTCC Fall league 2025	15	TENNIS
W	19007756	2	Golden City	Jasraj Singh	2	0	15	0	4	2	0	1	0	7.50	42437530	1594831	Amiirtham - GTCC Fall league 2025	15	TENNIS
W	19007756	2	Golden City	Harmeet Singh	2	0	16	1	7	0	2	1	0	8.00	39255428	1594831	Amiirtham - GTCC Fall league 2025	15	TENNIS
W	19007756	2	Golden City	Mohit K	2	0	5	2	8	0	0	0	1	2.50	39112810	1594831	Amiirtham - GTCC Fall league 2025	15	TENNIS
W	19007756	2	Golden City	Sarbjeet Singh	1	0	14	0	2	0	1	2	1	14.00	39121302	1594831	Amiirtham - GTCC Fall league 2025	15	TENNIS
W	19007756	2	Golden City	Shaibaz Khan	2	0	6	2	7	0	0	0	0	3.00	41537512	1594831	Amiirtham - GTCC Fall league 2025	15	TENNIS
W	19007757	1	Avengers	Gursimran Chauhan  (c)	3	0	32	1	9	2	3	0	0	10.67	42350491	1594831	Amiirtham - GTCC Fall league 2025	15	TENNIS
W	19007757	1	Avengers	Ravish Sharma	3	0	14	3	13	2	0	3	0	4.67	42374685	1594831	Amiirtham - GTCC Fall league 2025	15	TENNIS
W	19007757	1	Avengers	Zul Qazi	3	0	36	0	9	3	3	3	0	12.00	23053658	1594831	Amiirtham - GTCC Fall league 2025	15	TENNIS
W	19007757	1	Avengers	Mufiz Munshi	3	0	34	0	6	1	3	0	0	11.33	32430389	1594831	Amiirtham - GTCC Fall league 2025	15	TENNIS
W	19007757	1	Avengers	Ankur Agarwal	1	0	13	0	2	1	1	1	0	13.00	42350503	1594831	Amiirtham - GTCC Fall league 2025	15	TENNIS
W	19007757	1	Avengers	Patel dev	1	0	13	0	2	1	1	1	0	13.00	42350499	1594831	Amiirtham - GTCC Fall league 2025	15	TENNIS
W	19007757	1	Avengers	Dhruvrajsinh Vaghela	1	0	21	0	1	1	2	2	0	21.00	42373842	1594831	Amiirtham - GTCC Fall league 2025	15	TENNIS
W	19007757	2	Team Manjummel	NIRANJAN GOTTIPATI	3	0	16	2	11	0	1	1	0	5.33	39257621	1594831	Amiirtham - GTCC Fall league 2025	15	TENNIS
W	19007757	2	Team Manjummel	Srikanth Kommineni  (c)	2.5	0	6	4	13	0	0	1	0	2.12	29518721	1594831	Amiirtham - GTCC Fall league 2025	15	TENNIS
W	19007757	2	Team Manjummel	Vinod Goud Boyapalli	2	0	10	1	6	1	0	0	0	5.00	32071427	1594831	Amiirtham - GTCC Fall league 2025	15	TENNIS
W	19007757	2	Team Manjummel	Nikhil battula	2	0	20	2	3	1	1	2	0	10.00	32301207	1594831	Amiirtham - GTCC Fall league 2025	15	TENNIS
W	19007757	2	Team Manjummel	Surya Vegi	1	0	10	1	2	2	0	0	0	10.00	27673540	1594831	Amiirtham - GTCC Fall league 2025	15	TENNIS
W	19007758	1	Durham United	Nikhil Rana	3	0	18	1	9	0	1	1	0	6.00	32554738	1594831	Amiirtham - GTCC Fall league 2025	15	TENNIS
W	19007758	1	Durham United	Utkarsh Siingh	3	0	15	3	10	0	1	1	0	5.00	15282905	1594831	Amiirtham - GTCC Fall league 2025	15	TENNIS
W	19007758	1	Durham United	Piyush Thakur	2	0	10	0	6	1	0	1	0	5.00	19808534	1594831	Amiirtham - GTCC Fall league 2025	15	TENNIS
W	19007758	1	Durham United	Baljinder Singh	3	0	28	1	5	4	0	0	0	9.33	4138232	1594831	Amiirtham - GTCC Fall league 2025	15	TENNIS
W	19007758	1	Durham United	Hardip Vasava	3	0	18	0	10	1	1	0	0	6.00	675278	1594831	Amiirtham - GTCC Fall league 2025	15	TENNIS
W	19007758	1	Durham United	Amitkumar Gupta	1	0	11	0	3	0	1	3	0	11.00	40436326	1594831	Amiirtham - GTCC Fall league 2025	15	TENNIS
W	19007758	2	Whitby Thunderbolts Gtcc fall	Kiran Chigiri	3	0	24	2	8	2	1	2	0	8.00	22537910	1594831	Amiirtham - GTCC Fall league 2025	15	TENNIS
W	19007758	2	Whitby Thunderbolts Gtcc fall	Naren C	3	0	15	3	12	1	1	1	0	5.00	24254648	1594831	Amiirtham - GTCC Fall league 2025	15	TENNIS
W	19007758	2	Whitby Thunderbolts Gtcc fall	Venkata Balaji Balabha Drapatruni	3	0	15	2	12	1	1	1	0	5.00	23656575	1594831	Amiirtham - GTCC Fall league 2025	15	TENNIS
W	19007758	2	Whitby Thunderbolts Gtcc fall	Jaswanth Reddy	1	0	12	0	1	1	0	0	0	12.00	22732988	1594831	Amiirtham - GTCC Fall league 2025	15	TENNIS
W	19007758	2	Whitby Thunderbolts Gtcc fall	Dileep Nannore	3	0	24	1	6	1	1	3	0	8.00	15992998	1594831	Amiirtham - GTCC Fall league 2025	15	TENNIS
W	19007758	2	Whitby Thunderbolts Gtcc fall	Harish Challa	2	0	11	2	6	1	0	2	0	5.50	41671001	1594831	Amiirtham - GTCC Fall league 2025	15	TENNIS
W	19007759	1	DSK Friends XI	Rajesh Babu Gangula	3	0	26	3	12	1	2	5	0	8.67	30013922	1594831	Amiirtham - GTCC Fall league 2025	15	TENNIS
W	19007759	1	DSK Friends XI	Shishir Saxena	2	1	19	1	7	2	1	0	1	9.50	16293688	1594831	Amiirtham - GTCC Fall league 2025	15	TENNIS
W	19007759	1	DSK Friends XI	Sukant Sharma	3	0	31	0	6	2	2	1	0	10.33	39090207	1594831	Amiirtham - GTCC Fall league 2025	15	TENNIS
W	19007759	1	DSK Friends XI	Samil Vig	3	0	24	1	10	3	1	2	0	8.00	31956279	1594831	Amiirtham - GTCC Fall league 2025	15	TENNIS
W	19007759	1	DSK Friends XI	Dharmendra Singh parihar	1	0	15	0	0	1	1	1	0	15.00	23337498	1594831	Amiirtham - GTCC Fall league 2025	15	TENNIS
W	19007759	1	DSK Friends XI	Harish Thunga	3	0	11	2	10	0	0	0	0	3.67	31956278	1594831	Amiirtham - GTCC Fall league 2025	15	TENNIS
W	19007759	2	Royal Punjab	Lovepreet Khosa	3	0	23	0	9	3	1	0	0	7.67	41122178	1594831	Amiirtham - GTCC Fall league 2025	15	TENNIS
W	19007759	2	Royal Punjab	Parbjot Singh Aulakh	3	0	12	2	11	0	0	3	0	4.00	41091824	1594831	Amiirtham - GTCC Fall league 2025	15	TENNIS
W	19007759	2	Royal Punjab	Amritpal  Singh	3	1	15	3	12	2	0	1	0	5.00	41127556	1594831	Amiirtham - GTCC Fall league 2025	15	TENNIS
W	19007759	2	Royal Punjab	Rahul Nain	1	0	10	1	2	1	0	2	0	10.00	41089669	1594831	Amiirtham - GTCC Fall league 2025	15	TENNIS
W	19007759	2	Royal Punjab	Jugraj Singh	1	0	17	0	1	2	1	1	0	17.00	41127561	1594831	Amiirtham - GTCC Fall league 2025	15	TENNIS
W	19007759	2	Royal Punjab	Amrit Amrit	2	0	14	1	5	0	1	0	1	7.00	41671523	1594831	Amiirtham - GTCC Fall league 2025	15	TENNIS
W	19007759	2	Royal Punjab	Gurwinder Toor	1.1	0	3	2	4	0	0	0	0	2.57	31489988	1594831	Amiirtham - GTCC Fall league 2025	15	TENNIS
W	19007760	1	Birthday Boys XI	Kushal Acharya	3	0	28	1	11	0	3	2	0	9.33	15998105	1594831	Amiirtham - GTCC Fall league 2025	15	TENNIS
W	19007760	1	Birthday Boys XI	Aditya Sharma	2	0	30	1	3	3	2	1	0	15.00	31501462	1594831	Amiirtham - GTCC Fall league 2025	15	TENNIS
W	19007760	1	Birthday Boys XI	Paritosh Dali	3	0	43	2	6	1	4	3	0	14.33	4166516	1594831	Amiirtham - GTCC Fall league 2025	15	TENNIS
W	19007760	1	Birthday Boys XI	Abhinav Nirula	3	0	42	1	5	4	2	2	0	14.00	42515145	1594831	Amiirtham - GTCC Fall league 2025	15	TENNIS
W	19007760	1	Birthday Boys XI	Anubhav Nirula	2	0	21	0	4	2	1	1	0	10.50	31249272	1594831	Amiirtham - GTCC Fall league 2025	15	TENNIS
W	19007760	1	Birthday Boys XI	Bhupinder Bais	1	0	15	0	1	0	2	0	0	15.00	42504785	1594831	Amiirtham - GTCC Fall league 2025	15	TENNIS
W	19007760	1	Birthday Boys XI	Pranav	1	0	15	0	1	1	0	3	1	15.00	4712771	1594831	Amiirtham - GTCC Fall league 2025	15	TENNIS
W	19007760	2	Maratha Warriors - GTCC	Tanishq B	3	0	5	2	13	0	0	0	0	1.67	23168646	1594831	Amiirtham - GTCC Fall league 2025	15	TENNIS
W	19007760	2	Maratha Warriors - GTCC	Jishnu Ravi	2	0	16	1	4	2	0	0	0	8.00	18891880	1594831	Amiirtham - GTCC Fall league 2025	15	TENNIS
W	19007760	2	Maratha Warriors - GTCC	Anu Krishnan	2	0	9	0	6	0	0	0	0	4.50	9017665	1594831	Amiirtham - GTCC Fall league 2025	15	TENNIS
W	19007760	2	Maratha Warriors - GTCC	Mangesh p	2	0	10	0	5	1	0	0	0	5.00	23041375	1594831	Amiirtham - GTCC Fall league 2025	15	TENNIS
W	19007760	2	Maratha Warriors - GTCC	Santosh Sakpal  (c)	2	0	22	1	3	1	1	0	1	11.00	22961706	1594831	Amiirtham - GTCC Fall league 2025	15	TENNIS
W	19007760	2	Maratha Warriors - GTCC	Ashish Tamboli	3	0	19	1	9	1	1	0	0	6.33	23037953	1594831	Amiirtham - GTCC Fall league 2025	15	TENNIS
W	19007760	2	Maratha Warriors - GTCC	Daljeet Sandhu	1	0	10	1	4	2	0	2	0	10.00	19815275	1594831	Amiirtham - GTCC Fall league 2025	15	TENNIS
W	19007761	1	Taunton Titans	Nimish Raval	3	1	31	2	11	4	1	6	0	10.33	42349926	1594831	Amiirtham - GTCC Fall league 2025	15	TENNIS
W	19007761	1	Taunton Titans	Harsh Bhatia	2	0	27	0	5	0	3	1	1	13.50	31945988	1594831	Amiirtham - GTCC Fall league 2025	15	TENNIS
W	19007761	1	Taunton Titans	Ishaan Raghav	3	0	23	0	9	1	2	0	0	7.67	32430873	1594831	Amiirtham - GTCC Fall league 2025	15	TENNIS
W	19007761	1	Taunton Titans	Jay Patel	2	0	13	1	7	1	1	0	0	6.50	5600543	1594831	Amiirtham - GTCC Fall league 2025	15	TENNIS
W	19007761	1	Taunton Titans	Shri Prakash Kunwar	1	0	17	1	2	0	2	2	0	17.00	32801725	1594831	Amiirtham - GTCC Fall league 2025	15	TENNIS
W	19007761	1	Taunton Titans	Viney Kashyap	1	0	21	0	1	1	1	3	0	21.00	32503335	1594831	Amiirtham - GTCC Fall league 2025	15	TENNIS
W	19007761	1	Taunton Titans	Milan Paliwal	1	0	15	1	1	1	1	1	0	15.00	42153112	1594831	Amiirtham - GTCC Fall league 2025	15	TENNIS
W	19007761	1	Taunton Titans	santhosh Kotte  (c)	1	0	16	1	1	2	1	0	0	16.00	23359672	1594831	Amiirtham - GTCC Fall league 2025	15	TENNIS
W	19007761	1	Taunton Titans	Rohit Kumar	1	0	5	0	3	0	0	0	0	5.00	32043677	1594831	Amiirtham - GTCC Fall league 2025	15	TENNIS
W	19007761	2	Downtown Hunterz	Mir Mujahed Ali	3	0	29	2	8	2	2	1	0	9.67	16147525	1594831	Amiirtham - GTCC Fall league 2025	15	TENNIS
W	19007761	2	Downtown Hunterz	Irfan Mohammed	3	0	38	1	4	4	2	0	0	12.67	15608701	1594831	Amiirtham - GTCC Fall league 2025	15	TENNIS
W	19007761	2	Downtown Hunterz	Hassan khulaidi	2	0	18	0	7	1	2	0	0	9.00	31856676	1594831	Amiirtham - GTCC Fall league 2025	15	TENNIS
W	19007761	2	Downtown Hunterz	Sam	2	0	10	0	6	1	0	1	0	5.00	42529904	1594831	Amiirtham - GTCC Fall league 2025	15	TENNIS
W	19007761	2	Downtown Hunterz	Mohammed Emad	2	0	16	2	7	3	0	1	0	8.00	31856679	1594831	Amiirtham - GTCC Fall league 2025	15	TENNIS
W	19007761	2	Downtown Hunterz	Faisal Yafai  (c)	3	0	20	0	9	1	1	0	0	6.67	10200084	1594831	Amiirtham - GTCC Fall league 2025	15	TENNIS
W	19007763	1	Oshawa Fighters	RamaRao Boyapati	3	0	28	0	9	2	2	2	0	9.33	24281581	1594831	Amiirtham - GTCC Fall league 2025	15	TENNIS
W	19007763	1	Oshawa Fighters	Vinith reddy Reddy	3	0	16	2	12	3	0	0	0	5.33	23028014	1594831	Amiirtham - GTCC Fall league 2025	15	TENNIS
W	19007763	1	Oshawa Fighters	Dileep Rittapalli	3	0	22	1	9	1	1	3	0	7.33	23028081	1594831	Amiirtham - GTCC Fall league 2025	15	TENNIS
W	19007763	1	Oshawa Fighters	Deepak Manukonda	3	0	24	2	7	2	1	1	0	8.00	21933613	1594831	Amiirtham - GTCC Fall league 2025	15	TENNIS
W	19007763	1	Oshawa Fighters	Rehan khan	2	0	22	1	4	1	2	0	0	11.00	24726741	1594831	Amiirtham - GTCC Fall league 2025	15	TENNIS
W	19007763	1	Oshawa Fighters	Raj Kiran Anem  	1	0	2	2	5	0	0	1	0	2.00	29656739	1594831	Amiirtham - GTCC Fall league 2025	15	TENNIS
W	19007763	2	Maratha Warriors - GTCC	Arun Baby	2	0	13	0	6	1	0	2	0	6.50	27672366	1594831	Amiirtham - GTCC Fall league 2025	15	TENNIS
W	19007763	2	Maratha Warriors - GTCC	Chetan	2	0	10	2	6	1	0	1	0	5.00	22115674	1594831	Amiirtham - GTCC Fall league 2025	15	TENNIS
W	19007763	2	Maratha Warriors - GTCC	Digil davis	3	0	9	3	11	0	0	1	0	3.00	21961653	1594831	Amiirtham - GTCC Fall league 2025	15	TENNIS
W	19007763	2	Maratha Warriors - GTCC	Pratik Udawant	3	0	20	0	10	1	1	2	0	6.67	31286233	1594831	Amiirtham - GTCC Fall league 2025	15	TENNIS
W	19007763	2	Maratha Warriors - GTCC	Tanishq B	2	0	11	1	8	1	0	2	1	5.50	23168646	1594831	Amiirtham - GTCC Fall league 2025	15	TENNIS
W	19007763	2	Maratha Warriors - GTCC	Jinto Eliyas	1	0	14	1	2	0	2	0	0	14.00	21834838	1594831	Amiirtham - GTCC Fall league 2025	15	TENNIS
W	19007763	2	Maratha Warriors - GTCC	Daljeet Sandhu	1	0	5	1	3	0	0	1	0	5.00	19815275	1594831	Amiirtham - GTCC Fall league 2025	15	TENNIS
W	19007763	2	Maratha Warriors - GTCC	Vineesh  M	1	0	4	0	3	0	0	0	0	4.00	27672383	1594831	Amiirtham - GTCC Fall league 2025	15	TENNIS
W	19007762	1	Royal Challengers Bowmanville	Jackson Christian	3	0	27	1	7	0	2	1	0	9.00	19806199	1594831	Amiirtham - GTCC Fall league 2025	15	TENNIS
W	19007762	1	Royal Challengers Bowmanville	Parker Ronak	3	0	37	0	10	0	5	4	0	12.33	31335119	1594831	Amiirtham - GTCC Fall league 2025	15	TENNIS
W	19007762	1	Royal Challengers Bowmanville	Brian Gohil	3	0	5	3	13	0	0	0	0	1.67	32141157	1594831	Amiirtham - GTCC Fall league 2025	15	TENNIS
W	19007762	1	Royal Challengers Bowmanville	Arpit Mecwan	1	0	14	0	3	2	1	0	0	14.00	32351586	1594831	Amiirtham - GTCC Fall league 2025	15	TENNIS
W	19007762	1	Royal Challengers Bowmanville	Seshil Christian	2	0	22	0	4	0	2	3	0	11.00	40513349	1594831	Amiirtham - GTCC Fall league 2025	15	TENNIS
W	19007762	1	Royal Challengers Bowmanville	Afzal Khan  (c)	3	0	31	4	10	1	3	3	1	10.33	42313627	1594831	Amiirtham - GTCC Fall league 2025	15	TENNIS
W	19007762	2	Invincible Trailblazers	YOGEESHA NAIK	3	0	18	0	10	1	1	0	0	6.00	21500136	1594831	Amiirtham - GTCC Fall league 2025	15	TENNIS
W	19007762	2	Invincible Trailblazers	Ginil Joseph	3	0	28	1	8	2	2	1	0	9.33	27672341	1594831	Amiirtham - GTCC Fall league 2025	15	TENNIS
W	19007762	2	Invincible Trailblazers	Prathap Reddy	1	0	11	1	4	1	1	1	0	11.00	1440078	1594831	Amiirtham - GTCC Fall league 2025	15	TENNIS
W	19007762	2	Invincible Trailblazers	Seethamraju Pavan	2	0	13	1	9	0	1	4	1	6.50	460319	1594831	Amiirtham - GTCC Fall league 2025	15	TENNIS
W	19007762	2	Invincible Trailblazers	Abhishek Chennamaneni	3	0	11	1	13	0	1	1	0	3.67	2982610	1594831	Amiirtham - GTCC Fall league 2025	15	TENNIS
W	19007762	2	Invincible Trailblazers	Sai Kiran Dande  (c)	2	0	25	1	6	1	3	1	0	12.50	5259750	1594831	Amiirtham - GTCC Fall league 2025	15	TENNIS
W	19007762	2	Invincible Trailblazers	Sandeep Reddy	1	0	7	1	3	1	0	1	0	7.00	21499304	1594831	Amiirtham - GTCC Fall league 2025	15	TENNIS
W	19007764	1	Toronto Nawabs	Abdul Sajjad	3	1	14	3	12	1	1	0	0	4.67	42414177	1594831	Amiirtham - GTCC Fall league 2025	15	TENNIS
W	19007764	1	Toronto Nawabs	Mohammed Salman	3	0	23	2	10	1	1	6	0	7.67	41768685	1594831	Amiirtham - GTCC Fall league 2025	15	TENNIS
W	19007764	1	Toronto Nawabs	Mohit	3	0	33	0	9	1	3	4	1	11.00	9302498	1594831	Amiirtham - GTCC Fall league 2025	15	TENNIS
W	19007764	1	Toronto Nawabs	Zeeshan Ahmed Khan	3	0	36	1	7	0	4	4	0	12.00	32069784	1594831	Amiirtham - GTCC Fall league 2025	15	TENNIS
W	19007764	1	Toronto Nawabs	AsRar RaHman	3	0	12	1	12	0	1	0	0	4.00	42406798	1594831	Amiirtham - GTCC Fall league 2025	15	TENNIS
W	19007764	2	Nizam Royal Knights	Maniteja Yerra	3	0	5	4	17	0	0	4	0	1.67	22695071	1594831	Amiirtham - GTCC Fall league 2025	15	TENNIS
W	19007764	2	Nizam Royal Knights	Sampath Kantimahanthi	2	0	9	3	8	1	0	2	0	4.50	30048429	1594831	Amiirtham - GTCC Fall league 2025	15	TENNIS
W	19007764	2	Nizam Royal Knights	Ashok Vatrapu	1	0	2	2	4	0	0	0	0	2.00	21362452	1594831	Amiirtham - GTCC Fall league 2025	15	TENNIS
W	19007764	2	Nizam Royal Knights	Ranjeeth Reddy M	0.1	0	0	1	1	0	0	0	0	0.00	15998037	1594831	Amiirtham - GTCC Fall league 2025	15	TENNIS
W	19007765	1	Nizam Royal Knights	Maniteja Yerra	3	0	19	3	11	1	1	3	0	6.33	22695071	1594831	Amiirtham - GTCC Fall league 2025	15	TENNIS
W	19007765	1	Nizam Royal Knights	Sampath Kantimahanthi	2	0	8	0	9	0	1	0	0	4.00	30048429	1594831	Amiirtham - GTCC Fall league 2025	15	TENNIS
W	19007765	1	Nizam Royal Knights	Ranjeeth Reddy M	3	0	21	0	5	2	0	1	0	7.00	15998037	1594831	Amiirtham - GTCC Fall league 2025	15	TENNIS
W	19007765	1	Nizam Royal Knights	Raghu Reddy	2.2	0	11	5	9	0	1	1	0	4.71	15998250	1594831	Amiirtham - GTCC Fall league 2025	15	TENNIS
W	19007765	1	Nizam Royal Knights	Pranay Reddy	3	0	13	2	9	0	0	2	0	4.33	18543580	1594831	Amiirtham - GTCC Fall league 2025	15	TENNIS
W	19007765	1	Nizam Royal Knights	Rajpal Reddy	1	0	10	0	2	2	0	0	0	10.00	32057684	1594831	Amiirtham - GTCC Fall league 2025	15	TENNIS
W	19007765	2	Trailblazers	Anil Sunkara	3	0	11	2	12	1	0	0	0	3.67	3913067	1594831	Amiirtham - GTCC Fall league 2025	15	TENNIS
W	19007765	2	Trailblazers	Subbu Pakalapati	3	1	15	3	12	1	0	4	1	5.00	132243	1594831	Amiirtham - GTCC Fall league 2025	15	TENNIS
W	19007765	2	Trailblazers	Harish Pannala(TPG)  (c)	2	0	15	0	6	1	1	1	0	7.50	3052877	1594831	Amiirtham - GTCC Fall league 2025	15	TENNIS
W	19007765	2	Trailblazers	Pardhu Madarapu	2.3	0	15	1	9	1	1	1	0	6.00	15282834	1594831	Amiirtham - GTCC Fall league 2025	15	TENNIS
W	19007765	2	Trailblazers	Mahesh Pillai	3	0	25	1	6	0	2	0	0	8.33	23600180	1594831	Amiirtham - GTCC Fall league 2025	15	TENNIS
W	19007766	1	Harmony Strikers	Bishal Chakraborty	3	0	13	1	13	1	0	5	0	4.33	31271439	1594831	Amiirtham - GTCC Fall league 2025	15	TENNIS
W	19007766	1	Harmony Strikers	Nisarg cricket oshawa	3	0	14	1	11	1	0	2	0	4.67	32800410	1594831	Amiirtham - GTCC Fall league 2025	15	TENNIS
W	19007766	1	Harmony Strikers	Ravin Pandya	3	0	20	1	11	1	1	3	0	6.67	31270860	1594831	Amiirtham - GTCC Fall league 2025	15	TENNIS
W	19007766	1	Harmony Strikers	Harsh Patel	3	1	6	1	15	0	0	2	0	2.00	29748236	1594831	Amiirtham - GTCC Fall league 2025	15	TENNIS
W	19007766	1	Harmony Strikers	Abhishek Erande	2	0	11	1	10	0	1	4	0	5.50	23696671	1594831	Amiirtham - GTCC Fall league 2025	15	TENNIS
W	19007766	1	Harmony Strikers	Nisarggggggg	1	0	7	0	2	0	0	2	0	7.00	6910094	1594831	Amiirtham - GTCC Fall league 2025	15	TENNIS
W	19007766	2	Birthday Boys XI	Kushal Acharya	3	0	24	0	10	1	2	1	0	8.00	15998105	1594831	Amiirtham - GTCC Fall league 2025	15	TENNIS
W	19007766	2	Birthday Boys XI	Vishal Padharia	1	0	5	2	4	0	0	2	0	5.00	42504569	1594831	Amiirtham - GTCC Fall league 2025	15	TENNIS
W	19007766	2	Birthday Boys XI	Abhinav Nirula	1	0	14	1	3	0	2	0	1	14.00	42515145	1594831	Amiirtham - GTCC Fall league 2025	15	TENNIS
W	19007766	2	Birthday Boys XI	Anubhav Nirula	1	0	9	1	3	0	0	3	0	9.00	31249272	1594831	Amiirtham - GTCC Fall league 2025	15	TENNIS
W	19007766	2	Birthday Boys XI	Paritosh Dali	1	0	14	0	2	0	2	0	0	14.00	4166516	1594831	Amiirtham - GTCC Fall league 2025	15	TENNIS
W	19007766	2	Birthday Boys XI	Amit Sondhi	0.1	0	6	0	0	0	1	0	0	36.00	30104324	1594831	Amiirtham - GTCC Fall league 2025	15	TENNIS
W	19007767	1	Maple Eagles	Amandeep Singh	3	0	28	1	6	0	3	1	0	9.33	41624226	1594831	Amiirtham - GTCC Fall league 2025	15	TENNIS
W	19007767	1	Maple Eagles	Shaishav Patel	2	0	18	1	5	1	1	0	0	9.00	42419434	1594831	Amiirtham - GTCC Fall league 2025	15	TENNIS
W	19007767	1	Maple Eagles	Jagveer singh	2	0	42	0	1	5	3	0	0	21.00	32886299	1594831	Amiirtham - GTCC Fall league 2025	15	TENNIS
W	19007767	1	Maple Eagles	Shubham Acharya	3	0	22	3	7	1	1	0	0	7.33	41347123	1594831	Amiirtham - GTCC Fall league 2025	15	TENNIS
W	19007767	1	Maple Eagles	Satwinder Singh	2	0	17	2	5	1	1	1	0	8.50	42515588	1594831	Amiirtham - GTCC Fall league 2025	15	TENNIS
W	19007767	2	Mavericks	Nasakath Shaikkumthodi	3	0	24	2	10	2	0	2	2	8.00	31273662	1594831	Amiirtham - GTCC Fall league 2025	15	TENNIS
W	19007767	2	Mavericks	Ebin Thankachan	1	0	9	0	2	1	0	0	0	9.00	21088814	1594831	Amiirtham - GTCC Fall league 2025	15	TENNIS
W	19007767	2	Mavericks	Daries Antony	1	0	10	0	2	0	1	1	0	10.00	21106964	1594831	Amiirtham - GTCC Fall league 2025	15	TENNIS
W	19007767	2	Mavericks	Anoop K C	1	0	14	1	2	1	1	2	0	14.00	41577227	1594831	Amiirtham - GTCC Fall league 2025	15	TENNIS
W	19007767	2	Mavericks	Allen Saju	3	0	28	2	8	2	2	0	0	9.33	19803415	1594831	Amiirtham - GTCC Fall league 2025	15	TENNIS
W	19007767	2	Mavericks	Jawas Muhammed	2	0	19	1	4	0	2	1	0	9.50	36772056	1594831	Amiirtham - GTCC Fall league 2025	15	TENNIS
W	19007767	2	Mavericks	Abhinandh Abhi	1	0	16	1	1	0	2	1	0	16.00	21201797	1594831	Amiirtham - GTCC Fall league 2025	15	TENNIS
W	19007768	1	North Stars T15 Fall League 2025	Sanjit Raut	3	0	15	3	14	2	0	4	0	5.00	23646076	1594831	Amiirtham - GTCC Fall league 2025	15	TENNIS
W	19007768	1	North Stars T15 Fall League 2025	Ashish Khattar	3	0	23	1	9	3	0	4	0	7.67	16183456	1594831	Amiirtham - GTCC Fall league 2025	15	TENNIS
W	19007768	1	North Stars T15 Fall League 2025	Suhas Acharya	1	0	17	0	1	2	1	0	0	17.00	21540128	1594831	Amiirtham - GTCC Fall league 2025	15	TENNIS
W	19007768	1	North Stars T15 Fall League 2025	Saurav	2	0	13	1	7	1	0	5	0	6.50	21574739	1594831	Amiirtham - GTCC Fall league 2025	15	TENNIS
W	19007768	1	North Stars T15 Fall League 2025	Nilay Shah	3	0	14	1	10	0	1	0	0	4.67	31954578	1594831	Amiirtham - GTCC Fall league 2025	15	TENNIS
W	19007768	1	North Stars T15 Fall League 2025	CricHeroes deleted user	1	0	17	0	2	1	2	0	0	17.00	33410222	1594831	Amiirtham - GTCC Fall league 2025	15	TENNIS
W	19007768	1	North Stars T15 Fall League 2025	Srikanth Lahoti	2	0	8	2	6	0	0	0	0	4.00	4155955	1594831	Amiirtham - GTCC Fall league 2025	15	TENNIS
W	19007768	2	Panjab XI	Ramandeep Singh 	3	0	13	2	11	1	0	2	0	4.33	38771920	1594831	Amiirtham - GTCC Fall league 2025	15	TENNIS
W	19007768	2	Panjab XI	Sanjiv sharma	1	0	6	0	3	1	0	0	0	6.00	39683013	1594831	Amiirtham - GTCC Fall league 2025	15	TENNIS
W	19007768	2	Panjab XI	Sukhpal Singh	2	0	7	1	9	1	0	1	0	3.50	40841211	1594831	Amiirtham - GTCC Fall league 2025	15	TENNIS
W	19007768	2	Panjab XI	Harsh Pratap Singh Yadav	2	0	10	0	7	1	0	0	0	5.00	38589007	1594831	Amiirtham - GTCC Fall league 2025	15	TENNIS
W	19007768	2	Panjab XI	Arpan Singh	2	0	7	2	6	0	0	1	0	3.50	31040706	1594831	Amiirtham - GTCC Fall league 2025	15	TENNIS
W	19007768	2	Panjab XI	Surjeet Singh	3	0	11	3	12	0	0	3	0	3.67	38766896	1594831	Amiirtham - GTCC Fall league 2025	15	TENNIS
W	19007768	2	Panjab XI	Ramanveer Singh	1	0	17	0	1	2	1	1	0	17.00	41694939	1594831	Amiirtham - GTCC Fall league 2025	15	TENNIS
W	19007768	2	Panjab XI	Sunny Bains	0.1	0	0	1	1	0	0	0	0	0.00	40808518	1594831	Amiirtham - GTCC Fall league 2025	15	TENNIS
W	19007769	1	Thunder Strikers	Kshitij Malsane	2	0	22	1	5	3	0	4	1	11.00	42527310	1594831	Amiirtham - GTCC Fall league 2025	15	TENNIS
W	19007769	1	Thunder Strikers	Ravikumar Kantaria	2	0	24	1	3	2	1	3	0	12.00	27672729	1594831	Amiirtham - GTCC Fall league 2025	15	TENNIS
W	19007769	1	Thunder Strikers	Chintan Ahir	2	0	24	0	6	2	2	2	0	12.00	6269752	1594831	Amiirtham - GTCC Fall league 2025	15	TENNIS
W	19007769	1	Thunder Strikers	Darshit Patel	3	0	7	2	14	0	0	2	0	2.33	27673702	1594831	Amiirtham - GTCC Fall league 2025	15	TENNIS
W	19007769	1	Thunder Strikers	Nish patel	3	1	3	3	16	0	0	0	0	1.00	31956115	1594831	Amiirtham - GTCC Fall league 2025	15	TENNIS
W	19007769	1	Thunder Strikers	Vishal Patel	1	0	6	1	3	1	0	0	0	6.00	40690301	1594831	Amiirtham - GTCC Fall league 2025	15	TENNIS
W	19007769	1	Thunder Strikers	Fareed Javid	2	0	20	0	4	3	0	0	0	10.00	41688640	1594831	Amiirtham - GTCC Fall league 2025	15	TENNIS
W	19007769	2	TCF	Akhil Reddy	3	0	20	2	10	0	2	0	0	6.67	5549928	1594831	Amiirtham - GTCC Fall league 2025	15	TENNIS
W	19007769	2	TCF	Sharath Reddy Kongari	3	0	28	0	8	2	2	2	0	9.33	23027924	1594831	Amiirtham - GTCC Fall league 2025	15	TENNIS
W	19007769	2	TCF	Sudheer Aki	3	0	23	2	8	0	2	1	1	7.67	14762522	1594831	Amiirtham - GTCC Fall league 2025	15	TENNIS
W	19007769	2	TCF	Praveen Reddy	3	1	9	2	13	0	0	1	0	3.00	5413093	1594831	Amiirtham - GTCC Fall league 2025	15	TENNIS
W	19007769	2	TCF	Sankethreddy	3	0	13	2	10	1	0	1	0	4.33	39355221	1594831	Amiirtham - GTCC Fall league 2025	15	TENNIS
W	19007771	1	FERAL XI	Jayakumar Narayanasamy	3	0	13	1	12	2	0	1	0	4.33	32071080	1594831	Amiirtham - GTCC Fall league 2025	15	TENNIS
W	19007771	1	FERAL XI	Balkar singh	2.3	0	6	3	10	0	0	0	0	2.40	41693676	1594831	Amiirtham - GTCC Fall league 2025	15	TENNIS
W	19007771	1	FERAL XI	Ayaan Shaikh	2	0	14	0	6	2	0	1	0	7.00	42302314	1594831	Amiirtham - GTCC Fall league 2025	15	TENNIS
W	19007771	1	FERAL XI	Adnan khan 	1	0	8	0	3	1	0	2	0	8.00	42302317	1594831	Amiirtham - GTCC Fall league 2025	15	TENNIS
W	19007771	1	FERAL XI	Mani Asron	2	0	8	2	8	1	0	0	0	4.00	7371163	1594831	Amiirtham - GTCC Fall league 2025	15	TENNIS
W	19007771	1	FERAL XI	Manu Chowdary	3	0	9	3	11	0	0	0	0	3.00	31933873	1594831	Amiirtham - GTCC Fall league 2025	15	TENNIS
W	19007771	1	FERAL XI	Kish N	1	0	2	1	5	0	0	1	0	2.00	39678439	1594831	Amiirtham - GTCC Fall league 2025	15	TENNIS
W	19007771	2	Redwings	Vishnu Nair	3	0	27	1	8	2	2	0	0	9.00	21754141	1594831	Amiirtham - GTCC Fall league 2025	15	TENNIS
W	19007771	2	Redwings	Akhil	3	1	7	1	15	1	0	1	0	2.33	30322919	1594831	Amiirtham - GTCC Fall league 2025	15	TENNIS
W	19007771	2	Redwings	Christo Joy	3	0	10	2	11	0	0	2	0	3.33	30376963	1594831	Amiirtham - GTCC Fall league 2025	15	TENNIS
W	19007771	2	Redwings	Abin Mathew	3	0	8	1	12	0	0	0	1	2.67	30379080	1594831	Amiirtham - GTCC Fall league 2025	15	TENNIS
W	19007771	2	Redwings	Melvin Thomas	2.4	0	8	0	10	0	0	1	0	3.00	31248062	1594831	Amiirtham - GTCC Fall league 2025	15	TENNIS
W	19007772	1	Durham Strikers	Gopal Kanniappan	3	0	18	1	7	1	0	1	0	6.00	27728606	1594831	Amiirtham - GTCC Fall league 2025	15	TENNIS
W	19007772	1	Durham Strikers	Sathish Rajan	1	0	6	0	3	1	0	0	0	6.00	41670672	1594831	Amiirtham - GTCC Fall league 2025	15	TENNIS
W	19007772	1	Durham Strikers	Pawankumar Peddibhotla	2	0	16	1	7	0	2	0	0	8.00	23117962	1594831	Amiirtham - GTCC Fall league 2025	15	TENNIS
W	19007772	1	Durham Strikers	Bilal Salim	2	0	4	0	8	0	0	0	0	2.00	41655594	1594831	Amiirtham - GTCC Fall league 2025	15	TENNIS
W	19007772	1	Durham Strikers	Magulan Duraipandian	3	1	4	2	16	0	0	1	0	1.33	32794123	1594831	Amiirtham - GTCC Fall league 2025	15	TENNIS
W	19007772	1	Durham Strikers	Santhosh Rajan	3	0	14	2	9	0	0	2	0	4.67	23717445	1594831	Amiirtham - GTCC Fall league 2025	15	TENNIS
W	19007772	1	Durham Strikers	Arun Inpamozhi	1	0	9	1	4	1	0	4	0	9.00	16113070	1594831	Amiirtham - GTCC Fall league 2025	15	TENNIS
W	19007772	2	Deccan Warriors	Mohammed Shahid Khan  (c)	2	0	15	0	6	2	0	1	0	7.50	15392532	1594831	Amiirtham - GTCC Fall league 2025	15	TENNIS
W	19007772	2	Deccan Warriors	Abdul mateen	2	0	16	0	6	2	0	2	0	8.00	30430033	1594831	Amiirtham - GTCC Fall league 2025	15	TENNIS
W	19007772	2	Deccan Warriors	Syed Usama Shahzeb	2	0	11	0	6	1	0	1	0	5.50	42452972	1594831	Amiirtham - GTCC Fall league 2025	15	TENNIS
W	19007772	2	Deccan Warriors	Mohammed Noman Hussain	2.3	0	17	2	8	1	0	5	0	6.80	30523853	1594831	Amiirtham - GTCC Fall league 2025	15	TENNIS
W	19007772	2	Deccan Warriors	Abdul Mudaseer Mohmmed	3	0	12	0	9	1	0	0	0	4.00	1160866	1594831	Amiirtham - GTCC Fall league 2025	15	TENNIS
W	19007770	1	Avengers	Gursimran Chauhan  (c)	3	0	22	1	9	3	0	1	0	7.33	42350491	1594831	Amiirtham - GTCC Fall league 2025	15	TENNIS
W	19007770	1	Avengers	Ravish Sharma	3	0	21	1	7	2	0	0	0	7.00	42374685	1594831	Amiirtham - GTCC Fall league 2025	15	TENNIS
W	19007770	1	Avengers	Mufiz Munshi	3	0	25	1	9	2	1	1	0	8.33	32430389	1594831	Amiirtham - GTCC Fall league 2025	15	TENNIS
W	19007770	1	Avengers	Zul Qazi	3	0	26	1	6	0	2	1	0	8.67	23053658	1594831	Amiirtham - GTCC Fall league 2025	15	TENNIS
W	19007770	1	Avengers	Dhruvrajsinh Vaghela	1	0	7	0	2	1	0	0	0	7.00	42373842	1594831	Amiirtham - GTCC Fall league 2025	15	TENNIS
W	19007770	1	Avengers	Ankur Agarwal	2	0	16	1	6	1	1	0	0	8.00	42350503	1594831	Amiirtham - GTCC Fall league 2025	15	TENNIS
W	19007770	2	Redwings	Vishnu Nair	3	0	17	0	7	1	0	0	0	5.67	21754141	1594831	Amiirtham - GTCC Fall league 2025	15	TENNIS
W	19007770	2	Redwings	Akhil	3	1	5	2	14	0	0	0	0	1.67	30322919	1594831	Amiirtham - GTCC Fall league 2025	15	TENNIS
W	19007770	2	Redwings	Christo Joy	3	0	16	1	5	0	0	1	0	5.33	30376963	1594831	Amiirtham - GTCC Fall league 2025	15	TENNIS
W	19007770	2	Redwings	Abin Mathew	3	0	24	1	5	1	1	1	0	8.00	30379080	1594831	Amiirtham - GTCC Fall league 2025	15	TENNIS
W	19007770	2	Redwings	Prince K Sunny	1	0	14	0	1	1	1	0	0	14.00	30402539	1594831	Amiirtham - GTCC Fall league 2025	15	TENNIS
W	19007770	2	Redwings	Melvin Thomas	1	0	8	1	2	1	0	0	0	8.00	31248062	1594831	Amiirtham - GTCC Fall league 2025	15	TENNIS
W	19007770	2	Redwings	Emil Pious	1	0	8	0	2	0	0	2	0	8.00	40407065	1594831	Amiirtham - GTCC Fall league 2025	15	TENNIS
W	19405021	1	Trailblazers	Anil Sunkara	3	0	9	0	10	0	0	0	0	3.00	3913067	1594831	Amiirtham - GTCC Fall league 2025	15	TENNIS
W	19405021	1	Trailblazers	Anudeep Kona	3	1	13	3	12	2	0	0	0	4.33	41692406	1594831	Amiirtham - GTCC Fall league 2025	15	TENNIS
W	19405021	1	Trailblazers	Subbu Pakalapati	3	0	27	2	6	3	0	1	0	9.00	132243	1594831	Amiirtham - GTCC Fall league 2025	15	TENNIS
W	19405021	1	Trailblazers	Harish Pannala(TPG)  (c)	3	0	11	3	12	1	0	1	0	3.67	3052877	1594831	Amiirtham - GTCC Fall league 2025	15	TENNIS
W	19405021	1	Trailblazers	Pardhu Madarapu	2.4	0	47	1	2	1	5	2	0	17.62	15282834	1594831	Amiirtham - GTCC Fall league 2025	15	TENNIS
W	19405021	2	Mavericks	Sajin Kumar	3	1	11	1	10	0	0	0	0	3.67	30109342	1594831	Amiirtham - GTCC Fall league 2025	15	TENNIS
W	19405021	2	Mavericks	Nasakath Shaikkumthodi	3	0	9	1	12	1	0	0	0	3.00	31273662	1594831	Amiirtham - GTCC Fall league 2025	15	TENNIS
W	19405021	2	Mavericks	Allen Saju	2	0	13	3	7	1	0	1	1	6.50	19803415	1594831	Amiirtham - GTCC Fall league 2025	15	TENNIS
W	19405021	2	Mavericks	Ebin Thankachan	2	0	7	2	7	0	0	1	0	3.50	21088814	1594831	Amiirtham - GTCC Fall league 2025	15	TENNIS
W	19405021	2	Mavericks	Akhil Mathew	2	0	16	0	5	1	1	0	0	8.00	21845898	1594831	Amiirtham - GTCC Fall league 2025	15	TENNIS
W	19405021	2	Mavericks	Bala Santhosam	1	0	7	0	1	0	0	1	0	7.00	28305774	1594831	Amiirtham - GTCC Fall league 2025	15	TENNIS
W	19405021	2	Mavericks	Mani Chandrasekaran	0.5	0	3	1	2	0	0	0	0	3.60	21571134	1594831	Amiirtham - GTCC Fall league 2025	15	TENNIS
W	19405024	1	DSK Friends XI	Luxminarayanan Venkatapathy	3	0	27	0	9	2	2	1	0	9.00	19801237	1594831	Amiirtham - GTCC Fall league 2025	15	TENNIS
W	19405024	1	DSK Friends XI	Samil Vig	3	0	7	2	11	0	0	0	0	2.33	31956279	1594831	Amiirtham - GTCC Fall league 2025	15	TENNIS
W	19405024	1	DSK Friends XI	Jay Patel	3	0	23	2	9	1	2	0	0	7.67	89124	1594831	Amiirtham - GTCC Fall league 2025	15	TENNIS
W	19405024	1	DSK Friends XI	Rajesh Babu Gangula	2.4	0	18	4	11	1	1	2	0	6.75	30013922	1594831	Amiirtham - GTCC Fall league 2025	15	TENNIS
W	19405024	1	DSK Friends XI	Dharmendra Singh parihar	3	0	20	1	7	0	1	0	0	6.67	23337498	1594831	Amiirtham - GTCC Fall league 2025	15	TENNIS
W	19405024	2	Invincible Trailblazers	Barani S	1	0	11	0	3	1	1	0	0	11.00	21595698	1594831	Amiirtham - GTCC Fall league 2025	15	TENNIS
W	19405024	2	Invincible Trailblazers	Ginil Joseph	3	0	20	1	8	3	0	0	0	6.70	27672341	1594831	Amiirtham - GTCC Fall league 2025	15	TENNIS
W	19405024	2	Invincible Trailblazers	YOGEESHA NAIK	3	0	11	1	10	0	0	1	0	3.67	21500136	1594831	Amiirtham - GTCC Fall league 2025	15	TENNIS
W	19405024	2	Invincible Trailblazers	Seethamraju Pavan	2	0	12	1	5	1	0	1	0	6.00	460319	1594831	Amiirtham - GTCC Fall league 2025	15	TENNIS
W	19405024	2	Invincible Trailblazers	Hemant Sachdeva	3	0	14	1	9	1	0	0	0	4.67	6268118	1594831	Amiirtham - GTCC Fall league 2025	15	TENNIS
W	19405024	2	Invincible Trailblazers	Amit Kumar	2	0	13	1	9	0	1	1	2	6.50	5527593	1594831	Amiirtham - GTCC Fall league 2025	15	TENNIS
W	19405024	2	Invincible Trailblazers	Brijesh Shivam	1	0	12	1	2	1	1	0	0	12.00	2113085	1594831	Amiirtham - GTCC Fall league 2025	15	TENNIS
W	19160563	1	Golden City	Ragu Sharma	3	0	23	0	12	2	2	1	0	7.67	39147762	1594831	Amiirtham - GTCC Fall league 2025	15	TENNIS
W	19160563	1	Golden City	Abhishek Thakur	2	0	17	0	8	4	0	1	0	8.50	39122063	1594831	Amiirtham - GTCC Fall league 2025	15	TENNIS
W	19160563	1	Golden City	Bilal Munir	2	0	13	1	6	1	0	0	0	6.50	41846827	1594831	Amiirtham - GTCC Fall league 2025	15	TENNIS
W	19160563	1	Golden City	Harmeet Singh	2	0	17	2	8	2	0	5	0	8.50	39255428	1594831	Amiirtham - GTCC Fall league 2025	15	TENNIS
W	19160563	1	Golden City	Jasraj Singh	2	0	14	1	7	1	1	1	0	7.00	42437530	1594831	Amiirtham - GTCC Fall league 2025	15	TENNIS
W	19160563	1	Golden City	Shaibaz Khan	2	0	18	1	6	0	2	1	0	9.00	41537512	1594831	Amiirtham - GTCC Fall league 2025	15	TENNIS
W	19160563	1	Golden City	Mohit K	1	0	12	0	3	0	1	2	1	12.00	39112810	1594831	Amiirtham - GTCC Fall league 2025	15	TENNIS
W	19160563	1	Golden City	Rahul Romana	1	0	9	0	3	2	0	0	0	9.00	42437234	1594831	Amiirtham - GTCC Fall league 2025	15	TENNIS
W	19160563	2	Nizam Royal Knights	Maniteja Yerra	2	0	13	0	8	1	1	1	0	6.50	22695071	1594831	Amiirtham - GTCC Fall league 2025	15	TENNIS
W	19160563	2	Nizam Royal Knights	Sampath Kantimahanthi	2	0	15	0	8	2	0	4	0	7.50	30048429	1594831	Amiirtham - GTCC Fall league 2025	15	TENNIS
W	19160563	2	Nizam Royal Knights	Ranjeeth Reddy M	2	0	10	1	7	0	0	3	0	5.00	15998037	1594831	Amiirtham - GTCC Fall league 2025	15	TENNIS
W	19160563	2	Nizam Royal Knights	Kishore DK	3	0	19	2	9	1	1	1	0	6.33	21832964	1594831	Amiirtham - GTCC Fall league 2025	15	TENNIS
W	19160563	2	Nizam Royal Knights	Pranay Reddy	3	0	27	1	9	2	2	0	0	9.00	18543580	1594831	Amiirtham - GTCC Fall league 2025	15	TENNIS
W	19160563	2	Nizam Royal Knights	Rajpal Reddy	1	0	7	1	3	0	0	2	0	7.00	32057684	1594831	Amiirtham - GTCC Fall league 2025	15	TENNIS
W	19160563	2	Nizam Royal Knights	Raghu Reddy	2	0	18	3	4	0	1	1	0	9.00	15998250	1594831	Amiirtham - GTCC Fall league 2025	15	TENNIS
W	19405042	1	Harmony Strikers	Harsh Patel	3	0	23	2	9	2	1	0	0	7.67	29748236	1594831	Amiirtham - GTCC Fall league 2025	15	TENNIS
W	19405042	1	Harmony Strikers	Bishal Chakraborty	2	0	17	1	7	2	1	0	0	8.50	31271439	1594831	Amiirtham - GTCC Fall league 2025	15	TENNIS
W	19405042	1	Harmony Strikers	Rajeshwar Bose  (c)	3	0	22	2	8	3	0	2	0	7.33	9928620	1594831	Amiirtham - GTCC Fall league 2025	15	TENNIS
W	19405042	1	Harmony Strikers	Ravin Pandya	3	0	13	0	11	1	0	2	0	4.33	31270860	1594831	Amiirtham - GTCC Fall league 2025	15	TENNIS
W	19405042	1	Harmony Strikers	Deep Patel	3	0	18	1	10	1	1	0	0	6.00	29734345	1594831	Amiirtham - GTCC Fall league 2025	15	TENNIS
W	19405042	1	Harmony Strikers	Abhishek Erande	1	0	11	0	3	1	1	0	0	11.00	23696671	1594831	Amiirtham - GTCC Fall league 2025	15	TENNIS
W	19405042	2	Team Manjummel	NIRANJAN GOTTIPATI	1.3	0	18	0	2	0	2	0	0	12.00	39257621	1594831	Amiirtham - GTCC Fall league 2025	15	TENNIS
W	19405042	2	Team Manjummel	Uday Sai Reddy	3	0	16	2	10	2	0	1	0	5.33	29479079	1594831	Amiirtham - GTCC Fall league 2025	15	TENNIS
W	19405042	2	Team Manjummel	Junaid khan	3	0	25	1	7	4	0	0	0	8.33	42504301	1594831	Amiirtham - GTCC Fall league 2025	15	TENNIS
W	19405042	2	Team Manjummel	Srujan Gandla	3	0	13	1	10	1	0	1	0	4.33	23847345	1594831	Amiirtham - GTCC Fall league 2025	15	TENNIS
W	19405042	2	Team Manjummel	Srikanth Kommineni  (c)	2	0	26	0	4	2	2	1	0	13.00	29518721	1594831	Amiirtham - GTCC Fall league 2025	15	TENNIS
W	19405042	2	Team Manjummel	Vinod Goud Boyapalli	1	0	13	1	2	1	1	0	0	13.00	32071427	1594831	Amiirtham - GTCC Fall league 2025	15	TENNIS
W	19405029	1	Whitby Thunderbolts Gtcc fall	Kiran Chigiri	2	0	10	2	8	2	0	0	0	5.00	22537910	1594831	Amiirtham - GTCC Fall league 2025	15	TENNIS
W	19405029	1	Whitby Thunderbolts Gtcc fall	Naren C	3	0	23	2	10	1	2	0	0	7.67	24254648	1594831	Amiirtham - GTCC Fall league 2025	15	TENNIS
W	19405029	1	Whitby Thunderbolts Gtcc fall	Prudhvi Raj	3	0	33	0	6	4	1	3	0	11.00	19806210	1594831	Amiirtham - GTCC Fall league 2025	15	TENNIS
W	19405029	1	Whitby Thunderbolts Gtcc fall	Dileep Nannore  (c)	3	0	29	0	8	0	3	2	0	9.67	15992998	1594831	Amiirtham - GTCC Fall league 2025	15	TENNIS
W	19405029	1	Whitby Thunderbolts Gtcc fall	Venkata Balaji Balabha Drapatruni	2	0	12	0	5	0	0	1	0	6.00	23656575	1594831	Amiirtham - GTCC Fall league 2025	15	TENNIS
W	19405029	1	Whitby Thunderbolts Gtcc fall	Sheshasai Kankipati	2	0	19	1	4	0	1	4	0	9.50	9202209	1594831	Amiirtham - GTCC Fall league 2025	15	TENNIS
W	19405029	2	Maratha Warriors - GTCC	Sohail khalili	3	0	14	2	13	1	1	1	0	4.67	32033222	1594831	Amiirtham - GTCC Fall league 2025	15	TENNIS
W	19405029	2	Maratha Warriors - GTCC	Abdulbasit Alizai	2	0	15	0	7	1	1	2	0	7.50	32816025	1594831	Amiirtham - GTCC Fall league 2025	15	TENNIS
W	19405029	2	Maratha Warriors - GTCC	Pratik Udawant	2.1	0	17	3	7	2	1	0	0	7.85	31286233	1594831	Amiirtham - GTCC Fall league 2025	15	TENNIS
W	19405029	2	Maratha Warriors - GTCC	Rajeev Swaminathan  (c)	2	0	27	1	5	3	2	1	0	13.50	23116627	1594831	Amiirtham - GTCC Fall league 2025	15	TENNIS
W	19405029	2	Maratha Warriors - GTCC	Arun Baby	2	0	8	1	6	0	0	0	0	4.00	27672366	1594831	Amiirtham - GTCC Fall league 2025	15	TENNIS
W	19405029	2	Maratha Warriors - GTCC	Vivin Thomas	3	0	11	3	13	1	0	0	0	3.67	21919124	1594831	Amiirtham - GTCC Fall league 2025	15	TENNIS
W	19405047	1	Royal Challengers Bowmanville	Arpit Mecwan	2	0	28	1	4	6	0	1	0	14.00	32351586	1594831	Amiirtham - GTCC Fall league 2025	15	TENNIS
W	19405047	1	Royal Challengers Bowmanville	ASH KENNETH	2	0	33	1	3	2	3	3	0	16.50	31422300	1594831	Amiirtham - GTCC Fall league 2025	15	TENNIS
W	19405047	1	Royal Challengers Bowmanville	Sharvam Buch	3	0	27	0	7	0	2	1	1	9.00	42476178	1594831	Amiirtham - GTCC Fall league 2025	15	TENNIS
W	19405047	1	Royal Challengers Bowmanville	Ashish Andani	3	0	31	1	6	3	1	1	1	10.33	16014847	1594831	Amiirtham - GTCC Fall league 2025	15	TENNIS
W	19405047	1	Royal Challengers Bowmanville	Afzal Khan  (c)	1	0	26	0	2	1	3	1	1	26.00	42313627	1594831	Amiirtham - GTCC Fall league 2025	15	TENNIS
W	19405047	1	Royal Challengers Bowmanville	Shoeb Mankar	3	0	22	1	6	0	1	0	0	7.33	27669723	1594831	Amiirtham - GTCC Fall league 2025	15	TENNIS
W	19405047	1	Royal Challengers Bowmanville	Hassan Bhai Cricket	1	0	17	0	2	0	2	1	1	17.00	42463647	1594831	Amiirtham - GTCC Fall league 2025	15	TENNIS
W	19405047	2	TCF	Akhil Reddy	3	0	40	0	6	5	2	1	0	13.33	5549928	1594831	Amiirtham - GTCC Fall league 2025	15	TENNIS
W	19405047	2	TCF	Sudheer Aki	1	0	6	0	3	0	0	0	0	6.00	14762522	1594831	Amiirtham - GTCC Fall league 2025	15	TENNIS
W	19405047	2	TCF	Sharath Reddy Kongari	2	0	10	2	7	1	0	0	0	5.00	23027924	1594831	Amiirtham - GTCC Fall league 2025	15	TENNIS
W	19405047	2	TCF	Ananda Reddy Yarradoddi  (c)	3	0	7	2	14	0	0	2	0	2.33	21776986	1594831	Amiirtham - GTCC Fall league 2025	15	TENNIS
W	19405047	2	TCF	JayaKrishna Gujjari	2	0	3	1	10	0	0	0	0	1.50	1225653	1594831	Amiirtham - GTCC Fall league 2025	15	TENNIS
W	19405047	2	TCF	Praveen Reddy	2	0	16	3	6	1	1	0	1	8.00	5413093	1594831	Amiirtham - GTCC Fall league 2025	15	TENNIS
W	19405047	2	TCF	Varun Kakubal	1	0	5	0	3	0	0	0	0	5.00	23206427	1594831	Amiirtham - GTCC Fall league 2025	15	TENNIS
W	19405047	2	TCF	Abhinay	1	0	7	1	4	0	0	3	0	7.00	104346	1594831	Amiirtham - GTCC Fall league 2025	15	TENNIS
W	19437504	1	Downtown Hunterz	Faisal Khan	3	0	21	0	9	3	0	2	0	7.00	31875312	1594831	Amiirtham - GTCC Fall league 2025	15	TENNIS
W	19437504	1	Downtown Hunterz	Hassan khulaidi	3	0	18	3	12	3	0	1	0	6.00	31856676	1594831	Amiirtham - GTCC Fall league 2025	15	TENNIS
W	19437504	1	Downtown Hunterz	Sam	3	0	21	2	7	0	0	3	0	7.00	42529904	1594831	Amiirtham - GTCC Fall league 2025	15	TENNIS
W	19437504	1	Downtown Hunterz	Mir Mujahed Ali	3	0	21	0	6	0	0	3	0	7.00	16147525	1594831	Amiirtham - GTCC Fall league 2025	15	TENNIS
W	19437504	1	Downtown Hunterz	Mohammed Emad	3	0	15	1	12	0	1	3	0	5.00	31856679	1594831	Amiirtham - GTCC Fall league 2025	15	TENNIS
W	19437504	2	Nizam Royal Knights	Maniteja Yerra	3	0	18	1	9	1	0	4	0	6.00	22695071	1594831	Amiirtham - GTCC Fall league 2025	15	TENNIS
W	19437504	2	Nizam Royal Knights	Ashok Vatrapu	3	0	22	1	8	2	1	0	0	7.33	21362452	1594831	Amiirtham - GTCC Fall league 2025	15	TENNIS
W	19437504	2	Nizam Royal Knights	Sampath Kantimahanthi	2	0	7	2	9	1	0	1	0	3.50	30048429	1594831	Amiirtham - GTCC Fall league 2025	15	TENNIS
W	19437504	2	Nizam Royal Knights	Ranjeeth Reddy M	3	0	16	2	8	1	0	1	0	5.33	15998037	1594831	Amiirtham - GTCC Fall league 2025	15	TENNIS
W	19437504	2	Nizam Royal Knights	Kishore DK	3	0	18	1	9	0	0	5	0	6.00	21832964	1594831	Amiirtham - GTCC Fall league 2025	15	TENNIS
W	19437504	2	Nizam Royal Knights	Pranay Reddy	1	0	9	1	4	2	0	1	0	9.00	18543580	1594831	Amiirtham - GTCC Fall league 2025	15	TENNIS
W	19405058	1	Downtown Hunterz	Faisal Khan	3	0	19	1	7	2	0	1	0	6.33	31875312	1594831	Amiirtham - GTCC Fall league 2025	15	TENNIS
W	19405058	1	Downtown Hunterz	Hassan khulaidi	3	0	17	1	10	1	0	3	0	5.67	31856676	1594831	Amiirtham - GTCC Fall league 2025	15	TENNIS
W	19405058	1	Downtown Hunterz	Sam	2	0	7	0	7	0	0	2	0	3.50	42529904	1594831	Amiirtham - GTCC Fall league 2025	15	TENNIS
W	19405058	1	Downtown Hunterz	Mir Mujahed Ali	2	0	26	2	4	2	2	0	0	13.00	16147525	1594831	Amiirtham - GTCC Fall league 2025	15	TENNIS
W	19405058	1	Downtown Hunterz	Irfan Mohammed	2	0	15	1	5	1	0	0	1	7.50	15608701	1594831	Amiirtham - GTCC Fall league 2025	15	TENNIS
W	19405058	1	Downtown Hunterz	Mohammed Emad	2.5	0	16	4	11	2	0	1	1	5.65	31856679	1594831	Amiirtham - GTCC Fall league 2025	15	TENNIS
W	19405058	2	Friends United - Fall T15	Ranjit Cricket	3	0	25	0	8	1	2	0	0	8.33	15000636	1594831	Amiirtham - GTCC Fall league 2025	15	TENNIS
W	19405058	2	Friends United - Fall T15	Navdeep Singh  (c)	2	0	14	0	4	0	1	0	0	7.00	39095211	1594831	Amiirtham - GTCC Fall league 2025	15	TENNIS
W	19405058	2	Friends United - Fall T15	Vishal DR	2	0	13	1	7	1	0	3	0	6.50	9964315	1594831	Amiirtham - GTCC Fall league 2025	15	TENNIS
W	19405058	2	Friends United - Fall T15	Karan Bajwa	2	0	18	0	5	2	1	0	0	9.00	6249085	1594831	Amiirtham - GTCC Fall league 2025	15	TENNIS
W	19405058	2	Friends United - Fall T15	Ashu Sharma	2.2	0	12	0	7	1	0	1	0	5.14	6562419	1594831	Amiirtham - GTCC Fall league 2025	15	TENNIS
W	19405058	2	Friends United - Fall T15	Ravi	3	0	16	4	9	0	1	0	0	5.33	1153446	1594831	Amiirtham - GTCC Fall league 2025	15	TENNIS
W	19405052	1	Royal Punjab	Lovepreet Khosa	3	0	9	2	12	0	0	2	0	3.00	41122178	1594831	Amiirtham - GTCC Fall league 2025	15	TENNIS
W	19405052	1	Royal Punjab	Parbjot Singh Aulakh	3	0	19	2	6	1	0	2	0	6.33	41091824	1594831	Amiirtham - GTCC Fall league 2025	15	TENNIS
W	19405052	1	Royal Punjab	Amritpal  Singh	3	0	16	2	10	1	1	0	0	5.33	41127556	1594831	Amiirtham - GTCC Fall league 2025	15	TENNIS
W	19405052	1	Royal Punjab	Amrit Amrit	1	0	17	0	0	1	1	0	0	17.00	41671523	1594831	Amiirtham - GTCC Fall league 2025	15	TENNIS
W	19405052	1	Royal Punjab	Jugraj Singh	1	0	12	0	0	1	0	1	0	12.00	41127561	1594831	Amiirtham - GTCC Fall league 2025	15	TENNIS
W	19405052	1	Royal Punjab	Ashu Sharma	3	0	15	4	14	3	0	0	1	5.00	41099374	1594831	Amiirtham - GTCC Fall league 2025	15	TENNIS
W	19405052	2	Durham United	Ashwin Shankar	3	1	8	1	14	1	0	1	0	2.67	21750405	1594831	Amiirtham - GTCC Fall league 2025	15	TENNIS
W	19405052	2	Durham United	Nikhil Rana	3	0	15	1	11	2	0	1	0	5.00	32554738	1594831	Amiirtham - GTCC Fall league 2025	15	TENNIS
W	19405052	2	Durham United	Tarun jaswal	3	0	16	1	10	2	0	2	0	5.33	30147776	1594831	Amiirtham - GTCC Fall league 2025	15	TENNIS
W	19405052	2	Durham United	Utkarsh Siingh	3	0	16	3	10	2	0	0	0	5.33	15282905	1594831	Amiirtham - GTCC Fall league 2025	15	TENNIS
W	19405052	2	Durham United	Aniket Sengar	2.4	0	15	2	6	1	0	0	0	5.62	42504280	1594831	Amiirtham - GTCC Fall league 2025	15	TENNIS
W	19438027	1	Invincible Trailblazers	Ginil Joseph	3	0	35	2	6	4	0	8	0	11.67	27672341	1594831	Amiirtham - GTCC Fall league 2025	15	TENNIS
W	19438027	1	Invincible Trailblazers	YOGEESHA NAIK	3	0	27	2	7	2	1	1	0	9.00	21500136	1594831	Amiirtham - GTCC Fall league 2025	15	TENNIS
W	19438027	1	Invincible Trailblazers	Amit Kumar Gurjar	3	0	20	0	7	2	0	0	0	6.67	5527593	1594831	Amiirtham - GTCC Fall league 2025	15	TENNIS
W	19438027	1	Invincible Trailblazers	Seethamraju Pavan	2	0	22	0	4	0	2	2	0	11.00	460319	1594831	Amiirtham - GTCC Fall league 2025	15	TENNIS
W	19438027	1	Invincible Trailblazers	Abhishek Chennamaneni	2	0	17	0	3	1	0	0	0	8.50	2982610	1594831	Amiirtham - GTCC Fall league 2025	15	TENNIS
W	19438027	1	Invincible Trailblazers	Aftab	2	0	25	4	5	2	2	1	0	12.50	1541269	1594831	Amiirtham - GTCC Fall league 2025	15	TENNIS
W	19438027	2	TCF	Akhil Reddy	3	0	13	2	11	2	0	0	0	4.33	5549928	1594831	Amiirtham - GTCC Fall league 2025	15	TENNIS
W	19438027	2	TCF	Sudheer Aki	0.1	0	0	0	1	0	0	0	0	0.00	14762522	1594831	Amiirtham - GTCC Fall league 2025	15	TENNIS
W	19438027	2	TCF	Sharath Reddy Kongari	2.5	0	23	0	6	4	0	0	0	8.12	23027924	1594831	Amiirtham - GTCC Fall league 2025	15	TENNIS
W	19438027	2	TCF	Praveen Reddy	3	0	19	0	6	1	0	1	0	6.33	5413093	1594831	Amiirtham - GTCC Fall league 2025	15	TENNIS
W	19438027	2	TCF	Varun Kakubal	3	0	19	3	10	1	1	0	1	6.33	23206427	1594831	Amiirtham - GTCC Fall league 2025	15	TENNIS
W	19438027	2	TCF	JayaKrishna Gujjari	2	0	19	1	4	0	2	1	0	9.50	1225653	1594831	Amiirtham - GTCC Fall league 2025	15	TENNIS
W	19438027	2	TCF	Abhinay	1	0	18	0	3	0	3	0	0	18.00	104346	1594831	Amiirtham - GTCC Fall league 2025	15	TENNIS
W	19437507	1	Durham United	Nikhil Rana	3	1	16	2	10	1	1	0	0	5.33	32554738	1594831	Amiirtham - GTCC Fall league 2025	15	TENNIS
W	19437507	1	Durham United	Tarun jaswal	3	0	25	0	6	2	1	0	0	8.33	30147776	1594831	Amiirtham - GTCC Fall league 2025	15	TENNIS
W	19437507	1	Durham United	Utkarsh Siingh	1	0	32	0	0	3	3	0	1	32.00	15282905	1594831	Amiirtham - GTCC Fall league 2025	15	TENNIS
W	19437507	1	Durham United	Akash Bhalla	3	0	38	1	2	4	1	0	0	12.67	10133419	1594831	Amiirtham - GTCC Fall league 2025	15	TENNIS
W	19437507	1	Durham United	Baljinder Singh	3	0	61	0	1	3	6	2	0	20.33	4138232	1594831	Amiirtham - GTCC Fall league 2025	15	TENNIS
W	19437507	1	Durham United	Nikhil Tyagi	2	0	19	4	6	0	2	0	0	9.50	169825	1594831	Amiirtham - GTCC Fall league 2025	15	TENNIS
W	19437507	2	Mavericks	Sajin Kumar	2	0	14	0	7	1	1	0	0	7.00	30109342	1594831	Amiirtham - GTCC Fall league 2025	15	TENNIS
W	19437507	2	Mavericks	Nasakath Shaikkumthodi	3	0	23	1	7	2	0	1	0	7.67	31273662	1594831	Amiirtham - GTCC Fall league 2025	15	TENNIS
W	19437507	2	Mavericks	Abhinandh Abhi	2	0	18	2	4	1	1	1	0	9.00	21201797	1594831	Amiirtham - GTCC Fall league 2025	15	TENNIS
W	19437507	2	Mavericks	Jawas Muhammed	2	0	6	2	7	0	0	0	0	3.00	36772056	1594831	Amiirtham - GTCC Fall league 2025	15	TENNIS
W	19437507	2	Mavericks	Ebin Thankachan	2	0	10	3	7	0	1	0	0	5.00	21088814	1594831	Amiirtham - GTCC Fall league 2025	15	TENNIS
W	19437507	2	Mavericks	DittoJose	1.4	0	8	2	5	0	0	1	0	4.80	21918699	1594831	Amiirtham - GTCC Fall league 2025	15	TENNIS
W	19437513	1	Maratha Warriors - GTCC	Jishnu Ravi	3	0	17	0	11	2	0	2	0	5.67	18891880	1594831	Amiirtham - GTCC Fall league 2025	15	TENNIS
W	19437513	1	Maratha Warriors - GTCC	Josmy Manuel	3	0	46	2	6	4	3	2	0	15.33	20873909	1594831	Amiirtham - GTCC Fall league 2025	15	TENNIS
W	19437513	1	Maratha Warriors - GTCC	Tanishq B	3	0	30	1	9	1	3	1	0	10.00	23168646	1594831	Amiirtham - GTCC Fall league 2025	15	TENNIS
W	19437513	1	Maratha Warriors - GTCC	Anu Krishnan  (c)	3	0	29	1	7	3	1	1	0	9.67	9017665	1594831	Amiirtham - GTCC Fall league 2025	15	TENNIS
W	19437513	1	Maratha Warriors - GTCC	Vivin Thomas	3	0	24	2	7	3	0	2	0	8.00	21919124	1594831	Amiirtham - GTCC Fall league 2025	15	TENNIS
W	19437513	2	Harmony Strikers	Deep Patel	3	0	25	1	8	4	0	2	0	8.33	29734345	1594831	Amiirtham - GTCC Fall league 2025	15	TENNIS
W	19437513	2	Harmony Strikers	Harsh Bajaj	2.5	0	46	2	5	1	5	3	0	16.24	31266548	1594831	Amiirtham - GTCC Fall league 2025	15	TENNIS
W	19437513	2	Harmony Strikers	Bishal Chakraborty	1	0	7	0	2	1	0	0	0	7.00	31271439	1594831	Amiirtham - GTCC Fall league 2025	15	TENNIS
W	19437513	2	Harmony Strikers	Rajeshwar Bose  (c)	3	0	29	1	8	2	1	5	0	9.67	9928620	1594831	Amiirtham - GTCC Fall league 2025	15	TENNIS
W	19437513	2	Harmony Strikers	Abhishek Erande	1	0	20	0	2	0	3	0	0	20.00	23696671	1594831	Amiirtham - GTCC Fall league 2025	15	TENNIS
W	19437513	2	Harmony Strikers	Harsh Patel	3	0	24	1	7	2	1	0	0	8.00	29748236	1594831	Amiirtham - GTCC Fall league 2025	15	TENNIS
W	19545295	1	Nizam Royal Knights	Maniteja Yerra	3	0	20	1	4	1	0	0	0	6.67	22695071	1594831	Amiirtham - GTCC Fall league 2025	15	TENNIS
W	19545295	1	Nizam Royal Knights	Ranjeeth Reddy M	3	0	20	3	8	1	1	0	0	6.67	15998037	1594831	Amiirtham - GTCC Fall league 2025	15	TENNIS
W	19545295	1	Nizam Royal Knights	Ashok Vatrapu	3	0	20	1	10	3	0	0	0	6.67	21362452	1594831	Amiirtham - GTCC Fall league 2025	15	TENNIS
W	19545295	1	Nizam Royal Knights	Sampath Kantimahanthi	1	0	10	0	2	0	1	1	0	10.00	30048429	1594831	Amiirtham - GTCC Fall league 2025	15	TENNIS
W	19545295	1	Nizam Royal Knights	Pranay Reddy	2	0	20	0	4	2	1	0	0	10.00	18543580	1594831	Amiirtham - GTCC Fall league 2025	15	TENNIS
W	19545295	1	Nizam Royal Knights	Kishore DK	3	0	25	4	8	4	0	0	1	8.33	21832964	1594831	Amiirtham - GTCC Fall league 2025	15	TENNIS
W	19545295	2	Mavericks	Abhinandh Abhi  (c)	3	0	11	2	12	0	1	0	0	3.67	21201797	1594831	Amiirtham - GTCC Fall league 2025	15	TENNIS
W	19545295	2	Mavericks	Nasakath Shaikkumthodi	3	0	10	1	10	0	0	1	0	3.33	31273662	1594831	Amiirtham - GTCC Fall league 2025	15	TENNIS
W	19545295	2	Mavericks	Sajin Kumar	3	0	37	1	9	2	4	1	0	12.33	30109342	1594831	Amiirtham - GTCC Fall league 2025	15	TENNIS
W	19545295	2	Mavericks	Allen Saju	2	0	21	0	3	0	2	1	0	10.50	19803415	1594831	Amiirtham - GTCC Fall league 2025	15	TENNIS
W	19545295	2	Mavericks	Ebin Thankachan	3	0	18	4	9	1	0	2	2	6.00	21088814	1594831	Amiirtham - GTCC Fall league 2025	15	TENNIS
W	19545295	2	Mavericks	Akhil Mathew	1	0	3	0	4	0	0	0	0	3.00	21845898	1594831	Amiirtham - GTCC Fall league 2025	15	TENNIS
W	19476460	1	Nizam Royal Knights	Maniteja Yerra	3	0	20	1	6	1	0	3	0	6.67	22695071	1594831	Amiirtham - GTCC Fall league 2025	15	TENNIS
W	19476460	1	Nizam Royal Knights	Ashok Vatrapu	3	0	19	1	8	2	0	0	0	6.33	21362452	1594831	Amiirtham - GTCC Fall league 2025	15	TENNIS
W	19476460	1	Nizam Royal Knights	Sampath Kantimahanthi	1	0	8	0	2	0	0	2	1	8.00	30048429	1594831	Amiirtham - GTCC Fall league 2025	15	TENNIS
W	19476460	1	Nizam Royal Knights	Ranjeeth Reddy M	3	0	13	2	8	1	0	0	0	4.33	15998037	1594831	Amiirtham - GTCC Fall league 2025	15	TENNIS
W	19476460	1	Nizam Royal Knights	Pranay Reddy	3	0	16	1	7	0	0	3	0	5.33	18543580	1594831	Amiirtham - GTCC Fall league 2025	15	TENNIS
W	19476460	1	Nizam Royal Knights	Kishore DK	2	0	9	0	6	0	0	0	0	4.50	21832964	1594831	Amiirtham - GTCC Fall league 2025	15	TENNIS
W	19476460	2	TCF	Akhil Reddy	2	0	23	0	2	3	0	0	0	11.50	5549928	1594831	Amiirtham - GTCC Fall league 2025	15	TENNIS
W	19476460	2	TCF	Sudheer Aki	2.5	0	21	1	8	2	0	3	0	7.41	14762522	1594831	Amiirtham - GTCC Fall league 2025	15	TENNIS
W	19476460	2	TCF	Praveen Reddy	3	0	14	0	9	1	0	1	0	4.67	5413093	1594831	Amiirtham - GTCC Fall league 2025	15	TENNIS
W	19476460	2	TCF	JayaKrishna Gujjari	3	0	9	2	11	0	0	0	1	3.00	1225653	1594831	Amiirtham - GTCC Fall league 2025	15	TENNIS
W	19476460	2	TCF	Varun Kakubal	2	0	20	0	1	1	1	0	0	10.00	23206427	1594831	Amiirtham - GTCC Fall league 2025	15	TENNIS
W	19476458	1	Mavericks	Abhinandh Abhi	3	0	17	4	9	1	0	3	0	5.67	21201797	1594831	Amiirtham - GTCC Fall league 2025	15	TENNIS
W	19476458	1	Mavericks	Sajin Kumar	2.3	0	12	2	9	1	0	1	0	4.80	30109342	1594831	Amiirtham - GTCC Fall league 2025	15	TENNIS
W	19476458	1	Mavericks	Nasakath Shaikkumthodi	3	1	8	1	12	0	0	0	0	2.67	31273662	1594831	Amiirtham - GTCC Fall league 2025	15	TENNIS
W	19476458	1	Mavericks	Ebin Thankachan	2	0	7	0	6	0	0	0	1	3.50	21088814	1594831	Amiirtham - GTCC Fall league 2025	15	TENNIS
W	19476458	1	Mavericks	Allen Saju	2	0	8	1	5	0	0	1	0	4.00	19803415	1594831	Amiirtham - GTCC Fall league 2025	15	TENNIS
W	19476458	1	Mavericks	Jawas Muhammed	2	0	14	1	4	1	0	2	0	7.00	36772056	1594831	Amiirtham - GTCC Fall league 2025	15	TENNIS
W	19476458	2	Maratha Warriors - GTCC	Jishnu Ravi	1	0	10	0	0	1	0	0	0	10.00	18891880	1594831	Amiirtham - GTCC Fall league 2025	15	TENNIS
W	19476458	2	Maratha Warriors - GTCC	Tanishq B	2	0	12	2	6	0	1	0	0	6.00	23168646	1594831	Amiirtham - GTCC Fall league 2025	15	TENNIS
W	19476458	2	Maratha Warriors - GTCC	Sohail khalili	2.5	0	12	0	9	1	0	0	0	4.24	32033222	1594831	Amiirtham - GTCC Fall league 2025	15	TENNIS
W	19476458	2	Maratha Warriors - GTCC	Arun Baby	2	0	10	1	4	0	0	0	0	5.00	27672366	1594831	Amiirtham - GTCC Fall league 2025	15	TENNIS
W	19476458	2	Maratha Warriors - GTCC	Pratik Udawant	1	0	20	0	1	1	2	1	0	20.00	31286233	1594831	Amiirtham - GTCC Fall league 2025	15	TENNIS
W	19476458	2	Maratha Warriors - GTCC	Vishnu Ravi	1	0	8	0	4	0	1	1	0	8.00	21587173	1594831	Amiirtham - GTCC Fall league 2025	15	TENNIS
B	25669315	1	TCF DCC	Sudheer Aki	5	10	0	0	50.00	RHB	c Mohit Palkar b Nikhil Rana	14762522	1973340	GTCC - Spring League 2026	12	TENNIS
B	25669315	1	TCF DCC	Rushi Mannepalli	0	1	0	0	0.00	RHB	b Nikhil Rana	14762497	1973340	GTCC - Spring League 2026	12	TENNIS
B	25669315	1	TCF DCC	Abhinay  (c)	0	4	0	0	0.00	RHB	c Tanishq B b Nikhil Rana	104346	1973340	GTCC - Spring League 2026	12	TENNIS
B	25669315	1	TCF DCC	Teja Kokkula  (wk)	0	1	0	0	0.00	RHB	c Mohit Palkar b Tanishq B	14055267	1973340	GTCC - Spring League 2026	12	TENNIS
B	25669315	1	TCF DCC	Chandan Volkaji	17	29	0	0	58.62	RHB	c Kunal Ghaware b Vishv Chaudhari	31779636	1973340	GTCC - Spring League 2026	12	TENNIS
B	25669315	1	TCF DCC	Gowtham Vemareddy	0	4	0	0	0.00	RHB	c †Mohit Palkar b Vishv Chaudhari	14762600	1973340	GTCC - Spring League 2026	12	TENNIS
B	25669315	1	TCF DCC	Rahush	10	5	0	1	200.00	RHB	c Nikhil Rana b Pratik Udawant	1050410	1973340	GTCC - Spring League 2026	12	TENNIS
B	25669315	1	TCF DCC	Aftab	8	5	0	1	160.00	RHB	b Nikhil Rana	1541269	1973340	GTCC - Spring League 2026	12	TENNIS
B	25669315	1	TCF DCC	Praveen Reddy	7	12	0	0	58.33	LHB	not out	5413093	1973340	GTCC - Spring League 2026	12	TENNIS
B	25669315	1	TCF DCC	Akhil Reddy	0	2	0	0	0.00	RHB	not out	5549928	1973340	GTCC - Spring League 2026	12	TENNIS
W	25669315	1	Maratha Warriors - GTCC	Nikhil Rana	3	0	10	4	12	0	0	0	0	3.33	32554738	1973340	GTCC - Spring League 2026	12	TENNIS
W	25669315	1	Maratha Warriors - GTCC	Tanishq B	2	0	6	1	9	0	0	1	0	3.00	23168646	1973340	GTCC - Spring League 2026	12	TENNIS
W	25669315	1	Maratha Warriors - GTCC	Vishv Chaudhari	3	1	8	2	13	0	0	0	0	2.67	24787292	1973340	GTCC - Spring League 2026	12	TENNIS
W	25669315	1	Maratha Warriors - GTCC	Digil davis	1	0	7	0	2	0	0	0	1	7.00	21961653	1973340	GTCC - Spring League 2026	12	TENNIS
W	25669315	1	Maratha Warriors - GTCC	Pratik Udawant	1	0	15	1	3	0	2	1	0	15.00	31286233	1973340	GTCC - Spring League 2026	12	TENNIS
W	25669315	1	Maratha Warriors - GTCC	Niroop Pulayanoor	2	0	7	0	10	0	0	3	0	3.50	20875581	1973340	GTCC - Spring League 2026	12	TENNIS
B	25669315	2	Maratha Warriors - GTCC	Vishnu Ravi	25	19	5	0	131.58	RHB	c †Teja Kokkula b JayaKrishna Gujjari	21587173	1973340	GTCC - Spring League 2026	12	TENNIS
B	25669315	2	Maratha Warriors - GTCC	Nikhil Rana	8	6	0	1	133.33	RHB	c Rushi Mannepalli b Akhil Reddy	32554738	1973340	GTCC - Spring League 2026	12	TENNIS
B	25669315	2	Maratha Warriors - GTCC	Digil davis	0	2	0	0	0.00	RHB	c Sudheer Aki b Akhil Reddy	21961653	1973340	GTCC - Spring League 2026	12	TENNIS
B	25669315	2	Maratha Warriors - GTCC	Sai Prakash Balamandakottam	11	12	2	0	91.67	RHB	c Abhinay b Gowtham Vemareddy	9729000	1973340	GTCC - Spring League 2026	12	TENNIS
B	25669315	2	Maratha Warriors - GTCC	Mohit Palkar  (wk)	5	6	0	0	83.33	RHB	not out	30088867	1973340	GTCC - Spring League 2026	12	TENNIS
B	25669315	2	Maratha Warriors - GTCC	Niroop Pulayanoor	7	5	0	1	140.00	RHB	c Rushi Mannepalli b Gowtham Vemareddy	20875581	1973340	GTCC - Spring League 2026	12	TENNIS
B	25669315	2	Maratha Warriors - GTCC	Vishv Chaudhari	1	2	0	0	50.00	RHB	not out	24787292	1973340	GTCC - Spring League 2026	12	TENNIS
W	25669315	2	TCF DCC	Akhil Reddy	2	0	13	2	8	1	1	0	0	6.50	5549928	1973340	GTCC - Spring League 2026	12	TENNIS
W	25669315	2	TCF DCC	Praveen Reddy	2	0	21	0	6	5	0	0	0	10.50	5413093	1973340	GTCC - Spring League 2026	12	TENNIS
W	25669315	2	TCF DCC	Gowtham Vemareddy	2.4	0	9	2	11	1	0	0	0	3.38	14762600	1973340	GTCC - Spring League 2026	12	TENNIS
W	25669315	2	TCF DCC	JayaKrishna Gujjari	1	0	4	1	3	0	0	0	0	4.00	1225653	1973340	GTCC - Spring League 2026	12	TENNIS
W	25669315	2	TCF DCC	Sudheer Aki	1	0	10	0	2	0	1	0	0	10.00	14762522	1973340	GTCC - Spring League 2026	12	TENNIS
B	25506877	1	MASK XI	Jatibrata Acharya	29	18	2	2	161.11	RHB	b Nikhil Rana	31908570	1973340	GTCC - Spring League 2026	12	TENNIS
B	25506877	1	MASK XI	Rajeev Mohanan	2	6	0	0	33.33	RHB	c †Harsh Inamdar b Vishv Chaudhari	49944841	1973340	GTCC - Spring League 2026	12	TENNIS
B	25506877	1	MASK XI	Shahrukh Khan	5	12	0	0	41.67	RHB	c Vineesh  M b Ajit Parab	31050554	1973340	GTCC - Spring League 2026	12	TENNIS
B	25506877	1	MASK XI	Ravi Kiran	21	16	0	3	131.25	RHB	c Nikhil Rana b Vishv Chaudhari	42956756	1973340	GTCC - Spring League 2026	12	TENNIS
B	25506877	1	MASK XI	Bibekananda Jena	0	3	0	0	0.00	RHB	c Vineesh  M b Pratik Udawant	15521854	1973340	GTCC - Spring League 2026	12	TENNIS
B	25506877	1	MASK XI	Gyana Padhiary	3	5	0	0	60.00	LHB	c Vishv Chaudhari b Nikhil Rana	5104778	1973340	GTCC - Spring League 2026	12	TENNIS
B	25506877	1	MASK XI	Shashank Mishra  (c)	3	5	0	0	60.00	RHB	b Vishv Chaudhari	15406334	1973340	GTCC - Spring League 2026	12	TENNIS
B	25506877	1	MASK XI	Roshan Tripathy	4	6	0	0	66.67	RHB	not out	15931269	1973340	GTCC - Spring League 2026	12	TENNIS
B	25506877	1	MASK XI	Chaitanya Thangeda	0	0	0	0	0.00	RHB	run out Kunal Ghaware / Pratik Udawant	23290327	1973340	GTCC - Spring League 2026	12	TENNIS
B	25506877	1	MASK XI	Parag	0	1	0	0	0.00	RHB	run out Ajit Parab / Pratik Udawant	3752313	1973340	GTCC - Spring League 2026	12	TENNIS
B	25506877	1	MASK XI	Subham Rout  (wk)	0	0	0	0	0.00	RHB	not out	41248473	1973340	GTCC - Spring League 2026	12	TENNIS
W	25506877	1	Maratha Warriors - GTCC	Nikhil Rana	3	0	20	2	9	1	1	2	0	6.67	32554738	1973340	GTCC - Spring League 2026	12	TENNIS
W	25506877	1	Maratha Warriors - GTCC	Tanishq B	2	0	17	0	5	1	1	1	0	8.50	23168646	1973340	GTCC - Spring League 2026	12	TENNIS
W	25506877	1	Maratha Warriors - GTCC	Vishv Chaudhari	3	0	9	3	12	0	0	1	0	3.00	24787292	1973340	GTCC - Spring League 2026	12	TENNIS
W	25506877	1	Maratha Warriors - GTCC	Ajit Parab	2	0	21	1	8	0	3	2	0	10.50	23168749	1973340	GTCC - Spring League 2026	12	TENNIS
W	25506877	1	Maratha Warriors - GTCC	Pratik Udawant	2	0	7	1	7	0	0	1	0	3.50	31286233	1973340	GTCC - Spring League 2026	12	TENNIS
B	25506877	2	Maratha Warriors - GTCC	Vineesh  M	1	7	0	0	14.29	RHB	c Jatibrata Acharya b Chaitanya Thangeda	27672383	1973340	GTCC - Spring League 2026	12	TENNIS
B	25506877	2	Maratha Warriors - GTCC	Mohit Palkar	21	10	0	3	210.00	RHB	b Chaitanya Thangeda	30088867	1973340	GTCC - Spring League 2026	12	TENNIS
B	25506877	2	Maratha Warriors - GTCC	Vinay Ogirala	0	2	0	0	0.00	RHB	c †Subham Rout b Chaitanya Thangeda	27673726	1973340	GTCC - Spring League 2026	12	TENNIS
B	25506877	2	Maratha Warriors - GTCC	Nikhil Rana	40	15	1	5	266.67	RHB	not out	32554738	1973340	GTCC - Spring League 2026	12	TENNIS
B	25506877	2	Maratha Warriors - GTCC	Kunal Ghaware	8	14	1	0	57.14	RHB	c †Subham Rout b Shahrukh Khan	32815971	1973340	GTCC - Spring League 2026	12	TENNIS
B	25506877	2	Maratha Warriors - GTCC	Pratik Udawant	1	6	0	0	16.67	RHB	b Shahrukh Khan	31286233	1973340	GTCC - Spring League 2026	12	TENNIS
B	25506877	2	Maratha Warriors - GTCC	Vishv Chaudhari	2	3	0	0	66.67	RHB	not out	24787292	1973340	GTCC - Spring League 2026	12	TENNIS
W	25506877	2	MASK XI	Shashank Mishra  (c)	2	0	11	0	8	0	1	2	0	5.50	15406334	1973340	GTCC - Spring League 2026	12	TENNIS
W	25506877	2	MASK XI	Chaitanya Thangeda	3	0	31	3	10	1	4	0	0	10.33	23290327	1973340	GTCC - Spring League 2026	12	TENNIS
W	25506877	2	MASK XI	Shahrukh Khan	3	0	7	2	13	0	0	1	0	2.33	31050554	1973340	GTCC - Spring League 2026	12	TENNIS
W	25506877	2	MASK XI	Bibekananda Jena	1.3	0	29	0	1	1	3	2	0	19.33	15521854	1973340	GTCC - Spring League 2026	12	TENNIS
B	25504450	1	Thunder Strikers	Ronak Patel	25	18	5	0	138.89	RHB	c Jephin Saji b Christo Joy	40650973	1973340	GTCC - Spring League 2026	12	TENNIS
B	25504450	1	Thunder Strikers	Jainam	1	3	0	0	33.33	RHB	b Christo Joy	15997981	1973340	GTCC - Spring League 2026	12	TENNIS
B	25504450	1	Thunder Strikers	Nish patel	30	20	1	3	150.00	RHB	b Abin Mathew	31956115	1973340	GTCC - Spring League 2026	12	TENNIS
B	25504450	1	Thunder Strikers	Chintan Ahir	1	2	0	0	50.00	RHB	c †Abhishek Rathnasingh b Akhil	6269752	1973340	GTCC - Spring League 2026	12	TENNIS
B	25504450	1	Thunder Strikers	Darshit Patel	1	3	0	0	33.33	LHB	c Jephin Saji b Vishnu Nair	27673702	1973340	GTCC - Spring League 2026	12	TENNIS
B	25504450	1	Thunder Strikers	MOHSIN SAIYAD	3	9	0	0	33.33	RHB	c Jackson Ouseph b Christo Joy	22900753	1973340	GTCC - Spring League 2026	12	TENNIS
B	25504450	1	Thunder Strikers	PRATIKKUMAR PATEL	0	0	0	0	0.00	RHB	run out Akhil / Abhishek Rathnasingh	39147590	1973340	GTCC - Spring League 2026	12	TENNIS
B	25504450	1	Thunder Strikers	Neel patel	4	4	1	0	100.00	RHB	c Ashish Shahji b Abin Mathew	32608795	1973340	GTCC - Spring League 2026	12	TENNIS
B	25504450	1	Thunder Strikers	Mitalkumar Patel  (c)	5	10	0	0	50.00	RHB	b Abin Mathew	30057585	1973340	GTCC - Spring League 2026	12	TENNIS
B	25504450	1	Thunder Strikers	Krish Patel	1	1	0	0	100.00	RHB	not out	38660099	1973340	GTCC - Spring League 2026	12	TENNIS
B	25504450	1	Thunder Strikers	Nikhil Jakhar	2	2	0	0	100.00	RHB	not out	30808520	1973340	GTCC - Spring League 2026	12	TENNIS
W	25504450	1	Red Wings	Vishnu Nair	2	0	21	1	6	2	1	3	0	10.50	21754141	1973340	GTCC - Spring League 2026	12	TENNIS
W	25504450	1	Red Wings	Christo Joy  (c)	3	0	17	3	12	0	2	1	0	5.67	30376963	1973340	GTCC - Spring League 2026	12	TENNIS
W	25504450	1	Red Wings	Ashish Shahji	3	0	24	0	10	4	0	1	0	8.00	29592609	1973340	GTCC - Spring League 2026	12	TENNIS
W	25504450	1	Red Wings	Akhil	2	0	9	1	4	0	0	1	0	4.50	30322919	1973340	GTCC - Spring League 2026	12	TENNIS
W	25504450	1	Red Wings	Abin Mathew	2	0	10	3	8	1	0	2	0	5.00	30379080	1973340	GTCC - Spring League 2026	12	TENNIS
B	25504450	2	Red Wings	Jackson Ouseph	25	16	4	1	156.25	RHB	c Neel patel b Nikhil Jakhar	21818163	1973340	GTCC - Spring League 2026	12	TENNIS
B	25504450	2	Red Wings	Vaishnav	14	13	0	1	107.69	RHB	not out	31247987	1973340	GTCC - Spring League 2026	12	TENNIS
B	25504450	2	Red Wings	Abdul	37	14	2	4	264.29	RHB	not out	28445292	1973340	GTCC - Spring League 2026	12	TENNIS
W	25504450	2	Thunder Strikers	Darshit Patel	2	0	31	0	6	3	2	6	0	15.50	27673702	1973340	GTCC - Spring League 2026	12	TENNIS
W	25504450	2	Thunder Strikers	Nish patel	2	0	13	0	4	1	0	1	0	6.50	31956115	1973340	GTCC - Spring League 2026	12	TENNIS
W	25504450	2	Thunder Strikers	Chintan Ahir	1	0	11	0	3	0	1	0	1	11.00	6269752	1973340	GTCC - Spring League 2026	12	TENNIS
W	25504450	2	Thunder Strikers	Nikhil Jakhar	1	0	15	1	2	2	1	0	0	15.00	30808520	1973340	GTCC - Spring League 2026	12	TENNIS
W	25504450	2	Thunder Strikers	Kevin Shah	1	0	15	0	2	0	2	1	0	15.00	515148	1973340	GTCC - Spring League 2026	12	TENNIS
B	25451638	1	Phoenix Youngsters	Prasanth Pillai	20	9	1	2	222.22	RHB	c Parth Patel b Shubham Acharya	27671092	1973340	GTCC - Spring League 2026	12	TENNIS
B	25451638	1	Phoenix Youngsters	Dheeraj Antony Phoenix 2025	23	19	2	1	121.05	RHB	c Kandarp Suthar b Hashpreet Sandhu	39626145	1973340	GTCC - Spring League 2026	12	TENNIS
B	25451638	1	Phoenix Youngsters	Aravind Arun Nair	2	3	0	0	66.67	RHB	run out Karan Patel / Hashpreet Sandhu	14575138	1973340	GTCC - Spring League 2026	12	TENNIS
B	25451638	1	Phoenix Youngsters	Shobith Balakrishnan	40	21	2	3	190.48	RHB	not out	27727065	1973340	GTCC - Spring League 2026	12	TENNIS
B	25451638	1	Phoenix Youngsters	Jim	13	6	1	1	216.67	RHB	c †Ravi Solanki b Himil Patel	22022144	1973340	GTCC - Spring League 2026	12	TENNIS
B	25451638	1	Phoenix Youngsters	Sanjay S	3	5	0	0	60.00	RHB	c †Ravi Solanki b Parth Patel	27671100	1973340	GTCC - Spring League 2026	12	TENNIS
B	25451638	1	Phoenix Youngsters	Jishnu Ravi	5	5	1	0	100.00	RHB	c Kandarp Suthar b Himil Patel	18891880	1973340	GTCC - Spring League 2026	12	TENNIS
B	25451638	1	Phoenix Youngsters	Amal Joy	11	6	2	0	183.33	RHB	c †Ravi Solanki b Hashpreet Sandhu	21089336	1973340	GTCC - Spring League 2026	12	TENNIS
B	25451638	1	Phoenix Youngsters	Christo Joseph  (c)	0	0	0	0	0.00	RHB	not out	30469742	1973340	GTCC - Spring League 2026	12	TENNIS
W	25451638	1	The Tandoori Titans	Shubham Acharya	2	0	28	1	3	1	3	0	0	14.00	41347123	1973340	GTCC - Spring League 2026	12	TENNIS
W	25451638	1	The Tandoori Titans	Kandarp Suthar	3	0	29	0	8	1	2	2	0	9.67	31328000	1973340	GTCC - Spring League 2026	12	TENNIS
W	25451638	1	The Tandoori Titans	Hashpreet Sandhu	3	0	30	2	5	4	0	2	1	10.00	41351955	1973340	GTCC - Spring League 2026	12	TENNIS
W	25451638	1	The Tandoori Titans	Parth Patel	2	0	20	1	5	1	1	3	1	10.00	9962141	1973340	GTCC - Spring League 2026	12	TENNIS
W	25451638	1	The Tandoori Titans	Himil Patel	2	0	23	2	4	2	1	3	0	11.50	41364005	1973340	GTCC - Spring League 2026	12	TENNIS
B	25451638	2	The Tandoori Titans	Parth Patel	31	13	1	3	238.46	LHB	b Jishnu Ravi	9962141	1973340	GTCC - Spring League 2026	12	TENNIS
B	25451638	2	The Tandoori Titans	Kandarp Suthar	5	8	1	0	62.50	RHB	c Aravind Arun Nair b Jishnu Ravi	31328000	1973340	GTCC - Spring League 2026	12	TENNIS
B	25451638	2	The Tandoori Titans	Jay Patel	0	3	0	0	0.00	RHB	c Jobish Jose b Aravind Arun Nair	41652909	1973340	GTCC - Spring League 2026	12	TENNIS
B	25451638	2	The Tandoori Titans	Hashpreet Sandhu	19	14	0	0	135.71	RHB	c Dheeraj Antony Phoenix 2025 b Aravind Arun Nair	41351955	1973340	GTCC - Spring League 2026	12	TENNIS
B	25451638	2	The Tandoori Titans	Himil Patel	20	17	1	0	117.65	LHB	c Shobith Balakrishnan b Arun Raj Somasekharan Nair	41364005	1973340	GTCC - Spring League 2026	12	TENNIS
B	25451638	2	The Tandoori Titans	Vibhash Patel	1	2	0	0	50.00	RHB	c Amal Joy b Aravind Arun Nair	50022891	1973340	GTCC - Spring League 2026	12	TENNIS
B	25451638	2	The Tandoori Titans	Vrushi Patel	26	13	1	2	200.00	RHB	not out	5339085	1973340	GTCC - Spring League 2026	12	TENNIS
B	25451638	2	The Tandoori Titans	Karan Patel	0	2	0	0	0.00	LHB	b Aravind Arun Nair	41407268	1973340	GTCC - Spring League 2026	12	TENNIS
B	25451638	2	The Tandoori Titans	Vignesh	3	1	0	0	300.00	RHB	not out	47833536	1973340	GTCC - Spring League 2026	12	TENNIS
W	25451638	2	Phoenix Youngsters	Aravind Arun Nair	3	0	20	4	10	0	1	4	0	6.67	14575138	1973340	GTCC - Spring League 2026	12	TENNIS
W	25451638	2	Phoenix Youngsters	Jishnu Ravi	2	0	12	2	7	1	0	0	0	6.00	18891880	1973340	GTCC - Spring League 2026	12	TENNIS
W	25451638	2	Phoenix Youngsters	Dheeraj Antony Phoenix 2025	2	0	26	0	3	2	2	1	0	13.00	39626145	1973340	GTCC - Spring League 2026	12	TENNIS
W	25451638	2	Phoenix Youngsters	Jobish Jose	1	0	10	0	1	0	0	1	0	10.00	41882341	1973340	GTCC - Spring League 2026	12	TENNIS
W	25451638	2	Phoenix Youngsters	Arun Raj Somasekharan Nair	2	0	16	1	3	0	0	1	0	8.00	21088621	1973340	GTCC - Spring League 2026	12	TENNIS
W	25451638	2	Phoenix Youngsters	Chemcee	1	0	17	0	2	0	2	0	0	17.00	2676203	1973340	GTCC - Spring League 2026	12	TENNIS
W	25451638	2	Phoenix Youngsters	Christo Joseph  (c)	1	0	12	0	1	1	0	0	1	12.00	30469742	1973340	GTCC - Spring League 2026	12	TENNIS
B	25477415	1	Team Phoenix	Sampath kumar madala  (c)	16	7	2	1	228.57	RHB	c †Gurman Singh b Neeraj Jindal	15283339	1973340	GTCC - Spring League 2026	12	TENNIS
B	25477415	1	Team Phoenix	Abdul Tauseef	0	1	0	0	0.00	RHB	c Tarun jaswal b Neeraj Jindal	45592058	1973340	GTCC - Spring League 2026	12	TENNIS
B	25477415	1	Team Phoenix	Mahendra Pullaganti	0	1	0	0	0.00	RHB	c †Gurman Singh b Neeraj Jindal	29518729	1973340	GTCC - Spring League 2026	12	TENNIS
B	25477415	1	Team Phoenix	Vinod Goud Boyapalli	2	11	0	0	18.18	RHB	c Sukhpreet Singh b Neeraj Jindal	32071427	1973340	GTCC - Spring League 2026	12	TENNIS
B	25477415	1	Team Phoenix	Sujay Shetty	9	8	0	1	112.50	RHB	c †Gurman Singh b Neeraj Jindal	6592436	1973340	GTCC - Spring League 2026	12	TENNIS
B	25477415	1	Team Phoenix	Junaid Khan	12	14	1	0	85.71	RHB	b Akash Bhalla	41651972	1973340	GTCC - Spring League 2026	12	TENNIS
B	25477415	1	Team Phoenix	Tharun kumar Jalli	6	4	0	1	150.00	RHB	b Akash Bhalla	29519121	1973340	GTCC - Spring League 2026	12	TENNIS
B	25477415	1	Team Phoenix	Srujan Gandla	16	14	2	0	114.29	LHB	c Balkar singh b Abhishek Vij	23847345	1973340	GTCC - Spring League 2026	12	TENNIS
B	25477415	1	Team Phoenix	Junaid Jr	14	10	1	0	140.00	RHB	c †Gurman Singh b Abhishek Vij	42515948	1973340	GTCC - Spring League 2026	12	TENNIS
B	25477415	1	Team Phoenix	Uday Sai Reddy	1	2	0	0	50.00	RHB	not out	29479079	1973340	GTCC - Spring League 2026	12	TENNIS
B	25477415	1	Team Phoenix	Deepak Sai Valluru	0	1	0	0	0.00	RHB	c †Gurman Singh b Abhishek Vij	29478648	1973340	GTCC - Spring League 2026	12	TENNIS
W	25477415	1	Whitby warriors	Neeraj Jindal	3	0	17	5	11	1	1	1	0	5.67	50089490	1973340	GTCC - Spring League 2026	12	TENNIS
W	25477415	1	Whitby warriors	Balkar singh	3	0	22	0	9	2	1	0	0	7.33	41693676	1973340	GTCC - Spring League 2026	12	TENNIS
W	25477415	1	Whitby warriors	Sukhpreet Singh	1	0	6	0	4	1	0	1	0	6.00	50096375	1973340	GTCC - Spring League 2026	12	TENNIS
W	25477415	1	Whitby warriors	Akash Bhalla  (c)	2	0	14	2	6	0	1	1	0	7.00	10133419	1973340	GTCC - Spring League 2026	12	TENNIS
W	25477415	1	Whitby warriors	Tarun jaswal	2	0	21	0	3	2	0	2	1	10.50	30147776	1973340	GTCC - Spring League 2026	12	TENNIS
W	25477415	1	Whitby warriors	Abhishek Vij	1	0	4	3	4	0	0	1	0	4.00	30087208	1973340	GTCC - Spring League 2026	12	TENNIS
B	25477415	2	Whitby warriors	Pulkit Malhotra	15	14	1	0	107.14	RHB	run out Abdul Tauseef	30168192	1973340	GTCC - Spring League 2026	12	TENNIS
B	25477415	2	Whitby warriors	Gurman Singh	9	4	2	0	225.00	LHB	c †Sampath kumar madala b Abdul Tauseef	50071259	1973340	GTCC - Spring League 2026	12	TENNIS
B	25477415	2	Whitby warriors	Abhinandan Sathyanarayan	10	19	0	0	52.63	RHB	c Sujay Shetty b Srujan Gandla	30087211	1973340	GTCC - Spring League 2026	12	TENNIS
B	25477415	2	Whitby warriors	Neeraj Jindal	0	1	0	0	0.00	RHB	c Sujay Shetty b Uday Sai Reddy	50089490	1973340	GTCC - Spring League 2026	12	TENNIS
B	25477415	2	Whitby warriors	Tarun jaswal	12	9	0	1	133.33	RHB	c Deepak Sai Valluru b Srikanth Kommineni	30147776	1973340	GTCC - Spring League 2026	12	TENNIS
B	25477415	2	Whitby warriors	Harmanpreet Singh	8	10	1	0	80.00	RHB	c Uday Sai Reddy b Abdul Tauseef	50094181	1973340	GTCC - Spring League 2026	12	TENNIS
B	25477415	2	Whitby warriors	Rajiv Mishra	0	1	0	0	0.00	RHB	b Srikanth Kommineni	50068951	1973340	GTCC - Spring League 2026	12	TENNIS
B	25477415	2	Whitby warriors	Balkar singh	12	8	1	1	150.00	RHB	c Srikanth Kommineni b Srujan Gandla	41693676	1973340	GTCC - Spring League 2026	12	TENNIS
B	25477415	2	Whitby warriors	Sukhpreet Singh	0	1	0	0	0.00	RHB	run out Tharun kumar Jalli / Sampath kumar madala	50096375	1973340	GTCC - Spring League 2026	12	TENNIS
B	25477415	2	Whitby warriors	Saksham Arora	7	4	1	0	175.00	LHB	run out Abdul Tauseef / Sampath kumar madala	40779668	1973340	GTCC - Spring League 2026	12	TENNIS
B	25477415	2	Whitby warriors	Akash Bhalla  (c)	0	1	0	0	0.00	RHB	not out	10133419	1973340	GTCC - Spring League 2026	12	TENNIS
W	25477415	2	Team Phoenix	Uday Sai Reddy	2	0	21	1	3	2	1	0	0	10.50	29479079	1973340	GTCC - Spring League 2026	12	TENNIS
W	25477415	2	Team Phoenix	Abdul Tauseef	3	0	19	2	10	2	0	2	0	6.33	45592058	1973340	GTCC - Spring League 2026	12	TENNIS
W	25477415	2	Team Phoenix	Srujan Gandla	3	1	12	2	13	0	1	1	0	4.00	23847345	1973340	GTCC - Spring League 2026	12	TENNIS
W	25477415	2	Team Phoenix	Junaid Khan	2	0	15	0	4	1	0	3	0	7.50	41651972	1973340	GTCC - Spring League 2026	12	TENNIS
W	25477415	2	Team Phoenix	Srikanth Kommineni	2	0	13	2	4	1	0	1	0	6.50	29518721	1973340	GTCC - Spring League 2026	12	TENNIS
B	24327361	1	Maratha Warriors - GTCC	Nikhil Rana	62	25	4	7	248.00	RHB	c Rafath Kazmi b Zeeshan Mirza	32554738	1973340	GTCC - Spring League 2026	12	TENNIS
B	24327361	1	Maratha Warriors - GTCC	Josmy Manuel	11	11	0	1	100.00	RHB	c Askari Hasan b Salman Mirza	20873909	1973340	GTCC - Spring League 2026	12	TENNIS
B	24327361	1	Maratha Warriors - GTCC	Vineesh  M	16	9	2	1	177.78	RHB	retired hurt	27672383	1973340	GTCC - Spring League 2026	12	TENNIS
B	24327361	1	Maratha Warriors - GTCC	Digil davis	62	17	0	10	364.71	RHB	c Husbaan  b Amir Walajahi	21961653	1973340	GTCC - Spring League 2026	12	TENNIS
B	24327361	1	Maratha Warriors - GTCC	Vinay Ogirala	8	6	1	0	133.33	RHB	c Amir Walajahi b Husbaan 	27673726	1973340	GTCC - Spring League 2026	12	TENNIS
B	24327361	1	Maratha Warriors - GTCC	Shantanu VedePatil	0	1	0	0	0.00	RHB	b Amir Walajahi	32590912	1973340	GTCC - Spring League 2026	12	TENNIS
B	24327361	1	Maratha Warriors - GTCC	Mangesh p	1	3	0	0	33.33	RHB	not out	23041375	1973340	GTCC - Spring League 2026	12	TENNIS
B	24327361	1	Maratha Warriors - GTCC	Vishv Chaudhari	4	1	1	0	400.00	RHB	not out	24787292	1973340	GTCC - Spring League 2026	12	TENNIS
W	24327361	1	DesiBoyz CC	Akber Hassan Syed	2	0	22	0	6	2	2	0	0	11.00	49913221	1973340	GTCC - Spring League 2026	12	TENNIS
W	24327361	1	DesiBoyz CC	Rafath Kazmi	2	0	28	0	4	2	2	2	1	14.00	49943024	1973340	GTCC - Spring League 2026	12	TENNIS
W	24327361	1	DesiBoyz CC	Amir Walajahi	2	0	20	2	6	1	2	0	0	10.00	49940875	1973340	GTCC - Spring League 2026	12	TENNIS
W	24327361	1	DesiBoyz CC	Salman Mirza	1	0	19	1	3	0	3	1	0	19.00	49940992	1973340	GTCC - Spring League 2026	12	TENNIS
W	24327361	1	DesiBoyz CC	Zeeshan Mirza	1	0	17	1	2	1	2	0	0	17.00	49940897	1973340	GTCC - Spring League 2026	12	TENNIS
W	24327361	1	DesiBoyz CC	Kazim Zaidi	1	0	31	0	0	0	5	0	0	31.00	41870563	1973340	GTCC - Spring League 2026	12	TENNIS
W	24327361	1	DesiBoyz CC	Husbaan 	2	0	15	1	6	2	0	3	0	7.50	49941320	1973340	GTCC - Spring League 2026	12	TENNIS
W	24327361	1	DesiBoyz CC	Irfan Mirza	1	0	19	0	2	0	3	0	0	19.00	49943491	1973340	GTCC - Spring League 2026	12	TENNIS
B	24327361	2	DesiBoyz CC	Moe Ali  (c)	1	1	0	0	100.00	RHB	run out Vishv Chaudhari / Digil davis	49885150	1973340	GTCC - Spring League 2026	12	TENNIS
B	24327361	2	DesiBoyz CC	Syed Raza Abbas Abedi	3	11	0	0	27.27	LHB	b Vishv Chaudhari	49941069	1973340	GTCC - Spring League 2026	12	TENNIS
B	24327361	2	DesiBoyz CC	Amir Walajahi	10	12	0	1	83.33	RHB	c Vishv Chaudhari b Nikhil Rana	49940875	1973340	GTCC - Spring League 2026	12	TENNIS
B	24327361	2	DesiBoyz CC	Husbaan 	55	26	2	6	211.54	RHB	b Nikhil Rana	49941320	1973340	GTCC - Spring League 2026	12	TENNIS
B	24327361	2	DesiBoyz CC	Akber Hassan Syed	11	6	0	1	183.33	RHB	run out Mangesh p / Digil davis	49913221	1973340	GTCC - Spring League 2026	12	TENNIS
B	24327361	2	DesiBoyz CC	Askari Hasan	8	6	0	1	133.33	RHB	b Vinay Ogirala	49940879	1973340	GTCC - Spring League 2026	12	TENNIS
B	24327361	2	DesiBoyz CC	Irfan Mirza	7	3	0	1	233.33	RHB	not out	49943491	1973340	GTCC - Spring League 2026	12	TENNIS
B	24327361	2	DesiBoyz CC	Zeeshan Mirza	1	2	0	0	50.00	RHB	b Vinay Ogirala	49940897	1973340	GTCC - Spring League 2026	12	TENNIS
B	24327361	2	DesiBoyz CC	Kazim Zaidi	6	5	1	0	120.00	RHB	not out	41870563	1973340	GTCC - Spring League 2026	12	TENNIS
W	24327361	2	Maratha Warriors - GTCC	Ajit Parab	2	0	10	0	8	0	1	1	0	5.00	23168749	1973340	GTCC - Spring League 2026	12	TENNIS
W	24327361	2	Maratha Warriors - GTCC	Vishv Chaudhari	2	0	7	1	8	0	0	1	0	3.50	24787292	1973340	GTCC - Spring League 2026	12	TENNIS
W	24327361	2	Maratha Warriors - GTCC	Nikhil Rana	3	0	23	2	7	0	2	1	0	7.67	32554738	1973340	GTCC - Spring League 2026	12	TENNIS
W	24327361	2	Maratha Warriors - GTCC	Digil davis	2	0	38	0	2	2	4	2	0	19.00	21961653	1973340	GTCC - Spring League 2026	12	TENNIS
W	24327361	2	Maratha Warriors - GTCC	Josmy Manuel	1	0	15	0	1	0	2	0	0	15.00	20873909	1973340	GTCC - Spring League 2026	12	TENNIS
W	24327361	2	Maratha Warriors - GTCC	Vinay Ogirala	2	0	16	2	6	1	1	1	0	8.00	27673726	1973340	GTCC - Spring League 2026	12	TENNIS
B	24557641	1	Peterborough Tuskers	Anoop Roy	10	10	0	1	100.00	LHB	b Manu Rajan	31748022	1973340	GTCC - Spring League 2026	12	TENNIS
B	24557641	1	Peterborough Tuskers	Sebin Siby (Zebatti)	34	19	2	3	178.95	RHB	c †JIBIN b Mohamed Muhsin	31748015	1973340	GTCC - Spring League 2026	12	TENNIS
B	24557641	1	Peterborough Tuskers	Thanzeel Thayyil	52	23	3	4	226.09	RHB	not out	18628206	1973340	GTCC - Spring League 2026	12	TENNIS
B	24557641	1	Peterborough Tuskers	Alen Franklin  (c)	33	17	2	3	194.12	RHB	c †JIBIN b Milton p mathew	31748023	1973340	GTCC - Spring League 2026	12	TENNIS
B	24557641	1	Peterborough Tuskers	Eapen Jacob	0	1	0	0	0.00	RHB	c Manu Rajan b Vishal Sharma	31748016	1973340	GTCC - Spring League 2026	12	TENNIS
B	24557641	1	Peterborough Tuskers	Lebin Nelson	5	3	0	0	166.67	LHB	run out Sachin William / Vishal Sharma	31748019	1973340	GTCC - Spring League 2026	12	TENNIS
W	24557641	1	Markham Challengers-GTCC	Vishal Sharma	3	0	21	1	8	0	1	1	0	7.00	50639638	1973340	GTCC - Spring League 2026	12	TENNIS
W	24557641	1	Markham Challengers-GTCC	Mohamed Muhsin	2	0	14	1	6	1	1	0	0	7.00	14452372	1973340	GTCC - Spring League 2026	12	TENNIS
W	24557641	1	Markham Challengers-GTCC	Manu Rajan	2	0	36	1	3	1	4	3	0	18.00	23101507	1973340	GTCC - Spring League 2026	12	TENNIS
W	24557641	1	Markham Challengers-GTCC	Nithin Eldho	1	0	26	0	0	2	2	2	0	26.00	9333253	1973340	GTCC - Spring League 2026	12	TENNIS
W	24557641	1	Markham Challengers-GTCC	Gokulraj Venugopal  (c)	1	0	8	0	1	1	0	0	0	8.00	16136970	1973340	GTCC - Spring League 2026	12	TENNIS
W	24557641	1	Markham Challengers-GTCC	Milton p mathew	2	0	24	1	2	1	2	1	0	12.00	31969836	1973340	GTCC - Spring League 2026	12	TENNIS
W	24557641	1	Markham Challengers-GTCC	JIBIN	1	0	13	0	2	1	1	0	1	13.00	9386022	1973340	GTCC - Spring League 2026	12	TENNIS
B	24557641	2	Markham Challengers-GTCC	Sachin William	2	6	0	0	33.33	RHB	b Dilin George	21503006	1973340	GTCC - Spring League 2026	12	TENNIS
B	24557641	2	Markham Challengers-GTCC	sebin mathew	1	3	0	0	33.33	RHB	b Dilin George	50639978	1973340	GTCC - Spring League 2026	12	TENNIS
B	24557641	2	Markham Challengers-GTCC	JIBIN  (wk)	14	8	0	2	175.00	RHB	c Thanzeel Thayyil b Alen Franklin	9386022	1973340	GTCC - Spring League 2026	12	TENNIS
B	24557641	2	Markham Challengers-GTCC	Milton p mathew	28	20	1	3	140.00	RHB	not out	31969836	1973340	GTCC - Spring League 2026	12	TENNIS
B	24557641	2	Markham Challengers-GTCC	SHEFFIN MOIDEEN	14	12	0	1	116.67	RHB	c Thanzeel Thayyil b Anandhu Nair	8295773	1973340	GTCC - Spring League 2026	12	TENNIS
B	24557641	2	Markham Challengers-GTCC	Mohamed Muhsin	2	4	0	0	50.00	RHB	c †JAMES b Sebin Siby (Zebatti)	14452372	1973340	GTCC - Spring League 2026	12	TENNIS
B	24557641	2	Markham Challengers-GTCC	Manu Rajan	8	5	0	1	160.00	RHB	c Alen Franklin b Ananthu Krishna	23101507	1973340	GTCC - Spring League 2026	12	TENNIS
B	24557641	2	Markham Challengers-GTCC	Gokulraj Venugopal  (c)	30	15	2	3	200.00	RHB	not out	16136970	1973340	GTCC - Spring League 2026	12	TENNIS
W	24557641	2	Peterborough Tuskers	Dilin George	3	1	9	2	13	0	0	2	1	3.00	31748024	1973340	GTCC - Spring League 2026	12	TENNIS
W	24557641	2	Peterborough Tuskers	Alen Franklin  (c)	2	0	21	1	5	0	2	3	0	10.50	31748023	1973340	GTCC - Spring League 2026	12	TENNIS
W	24557641	2	Peterborough Tuskers	Sebin Siby (Zebatti)	3	0	36	1	8	0	5	1	0	12.00	31748015	1973340	GTCC - Spring League 2026	12	TENNIS
W	24557641	2	Peterborough Tuskers	Anandhu Nair	1	0	5	1	2	0	0	0	0	5.00	8815372	1973340	GTCC - Spring League 2026	12	TENNIS
W	24557641	2	Peterborough Tuskers	Ananthu Krishna	2	0	23	1	6	1	2	4	0	11.50	42314455	1973340	GTCC - Spring League 2026	12	TENNIS
W	24557641	2	Peterborough Tuskers	Sinoy Joseph	1	0	16	0	1	2	1	0	0	16.00	31748014	1973340	GTCC - Spring League 2026	12	TENNIS
B	24327353	1	PYO13	Dev Sardar	0	1	0	0	0.00	RHB	c Jaskaran  b Parbjot Singh Aulakh	11402008	1973340	GTCC - Spring League 2026	12	TENNIS
B	24327353	1	PYO13	Prince  (c)	2	3	0	0	66.67	RHB	c †Vikram Singh b Lovepreet Khosa	23202334	1973340	GTCC - Spring League 2026	12	TENNIS
B	24327353	1	PYO13	Ravi	90	39	5	9	230.77	RHB	not out	1153446	1973340	GTCC - Spring League 2026	12	TENNIS
B	24327353	1	PYO13	Jaimin Kapdi	0	3	0	0	0.00	RHB	c Bikramjeet singh b Amritpal  Singh	39359870	1973340	GTCC - Spring League 2026	12	TENNIS
B	24327353	1	PYO13	Appu G	1	2	0	0	50.00	RHB	c Amrit Amrit b Ashu Sharma	50020845	1973340	GTCC - Spring League 2026	12	TENNIS
B	24327353	1	PYO13	Kushal Desai	18	11	1	2	163.64	RHB	c †Vikram Singh b Gurwinder Toor	31956726	1973340	GTCC - Spring League 2026	12	TENNIS
B	24327353	1	PYO13	Muhammad Bilal Munir	7	5	0	1	140.00	RHB	c †Vikram Singh b Amritpal  Singh	41772649	1973340	GTCC - Spring League 2026	12	TENNIS
B	24327353	1	PYO13	Dhruvik Gogna	8	8	0	1	100.00	RHB	not out	23202313	1973340	GTCC - Spring League 2026	12	TENNIS
W	24327353	1	Royal Punjab	Amritpal  Singh	3	0	32	2	8	1	3	1	0	10.67	41127556	1973340	GTCC - Spring League 2026	12	TENNIS
W	24327353	1	Royal Punjab	Parbjot Singh Aulakh	2	0	24	1	5	2	2	1	0	12.00	41091824	1973340	GTCC - Spring League 2026	12	TENNIS
W	24327353	1	Royal Punjab	Lovepreet Khosa	3	0	31	1	9	1	3	2	0	10.33	41122178	1973340	GTCC - Spring League 2026	12	TENNIS
W	24327353	1	Royal Punjab	Ashu Sharma	1.3	0	8	1	6	0	1	0	0	5.33	41099374	1973340	GTCC - Spring League 2026	12	TENNIS
W	24327353	1	Royal Punjab	Jugraj Singh	0.3	0	7	0	1	0	1	0	0	14.00	41127561	1973340	GTCC - Spring League 2026	12	TENNIS
W	24327353	1	Royal Punjab	Gurwinder Toor	1	0	13	1	3	1	1	2	0	13.00	31489988	1973340	GTCC - Spring League 2026	12	TENNIS
W	24327353	1	Royal Punjab	Amrit Amrit	1	0	20	0	2	1	2	3	0	20.00	41671523	1973340	GTCC - Spring League 2026	12	TENNIS
B	24327353	2	Royal Punjab	Prince	36	15	4	3	240.00	RHB	b Dev Sardar	23012388	1973340	GTCC - Spring League 2026	12	TENNIS
B	24327353	2	Royal Punjab	Jaskaran 	5	6	1	0	83.33	RHB	b Dev Sardar	39251673	1973340	GTCC - Spring League 2026	12	TENNIS
B	24327353	2	Royal Punjab	Gurwinder Toor	43	26	2	4	165.38	LHB	c Dharmik Patel b Jaimin Kapdi	31489988	1973340	GTCC - Spring League 2026	12	TENNIS
B	24327353	2	Royal Punjab	Bikramjeet singh	14	10	1	1	140.00	RHB	c Dharmik Patel b Kushal Desai	41099524	1973340	GTCC - Spring League 2026	12	TENNIS
B	24327353	2	Royal Punjab	Lovepreet Khosa	14	11	0	1	127.27	RHB	c Jaimin Kapdi b Kushal Desai	41122178	1973340	GTCC - Spring League 2026	12	TENNIS
B	24327353	2	Royal Punjab	Amrit Amrit	0	2	0	0	0.00	RHB	c Appu G b Ravi	41671523	1973340	GTCC - Spring League 2026	12	TENNIS
B	24327353	2	Royal Punjab	Vikram Singh	1	3	0	0	33.33	RHB	not out	41170578	1973340	GTCC - Spring League 2026	12	TENNIS
B	24327353	2	Royal Punjab	Jasandeep Jasandeep  (c)	0	1	0	0	0.00	RHB	c Dharmik Patel b Jaimin Kapdi	41089636	1973340	GTCC - Spring League 2026	12	TENNIS
W	24327353	2	PYO13	Muhammad Bilal Munir	2	0	28	0	4	3	2	1	0	14.00	41772649	1973340	GTCC - Spring League 2026	12	TENNIS
W	24327353	2	PYO13	Dev Sardar	3	0	37	2	10	3	2	7	1	12.33	11402008	1973340	GTCC - Spring League 2026	12	TENNIS
W	24327353	2	PYO13	Ravi	3	0	19	1	8	1	0	0	1	6.33	1153446	1973340	GTCC - Spring League 2026	12	TENNIS
W	24327353	2	PYO13	Jaimin Kapdi	2	0	28	2	6	0	4	1	0	14.00	39359870	1973340	GTCC - Spring League 2026	12	TENNIS
W	24327353	2	PYO13	Kushal Desai	2	0	15	2	7	1	1	2	0	7.50	31956726	1973340	GTCC - Spring League 2026	12	TENNIS
B	25327606	1	TRAILBLAZERS GTCC	Bharath Reddy	4	6	1	0	66.67	RHB	c AsRar RaHman b Mohammed Emad	5949924	1973340	GTCC - Spring League 2026	12	TENNIS
B	25327606	1	TRAILBLAZERS GTCC	Santosh Cheruku	0	2	0	0	0.00	RHB	b Mohammed Salman	15282824	1973340	GTCC - Spring League 2026	12	TENNIS
B	25327606	1	TRAILBLAZERS GTCC	Varun Jampani  (wk)	29	19	2	2	152.63	RHB	c Irfan Mohammed b Sam	15282785	1973340	GTCC - Spring League 2026	12	TENNIS
B	25327606	1	TRAILBLAZERS GTCC	Abhishek Chennamaneni	7	11	0	0	63.64	RHB	b Sam	2982610	1973340	GTCC - Spring League 2026	12	TENNIS
B	25327606	1	TRAILBLAZERS GTCC	Dinesh k	3	5	0	0	60.00	RHB	c Mohammed Emad b Irfan Mohammed	15283122	1973340	GTCC - Spring League 2026	12	TENNIS
B	25327606	1	TRAILBLAZERS GTCC	Kareem	20	20	2	1	100.00	RHB	run out Mir Mujahed Ali / Irfan Mohammed	15699053	1973340	GTCC - Spring League 2026	12	TENNIS
B	25327606	1	TRAILBLAZERS GTCC	Phani  (c)	6	7	0	0	85.71	RHB	retired hurt	132317	1973340	GTCC - Spring League 2026	12	TENNIS
B	25327606	1	TRAILBLAZERS GTCC	Harish Pannala(TPG)	4	2	1	0	200.00	RHB	not out	3052877	1973340	GTCC - Spring League 2026	12	TENNIS
B	25327606	1	TRAILBLAZERS GTCC	Mahesh Pillai	0	0	0	0	0.00	RHB	not out	23600180	1973340	GTCC - Spring League 2026	12	TENNIS
W	25327606	1	Downtown Hunterz	Mohammed Emad	2	0	6	1	9	1	0	0	0	3.00	31856679	1973340	GTCC - Spring League 2026	12	TENNIS
W	25327606	1	Downtown Hunterz	Mohammed Salman	2	0	16	1	5	1	0	2	0	8.00	41768685	1973340	GTCC - Spring League 2026	12	TENNIS
W	25327606	1	Downtown Hunterz	Sam	3	0	19	2	8	0	1	0	0	6.33	42529904	1973340	GTCC - Spring League 2026	12	TENNIS
W	25327606	1	Downtown Hunterz	Mir Mujahed Ali	1	0	10	0	4	1	1	0	0	10.00	41497900	1973340	GTCC - Spring League 2026	12	TENNIS
W	25327606	1	Downtown Hunterz	Irfan Mohammed	3	0	21	1	10	2	1	1	0	7.00	15608701	1973340	GTCC - Spring League 2026	12	TENNIS
W	25327606	1	Downtown Hunterz	Hassan khulaidi	1	0	6	0	3	1	0	0	0	6.00	31856676	1973340	GTCC - Spring League 2026	12	TENNIS
B	25327606	2	Downtown Hunterz	Hassan khulaidi	2	3	0	0	66.67	RHB	c †Pardhu Madarapu b Abhishek Chennamaneni	31856676	1973340	GTCC - Spring League 2026	12	TENNIS
B	25327606	2	Downtown Hunterz	MOHAMMED MANNAN ALI	28	17	2	2	164.71	RHB	not out	41759501	1973340	GTCC - Spring League 2026	12	TENNIS
B	25327606	2	Downtown Hunterz	Irfan Mohammed	22	10	0	3	220.00	RHB	c Harish Pannala(TPG) b Abhishek Chennamaneni	15608701	1973340	GTCC - Spring League 2026	12	TENNIS
B	25327606	2	Downtown Hunterz	Mohammed Khulaidi	9	8	1	0	112.50	RHB	c †Varun Jampani b Pardhu Madarapu	31096973	1973340	GTCC - Spring League 2026	12	TENNIS
B	25327606	2	Downtown Hunterz	AsRar RaHman  (c)	24	4	0	4	600.00	RHB	not out	42406798	1973340	GTCC - Spring League 2026	12	TENNIS
W	25327606	2	TRAILBLAZERS GTCC	Harish Pannala(TPG)	2	0	27	0	3	2	2	2	0	13.50	3052877	1973340	GTCC - Spring League 2026	12	TENNIS
W	25327606	2	TRAILBLAZERS GTCC	Abhishek Chennamaneni	2	0	18	2	5	0	2	0	0	9.00	2982610	1973340	GTCC - Spring League 2026	12	TENNIS
W	25327606	2	TRAILBLAZERS GTCC	Mahesh Pillai	1	0	9	0	1	1	0	1	0	9.00	23600180	1973340	GTCC - Spring League 2026	12	TENNIS
W	25327606	2	TRAILBLAZERS GTCC	Vinit B	1	0	11	0	2	0	1	1	0	11.00	15282968	1973340	GTCC - Spring League 2026	12	TENNIS
W	25327606	2	TRAILBLAZERS GTCC	Pardhu Madarapu	1	0	27	1	2	0	4	3	0	27.00	15282834	1973340	GTCC - Spring League 2026	12	TENNIS
B	25331674	1	Whitby Thunderbolts Gtcc hard tennis	Tarun Pothugunta	1	2	0	0	50.00	RHB	c Tharun kumar Jalli b Junaid Khan	9729024	1973340	GTCC - Spring League 2026	12	TENNIS
B	25331674	1	Whitby Thunderbolts Gtcc hard tennis	Sai Sharan Pandramish	2	4	0	0	50.00	RHB	c Srikanth Kommineni b Uday Sai Reddy	23646490	1973340	GTCC - Spring League 2026	12	TENNIS
B	25331674	1	Whitby Thunderbolts Gtcc hard tennis	Junaid Usmani	6	4	0	1	150.00	RHB	b Uday Sai Reddy	15998322	1973340	GTCC - Spring League 2026	12	TENNIS
B	25331674	1	Whitby Thunderbolts Gtcc hard tennis	Sheshasai Kankipati	1	4	0	0	25.00	RHB	c †Sampath kumar madala b Uday Sai Reddy	9202209	1973340	GTCC - Spring League 2026	12	TENNIS
B	25331674	1	Whitby Thunderbolts Gtcc hard tennis	Srinivasu.K	6	8	0	0	75.00	RHB	c Srikanth Kommineni b Srujan Gandla	2620753	1973340	GTCC - Spring League 2026	12	TENNIS
B	25331674	1	Whitby Thunderbolts Gtcc hard tennis	Vishnu Pothugunta	14	15	2	0	93.33	RHB	c †Sampath kumar madala b Abdul Tauseef	19614396	1973340	GTCC - Spring League 2026	12	TENNIS
B	25331674	1	Whitby Thunderbolts Gtcc hard tennis	Dileep Nannore	14	15	1	1	93.33	RHB	b Uday Sai Reddy	15992998	1973340	GTCC - Spring League 2026	12	TENNIS
B	25331674	1	Whitby Thunderbolts Gtcc hard tennis	Naren C	2	4	0	0	50.00	RHB	c&b Srikanth Kommineni	24254648	1973340	GTCC - Spring League 2026	12	TENNIS
B	25331674	1	Whitby Thunderbolts Gtcc hard tennis	RamaRao Boyapati  (c)	19	9	2	1	211.11	RHB	run out † Sampath kumar madala / Srikanth Kommineni	24281581	1973340	GTCC - Spring League 2026	12	TENNIS
B	25331674	1	Whitby Thunderbolts Gtcc hard tennis	Anekh Reddy	4	8	0	0	50.00	RHB	not out	30154781	1973340	GTCC - Spring League 2026	12	TENNIS
W	25331674	1	Team Phoenix	Uday Sai Reddy	3	0	21	4	9	3	0	2	0	7.00	29479079	1973340	GTCC - Spring League 2026	12	TENNIS
W	25331674	1	Team Phoenix	Junaid Khan	2	0	17	1	5	1	1	1	0	8.50	41651972	1973340	GTCC - Spring League 2026	12	TENNIS
W	25331674	1	Team Phoenix	Srujan Gandla	3	1	10	1	11	0	0	1	1	3.33	23847345	1973340	GTCC - Spring League 2026	12	TENNIS
W	25331674	1	Team Phoenix	Abdul Tauseef	2	0	10	1	8	0	1	0	0	5.00	45592058	1973340	GTCC - Spring League 2026	12	TENNIS
W	25331674	1	Team Phoenix	Srikanth Kommineni	2	0	17	1	6	1	1	1	0	8.50	29518721	1973340	GTCC - Spring League 2026	12	TENNIS
B	25331674	2	Team Phoenix	Sujay Shetty	52	26	2	6	200.00	RHB	not out	6592436	1973340	GTCC - Spring League 2026	12	TENNIS
B	25331674	2	Team Phoenix	Tharun kumar Jalli	15	13	1	1	115.38	RHB	retired hurt	29519121	1973340	GTCC - Spring League 2026	12	TENNIS
B	25331674	2	Team Phoenix	Kotesh Chappidi	4	6	0	0	66.67	RHB	c Anekh Reddy b Srinivasu.K	29477714	1973340	GTCC - Spring League 2026	12	TENNIS
B	25331674	2	Team Phoenix	Uday Sai Reddy	4	3	1	0	133.33	RHB	not out	29479079	1973340	GTCC - Spring League 2026	12	TENNIS
W	25331674	2	Whitby Thunderbolts Gtcc hard tennis	Kiran Chigiri	2	0	18	0	5	0	2	0	0	9.00	22537910	1973340	GTCC - Spring League 2026	12	TENNIS
W	25331674	2	Whitby Thunderbolts Gtcc hard tennis	RamaRao Boyapati  (c)	2	0	18	0	7	1	2	0	0	9.00	24281581	1973340	GTCC - Spring League 2026	12	TENNIS
W	25331674	2	Whitby Thunderbolts Gtcc hard tennis	Naren C	2	0	9	0	6	1	0	0	0	4.50	24254648	1973340	GTCC - Spring League 2026	12	TENNIS
W	25331674	2	Whitby Thunderbolts Gtcc hard tennis	Vishnu Pothugunta	1	0	24	0	0	1	3	0	0	24.00	19614396	1973340	GTCC - Spring League 2026	12	TENNIS
W	25331674	2	Whitby Thunderbolts Gtcc hard tennis	Srinivasu.K	1	0	6	1	4	1	0	0	0	6.00	2620753	1973340	GTCC - Spring League 2026	12	TENNIS
B	25324264	1	Phoenix Youngsters	Prasanth Pillai	5	7	1	0	71.43	RHB	b Abhi b	27671092	1973340	GTCC - Spring League 2026	12	TENNIS
B	25324264	1	Phoenix Youngsters	Sanjay S	5	6	0	0	83.33	RHB	c Manu Chowdary b Abhi b	27671100	1973340	GTCC - Spring League 2026	12	TENNIS
B	25324264	1	Phoenix Youngsters	Christo Joseph	0	1	0	0	0.00	RHB	b Abhi b	30469742	1973340	GTCC - Spring League 2026	12	TENNIS
B	25324264	1	Phoenix Youngsters	Anu Krishnan	0	1	0	0	0.00	RHB	c Avinash b Abhi b	9017665	1973340	GTCC - Spring League 2026	12	TENNIS
B	25324264	1	Phoenix Youngsters	Shobith Balakrishnan	27	18	2	2	150.00	RHB	c Avinash b Kishore Nomula	27727065	1973340	GTCC - Spring League 2026	12	TENNIS
B	25324264	1	Phoenix Youngsters	Jim	25	18	1	1	138.89	RHB	not out	22022144	1973340	GTCC - Spring League 2026	12	TENNIS
B	25324264	1	Phoenix Youngsters	Chemcee	1	3	0	0	33.33	RHB	c&b Kishore Nomula	2676203	1973340	GTCC - Spring League 2026	12	TENNIS
B	25324264	1	Phoenix Youngsters	Akhil Mathew	6	11	0	0	54.55	RHB	c Kishore Nomula b Aravind Reddy	21845898	1973340	GTCC - Spring League 2026	12	TENNIS
B	25324264	1	Phoenix Youngsters	Arun Raj Somasekharan Nair	4	2	1	0	200.00	RHB	c Ganesh b Aravind Reddy	21088621	1973340	GTCC - Spring League 2026	12	TENNIS
B	25324264	1	Phoenix Youngsters	Ditto Jose  (c)	3	5	0	0	60.00	RHB	not out	27671072	1973340	GTCC - Spring League 2026	12	TENNIS
W	25324264	1	Deccan Avengers	Saikiran Thota	2	0	11	0	6	1	0	0	0	5.50	30683435	1973340	GTCC - Spring League 2026	12	TENNIS
W	25324264	1	Deccan Avengers	Abhi b	3	0	25	4	9	2	1	2	0	8.33	22916114	1973340	GTCC - Spring League 2026	12	TENNIS
W	25324264	1	Deccan Avengers	Ganesh	2	0	17	0	3	1	1	0	0	8.50	23100592	1973340	GTCC - Spring League 2026	12	TENNIS
W	25324264	1	Deccan Avengers	Aravind Reddy	2	0	17	2	6	1	1	3	0	8.50	22879367	1973340	GTCC - Spring League 2026	12	TENNIS
W	25324264	1	Deccan Avengers	Kishore Nomula	3	0	12	2	8	0	0	1	0	4.00	39217424	1973340	GTCC - Spring League 2026	12	TENNIS
B	25324264	2	Deccan Avengers	Harjeet Maan	18	9	2	1	200.00	LHB	b Anu Krishnan	39512592	1973340	GTCC - Spring League 2026	12	TENNIS
B	25324264	2	Deccan Avengers	Sai charan	0	2	0	0	0.00	RHB	b Ditto Jose	31253860	1973340	GTCC - Spring League 2026	12	TENNIS
B	25324264	2	Deccan Avengers	Manu Chowdary	1	3	0	0	33.33	RHB	b Anu Krishnan	31933873	1973340	GTCC - Spring League 2026	12	TENNIS
B	25324264	2	Deccan Avengers	Jagan Reddy	48	28	1	5	171.43	RHB	not out	22935651	1973340	GTCC - Spring League 2026	12	TENNIS
B	25324264	2	Deccan Avengers	Avinash  (c)	7	6	0	1	116.67	RHB	c Prasanth Pillai b Arun Raj Somasekharan Nair	30683148	1973340	GTCC - Spring League 2026	12	TENNIS
B	25324264	2	Deccan Avengers	Kishore Nomula	5	10	0	0	50.00	RHB	c Prasanth Pillai b Anu Krishnan	39217424	1973340	GTCC - Spring League 2026	12	TENNIS
B	25324264	2	Deccan Avengers	Ganesh	7	10	0	0	70.00	RHB	not out	23100592	1973340	GTCC - Spring League 2026	12	TENNIS
W	25324264	2	Phoenix Youngsters	Anu Krishnan	3	0	25	3	10	2	2	0	0	8.33	9017665	1973340	GTCC - Spring League 2026	12	TENNIS
W	25324264	2	Phoenix Youngsters	Ditto Jose  (c)	3	0	24	1	7	0	2	0	0	8.00	27671072	1973340	GTCC - Spring League 2026	12	TENNIS
W	25324264	2	Phoenix Youngsters	Arun Raj Somasekharan Nair	2	0	14	1	8	1	1	1	0	7.00	21088621	1973340	GTCC - Spring League 2026	12	TENNIS
W	25324264	2	Phoenix Youngsters	Akhil Mathew	2	0	14	0	7	0	1	1	0	7.00	21845898	1973340	GTCC - Spring League 2026	12	TENNIS
W	25324264	2	Phoenix Youngsters	Chemcee	1.2	0	11	0	3	0	1	0	0	8.25	2676203	1973340	GTCC - Spring League 2026	12	TENNIS
B	24327379	1	Rising Force XI	Rakesh Pavuluri	10	19	1	0	52.63	RHB	retired out	21573196	1973340	GTCC - Spring League 2026	12	TENNIS
B	24327379	1	Rising Force XI	Rohit L  (wk)	0	1	0	0	0.00	RHB	c Baljinder Singh b Rajesh Babu Gangula	50123336	1973340	GTCC - Spring League 2026	12	TENNIS
B	24327379	1	Rising Force XI	Kvs Narayana	10	25	0	1	40.00	RHB	b Kush Batra	13816654	1973340	GTCC - Spring League 2026	12	TENNIS
B	24327379	1	Rising Force XI	Naveen Kumar	3	6	0	0	50.00	RHB	c †Amitkumar Gupta b Kashyap Gauswami	39875713	1973340	GTCC - Spring League 2026	12	TENNIS
B	24327379	1	Rising Force XI	Koustub Manchiraju  (c)	6	7	0	0	85.71	LHB	c Girish Shivnani b Kush Batra	9406531	1973340	GTCC - Spring League 2026	12	TENNIS
B	24327379	1	Rising Force XI	Sharath Reddy	1	7	0	0	14.29	RHB	not out	18848533	1973340	GTCC - Spring League 2026	12	TENNIS
B	24327379	1	Rising Force XI	Pavan Kumar	8	7	1	0	114.29	RHB	not out	30175034	1973340	GTCC - Spring League 2026	12	TENNIS
W	24327379	1	Durham United	Kunal Chopra	3	1	4	0	15	0	0	0	0	1.33	16694647	1973340	GTCC - Spring League 2026	12	TENNIS
W	24327379	1	Durham United	Rajesh Babu Gangula	2	0	15	1	6	1	1	0	0	7.50	30013922	1973340	GTCC - Spring League 2026	12	TENNIS
W	24327379	1	Durham United	Ashwin Shankar	2	0	8	0	8	1	0	0	0	4.00	21750405	1973340	GTCC - Spring League 2026	12	TENNIS
W	24327379	1	Durham United	Kush Batra	3	1	6	2	14	0	0	0	0	2.00	33199195	1973340	GTCC - Spring League 2026	12	TENNIS
W	24327379	1	Durham United	Kashyap Gauswami	2	0	5	1	8	0	0	0	0	2.50	2818942	1973340	GTCC - Spring League 2026	12	TENNIS
B	24327379	2	Durham United	Nikhil Tyagi	24	18	1	1	133.33	LHB	not out	169825	1973340	GTCC - Spring League 2026	12	TENNIS
B	24327379	2	Durham United	Girish Shivnani  (c)	9	7	1	0	128.57	RHB	c Akhil Rao b Akhil Nallapu	5624526	1973340	GTCC - Spring League 2026	12	TENNIS
B	24327379	2	Durham United	Jijo mathew	2	6	0	0	33.33	RHB	not out	20885047	1973340	GTCC - Spring League 2026	12	TENNIS
W	24327379	2	Rising Force XI	Chaitanya Vemavarapu	2	0	18	0	3	1	1	1	0	9.00	21572077	1973340	GTCC - Spring League 2026	12	TENNIS
W	24327379	2	Rising Force XI	Akhil Nallapu	2	0	8	1	7	1	0	0	0	4.00	20234564	1973340	GTCC - Spring League 2026	12	TENNIS
W	24327379	2	Rising Force XI	Pavan Kumar	1	0	9	0	1	0	0	0	0	9.00	30175034	1973340	GTCC - Spring League 2026	12	TENNIS
W	24327379	2	Rising Force XI	Kvs Narayana	0.1	0	1	0	0	0	0	0	0	6.00	13816654	1973340	GTCC - Spring League 2026	12	TENNIS
B	24327387	1	Red Wings	Jackson Ouseph  (c)	16	12	3	0	133.33	RHB	b Prajeeth Reddy	21818163	1973340	GTCC - Spring League 2026	12	TENNIS
B	24327387	1	Red Wings	Kripal K S  (wk)	14	4	0	2	350.00	RHB	c&b Vinith reddy Reddy	21940499	1973340	GTCC - Spring League 2026	12	TENNIS
B	24327387	1	Red Wings	Abdul	23	14	1	2	164.29	RHB	b Ananda Reddy Yarradoddi	28445292	1973340	GTCC - Spring League 2026	12	TENNIS
B	24327387	1	Red Wings	Vaishnav	0	1	0	0	0.00	RHB	b Prajeeth Reddy	31247987	1973340	GTCC - Spring League 2026	12	TENNIS
B	24327387	1	Red Wings	Vishnu Nair	26	15	0	3	173.33	RHB	c Sreekanth Gogada b vinesh	21754141	1973340	GTCC - Spring League 2026	12	TENNIS
B	24327387	1	Red Wings	Benson Baby	29	19	0	4	152.63	RHB	run out Venky N	30375428	1973340	GTCC - Spring League 2026	12	TENNIS
B	24327387	1	Red Wings	Eldho Mathai	10	4	1	1	250.00	RHB	c Prajeeth Reddy b Madhav	15467838	1973340	GTCC - Spring League 2026	12	TENNIS
B	24327387	1	Red Wings	Kashif Minhaj	0	1	0	0	0.00	RHB	b Madhav	30376502	1973340	GTCC - Spring League 2026	12	TENNIS
B	24327387	1	Red Wings	Akhil	2	1	0	0	200.00	RHB	not out	30322919	1973340	GTCC - Spring League 2026	12	TENNIS
B	24327387	1	Red Wings	Abin Mathew	12	2	0	2	600.00	RHB	not out	30379080	1973340	GTCC - Spring League 2026	12	TENNIS
W	24327387	1	TCF	Vinith reddy Reddy	2	0	25	1	4	1	2	0	0	12.50	23028014	1973340	GTCC - Spring League 2026	12	TENNIS
W	24327387	1	TCF	Sreekanth Gogada	2	0	18	0	6	3	0	2	0	9.00	9106241	1973340	GTCC - Spring League 2026	12	TENNIS
W	24327387	1	TCF	Prajeeth Reddy	2	0	22	2	6	0	2	5	0	11.00	49074855	1973340	GTCC - Spring League 2026	12	TENNIS
W	24327387	1	TCF	Ananda Reddy Yarradoddi  (c)	2	0	20	1	8	0	3	1	0	10.00	21776986	1973340	GTCC - Spring League 2026	12	TENNIS
W	24327387	1	TCF	Chaitanya Koppala	1	0	15	0	1	0	2	0	0	15.00	23028293	1973340	GTCC - Spring League 2026	12	TENNIS
W	24327387	1	TCF	vinesh	1	0	15	1	2	0	2	0	0	15.00	29819395	1973340	GTCC - Spring League 2026	12	TENNIS
W	24327387	1	TCF	Rajasekhar Reddy Guntaka	1	0	15	0	4	1	1	3	1	15.00	23028048	1973340	GTCC - Spring League 2026	12	TENNIS
W	24327387	1	TCF	Madhav	1	0	14	2	3	0	2	0	0	14.00	14174243	1973340	GTCC - Spring League 2026	12	TENNIS
B	24327387	2	TCF	Venky N	3	3	0	0	100.00	RHB	c Vishnu Nair b Akhil	23192278	1973340	GTCC - Spring League 2026	12	TENNIS
B	24327387	2	TCF	Vinith reddy Reddy	20	14	1	1	142.86	RHB	c †Kripal K S b Kashif Minhaj	23028014	1973340	GTCC - Spring League 2026	12	TENNIS
B	24327387	2	TCF	vinesh	12	12	0	1	100.00	RHB	b Vishnu Nair	29819395	1973340	GTCC - Spring League 2026	12	TENNIS
B	24327387	2	TCF	Ananda Reddy Yarradoddi  (c)	0	1	0	0	0.00	RHB	c Abin Mathew b Vishnu Nair	21776986	1973340	GTCC - Spring League 2026	12	TENNIS
B	24327387	2	TCF	Prajeeth Reddy	9	7	1	0	128.57	RHB	c&b Kripal K S	49074855	1973340	GTCC - Spring League 2026	12	TENNIS
B	24327387	2	TCF	Sreekanth Gogada	10	9	1	0	111.11	RHB	c †Kripal K S b Akhil	9106241	1973340	GTCC - Spring League 2026	12	TENNIS
B	24327387	2	TCF	Madhav	26	9	0	4	288.89	RHB	c †Kripal K S b Vishnu Nair	14174243	1973340	GTCC - Spring League 2026	12	TENNIS
B	24327387	2	TCF	Rajasekhar Reddy Guntaka	1	5	0	0	20.00	RHB	c Eldho Mathai b Vishnu Nair	23028048	1973340	GTCC - Spring League 2026	12	TENNIS
B	24327387	2	TCF	Girish Kumar Reddy	3	4	0	0	75.00	RHB	not out	50378712	1973340	GTCC - Spring League 2026	12	TENNIS
B	24327387	2	TCF	Pavan Kumar kandimalla	18	10	0	2	180.00	RHB	not out	23028065	1973340	GTCC - Spring League 2026	12	TENNIS
W	24327387	2	Red Wings	Akhil	3	0	20	2	9	0	1	2	1	6.67	30322919	1973340	GTCC - Spring League 2026	12	TENNIS
W	24327387	2	Red Wings	Vishnu Nair	3	0	24	4	8	1	2	0	0	8.00	21754141	1973340	GTCC - Spring League 2026	12	TENNIS
W	24327387	2	Red Wings	Abin Mathew	2	0	36	0	1	2	3	1	1	18.00	30379080	1973340	GTCC - Spring League 2026	12	TENNIS
W	24327387	2	Red Wings	Kripal K S	2	0	8	1	5	0	0	0	0	4.00	21940499	1973340	GTCC - Spring League 2026	12	TENNIS
W	24327387	2	Red Wings	Kashif Minhaj	1	0	9	1	3	0	1	1	0	9.00	30376502	1973340	GTCC - Spring League 2026	12	TENNIS
W	24327387	2	Red Wings	Manu Thomas	1	0	14	0	1	0	1	3	0	14.00	40879277	1973340	GTCC - Spring League 2026	12	TENNIS
B	24327383	1	Downtown Hunterz	Mohammed Khulaidi	1	3	0	0	33.33	RHB	b Navdeep Singh	31096973	1973340	GTCC - Spring League 2026	12	TENNIS
B	24327383	1	Downtown Hunterz	Irfan Mohammed	29	19	1	3	152.63	RHB	b Saurav	15608701	1973340	GTCC - Spring League 2026	12	TENNIS
B	24327383	1	Downtown Hunterz	Hassan khulaidi	0	4	0	0	0.00	RHB	c Gurpreet singh b Navdeep Singh	31856676	1973340	GTCC - Spring League 2026	12	TENNIS
B	24327383	1	Downtown Hunterz	AsRar RaHman	51	18	1	7	283.33	RHB	c Navdeep Singh b Saurav	42406798	1973340	GTCC - Spring League 2026	12	TENNIS
B	24327383	1	Downtown Hunterz	Mohammed Salman	6	4	0	1	150.00	RHB	c Gurpreet singh b Chetan	41768685	1973340	GTCC - Spring League 2026	12	TENNIS
B	24327383	1	Downtown Hunterz	MOHAMMED MANNAN ALI	8	9	1	0	88.89	RHB	not out	41759501	1973340	GTCC - Spring League 2026	12	TENNIS
B	24327383	1	Downtown Hunterz	Mohammed Ateeq	1	5	0	0	20.00	LHB	retired hurt	18497213	1973340	GTCC - Spring League 2026	12	TENNIS
B	24327383	1	Downtown Hunterz	Syed Azeem Uddin	7	3	0	1	233.33	RHB	run out Chetan / Navdeep Singh	16455606	1973340	GTCC - Spring League 2026	12	TENNIS
B	24327383	1	Downtown Hunterz	Sam	3	2	0	0	150.00	RHB	c Saurav b Ashu Sharma	42529904	1973340	GTCC - Spring League 2026	12	TENNIS
B	24327383	1	Downtown Hunterz	Mir Mujahed Ali	12	5	0	2	240.00	RHB	not out	41497900	1973340	GTCC - Spring League 2026	12	TENNIS
W	24327383	1	Friends United	Amandeep Singh	1	0	20	0	2	0	3	0	0	20.00	39148817	1973340	GTCC - Spring League 2026	12	TENNIS
W	24327383	1	Friends United	Navdeep Singh	3	0	16	2	10	0	1	0	0	5.33	39095211	1973340	GTCC - Spring League 2026	12	TENNIS
W	24327383	1	Friends United	Karan Bajwa	3	0	22	0	11	1	2	1	0	7.30	6249085	1973340	GTCC - Spring League 2026	12	TENNIS
W	24327383	1	Friends United	Ashu Sharma	2	0	27	1	6	0	4	0	0	13.50	6562419	1973340	GTCC - Spring League 2026	12	TENNIS
W	24327383	1	Friends United	Saurav  (c)	2	0	23	2	7	1	3	0	0	11.50	38188893	1973340	GTCC - Spring League 2026	12	TENNIS
W	24327383	1	Friends United	Chetan	1	0	12	1	3	1	1	1	0	12.00	22115674	1973340	GTCC - Spring League 2026	12	TENNIS
B	24327383	2	Friends United	Chetan	84	37	6	7	227.03	RHB	not out	22115674	1973340	GTCC - Spring League 2026	12	TENNIS
B	24327383	2	Friends United	Saurav  (c)	0	4	0	0	0.00	RHB	c Mohammed Ateeq b Sam	38188893	1973340	GTCC - Spring League 2026	12	TENNIS
B	24327383	2	Friends United	Ashu Sharma	4	5	0	0	80.00	RHB	b Mohammed Khulaidi	6562419	1973340	GTCC - Spring League 2026	12	TENNIS
B	24327383	2	Friends United	Karan Bajwa	13	7	1	1	185.71	RHB	c Mohammed Khulaidi b Hassan khulaidi	6249085	1973340	GTCC - Spring League 2026	12	TENNIS
B	24327383	2	Friends United	Navdeep Singh	18	9	2	1	200.00	RHB	not out	39095211	1973340	GTCC - Spring League 2026	12	TENNIS
W	24327383	2	Downtown Hunterz	Sam	2	0	19	1	5	0	2	0	0	9.50	42529904	1973340	GTCC - Spring League 2026	12	TENNIS
W	24327383	2	Downtown Hunterz	Mohammed Khulaidi	2	0	27	1	5	1	3	1	0	13.50	31096973	1973340	GTCC - Spring League 2026	12	TENNIS
W	24327383	2	Downtown Hunterz	Mohammed Salman	1	0	28	0	0	3	2	1	1	28.00	41768685	1973340	GTCC - Spring League 2026	12	TENNIS
W	24327383	2	Downtown Hunterz	Hassan khulaidi	3	0	29	1	6	3	1	1	0	9.67	31856676	1973340	GTCC - Spring League 2026	12	TENNIS
W	24327383	2	Downtown Hunterz	AsRar RaHman	2	0	16	0	6	1	1	0	0	8.00	42406798	1973340	GTCC - Spring League 2026	12	TENNIS
W	24327383	2	Downtown Hunterz	Irfan Mohammed	0.1	0	4	0	0	1	0	0	0	24.00	15608701	1973340	GTCC - Spring League 2026	12	TENNIS
B	24327395	1	Golden City	Parry  (c)	1	3	0	0	33.33	RHB	c Raghu Reddy b Maniteja Yerra	38211758	1973340	GTCC - Spring League 2026	12	TENNIS
B	24327395	1	Golden City	Shaibaz Khan	3	8	0	0	37.50	RHB	run out Rajpal Reddy / † Sattireddy Nalmala	41537512	1973340	GTCC - Spring League 2026	12	TENNIS
B	24327395	1	Golden City	Abhi dhami	8	12	0	0	66.67	RHB	c Maniteja Yerra b Pranay Reddy	42525345	1973340	GTCC - Spring League 2026	12	TENNIS
B	24327395	1	Golden City	Sarbjeet Singh	0	2	0	0	0.00	RHB	b Maniteja Yerra	39121302	1973340	GTCC - Spring League 2026	12	TENNIS
B	24327395	1	Golden City	Jasraj Singh	0	2	0	0	0.00	RHB	c †Sattireddy Nalmala b Maniteja Yerra	42437530	1973340	GTCC - Spring League 2026	12	TENNIS
B	24327395	1	Golden City	Abhishek Thakur	12	11	1	0	109.09	LHB	c Maniteja Yerra b Raghu Reddy	39122063	1973340	GTCC - Spring League 2026	12	TENNIS
B	24327395	1	Golden City	Ragu Sharma	0	1	0	0	0.00	RHB	c Maniteja Yerra b Raghu Reddy	39147762	1973340	GTCC - Spring League 2026	12	TENNIS
B	24327395	1	Golden City	Abhy  (wk)	24	17	0	3	141.18	RHB	c&b Kishore DK	39113369	1973340	GTCC - Spring League 2026	12	TENNIS
B	24327395	1	Golden City	Harpreet Parmar	11	11	1	0	100.00	RHB	run out † Sattireddy Nalmala / Rajpal Reddy	42046780	1973340	GTCC - Spring League 2026	12	TENNIS
B	24327395	1	Golden City	Manjinder Brar	0	2	0	0	0.00	RHB	c Rajpal Reddy b Sampath Kantimahanthi	39147760	1973340	GTCC - Spring League 2026	12	TENNIS
B	24327395	1	Golden City	Harmeet Singh	0	0	0	0	0.00	RHB	not out	39255428	1973340	GTCC - Spring League 2026	12	TENNIS
W	24327395	1	Nizam royal knights	Maniteja Yerra	3	1	12	3	11	1	0	0	0	4.00	22695071	1973340	GTCC - Spring League 2026	12	TENNIS
W	24327395	1	Nizam royal knights	SaiKumar Kothakapu	2	0	7	0	7	0	0	1	0	3.50	27674048	1973340	GTCC - Spring League 2026	12	TENNIS
W	24327395	1	Nizam royal knights	Pranay Reddy	2	0	8	1	7	0	0	1	0	4.00	18543580	1973340	GTCC - Spring League 2026	12	TENNIS
W	24327395	1	Nizam royal knights	Raghu Reddy	2	1	12	2	6	0	1	1	0	6.00	15998250	1973340	GTCC - Spring League 2026	12	TENNIS
W	24327395	1	Nizam royal knights	Kishore DK	1.2	0	13	1	3	1	0	2	1	9.75	21832964	1973340	GTCC - Spring League 2026	12	TENNIS
W	24327395	1	Nizam royal knights	Sampath Kantimahanthi	1	0	15	1	3	0	2	1	0	15.00	30048429	1973340	GTCC - Spring League 2026	12	TENNIS
B	24327395	2	Nizam royal knights	Srikanth Reddy P	17	18	2	0	94.44	RHB	c Abhi dhami b Harmeet Singh	9118169	1973340	GTCC - Spring League 2026	12	TENNIS
B	24327395	2	Nizam royal knights	Naveen Reddy	2	2	0	0	100.00	RHB	c Ragu Sharma b Abhi dhami	15711723	1973340	GTCC - Spring League 2026	12	TENNIS
B	24327395	2	Nizam royal knights	Pranay Reddy	10	15	0	0	66.67	RHB	c †Abhy b Abhishek Thakur	18543580	1973340	GTCC - Spring League 2026	12	TENNIS
B	24327395	2	Nizam royal knights	Sattireddy Nalmala  (wk)	10	9	0	1	111.11	RHB	c&b Harmeet Singh	128334	1973340	GTCC - Spring League 2026	12	TENNIS
B	24327395	2	Nizam royal knights	Anvesh Reddy  (c)	2	6	0	0	33.33	RHB	c Sarbjeet Singh b Ragu Sharma	30346362	1973340	GTCC - Spring League 2026	12	TENNIS
B	24327395	2	Nizam royal knights	Raghu Reddy	1	4	0	0	25.00	RHB	c Abhishek Thakur b Abhi dhami	15998250	1973340	GTCC - Spring League 2026	12	TENNIS
B	24327395	2	Nizam royal knights	Charith Reddy	4	9	0	0	44.44	RHB	c Abhi dhami b Harmeet Singh	16203159	1973340	GTCC - Spring League 2026	12	TENNIS
B	24327395	2	Nizam royal knights	Rajpal Reddy	3	2	0	0	150.00	RHB	run out † Abhy	22695075	1973340	GTCC - Spring League 2026	12	TENNIS
B	24327395	2	Nizam royal knights	SaiKumar Kothakapu	10	5	0	1	200.00	RHB	not out	27674048	1973340	GTCC - Spring League 2026	12	TENNIS
B	24327395	2	Nizam royal knights	Sampath Kantimahanthi	1	1	0	0	100.00	LHB	not out	30048429	1973340	GTCC - Spring League 2026	12	TENNIS
W	24327395	2	Golden City	Ragu Sharma	2	0	17	1	5	1	0	2	0	8.50	39147762	1973340	GTCC - Spring League 2026	12	TENNIS
W	24327395	2	Golden City	Abhi dhami	3	0	8	2	11	0	0	0	0	2.67	42525345	1973340	GTCC - Spring League 2026	12	TENNIS
W	24327395	2	Golden City	Shaibaz Khan	2	0	16	0	7	1	1	1	1	8.00	41537512	1973340	GTCC - Spring League 2026	12	TENNIS
W	24327395	2	Golden City	Harmeet Singh	3	0	14	3	13	0	1	2	0	4.67	39255428	1973340	GTCC - Spring League 2026	12	TENNIS
W	24327395	2	Golden City	Abhishek Thakur	1.4	0	11	1	2	0	0	0	0	6.60	39122063	1973340	GTCC - Spring League 2026	12	TENNIS
B	24327390	1	PYO13	Harjot Singh Toor	1	1	0	0	100.00	RHB	run out Vrushi Patel	41538204	1973340	GTCC - Spring League 2026	12	TENNIS
B	24327390	1	PYO13	Dharmik Patel	8	9	1	0	88.89	RHB	c †Ravi Solanki b Himil Patel	23033837	1973340	GTCC - Spring League 2026	12	TENNIS
B	24327390	1	PYO13	Muhammad Bilal Munir	1	6	0	0	16.67	RHB	c Parth Patel b Kandarp Suthar	41772649	1973340	GTCC - Spring League 2026	12	TENNIS
B	24327390	1	PYO13	Dhruvik Gogna	5	6	1	0	83.33	RHB	c Vignesh b Kandarp Suthar	23202313	1973340	GTCC - Spring League 2026	12	TENNIS
B	24327390	1	PYO13	Ravi	21	14	4	0	150.00	RHB	c&b Parth Patel	1153446	1973340	GTCC - Spring League 2026	12	TENNIS
B	24327390	1	PYO13	Kushal Desai	12	11	1	0	109.09	RHB	c&b Hashpreet Sandhu	31956726	1973340	GTCC - Spring League 2026	12	TENNIS
B	24327390	1	PYO13	Dev Sardar	0	1	0	0	0.00	RHB	c †Ravi Solanki b Parth Patel	11402008	1973340	GTCC - Spring League 2026	12	TENNIS
B	24327390	1	PYO13	Appu G	4	8	0	0	50.00	RHB	c Vignesh b Himil Patel	50020845	1973340	GTCC - Spring League 2026	12	TENNIS
B	24327390	1	PYO13	Prince  (c)	6	3	0	1	200.00	RHB	c Vignesh b Hashpreet Sandhu	23202334	1973340	GTCC - Spring League 2026	12	TENNIS
B	24327390	1	PYO13	Ankur Sharma	9	8	0	1	112.50	RHB	b Hashpreet Sandhu	7889875	1973340	GTCC - Spring League 2026	12	TENNIS
B	24327390	1	PYO13	Sukhpal Singh	1	1	0	0	100.00	RHB	not out	41804896	1973340	GTCC - Spring League 2026	12	TENNIS
W	24327390	1	The Tandoori Titans	Shubham Acharya	3	0	21	0	7	1	1	2	0	7.00	41347123	1973340	GTCC - Spring League 2026	12	TENNIS
W	24327390	1	The Tandoori Titans	Kandarp Suthar	2	0	9	2	9	2	0	0	0	4.50	31328000	1973340	GTCC - Spring League 2026	12	TENNIS
W	24327390	1	The Tandoori Titans	Himil Patel	1.2	0	8	2	4	1	0	1	0	6.00	41364005	1973340	GTCC - Spring League 2026	12	TENNIS
W	24327390	1	The Tandoori Titans	Parth Patel	2	0	16	2	5	2	0	3	0	8.00	9962141	1973340	GTCC - Spring League 2026	12	TENNIS
W	24327390	1	The Tandoori Titans	Hashpreet Sandhu	3	0	23	3	7	1	1	3	0	7.67	41351955	1973340	GTCC - Spring League 2026	12	TENNIS
B	24327390	2	The Tandoori Titans	Kandarp Suthar	7	7	0	1	100.00	RHB	b Sukhpal Singh	31328000	1973340	GTCC - Spring League 2026	12	TENNIS
B	24327390	2	The Tandoori Titans	Hashpreet Sandhu	24	24	1	1	100.00	RHB	c Dharmik Patel b Ravi	41351955	1973340	GTCC - Spring League 2026	12	TENNIS
B	24327390	2	The Tandoori Titans	Parth Patel	15	10	3	0	150.00	LHB	c Dharmik Patel b Kushal Desai	9962141	1973340	GTCC - Spring League 2026	12	TENNIS
B	24327390	2	The Tandoori Titans	Himil Patel	16	8	1	1	200.00	LHB	not out	41364005	1973340	GTCC - Spring League 2026	12	TENNIS
B	24327390	2	The Tandoori Titans	Vibhash Patel	10	4	0	1	250.00	RHB	not out	50022891	1973340	GTCC - Spring League 2026	12	TENNIS
W	24327390	2	PYO13	Muhammad Bilal Munir	2	0	14	0	7	2	0	2	0	7.00	41772649	1973340	GTCC - Spring League 2026	12	TENNIS
W	24327390	2	PYO13	Sukhpal Singh	1	0	12	1	3	1	1	0	0	12.00	41804896	1973340	GTCC - Spring League 2026	12	TENNIS
W	24327390	2	PYO13	Ravi	3	0	24	1	9	1	1	2	2	8.00	1153446	1973340	GTCC - Spring League 2026	12	TENNIS
W	24327390	2	PYO13	Kushal Desai	1	0	8	1	1	0	0	0	0	8.00	31956726	1973340	GTCC - Spring League 2026	12	TENNIS
W	24327390	2	PYO13	Ankur Sharma	1	0	12	0	2	0	1	2	0	12.00	7889875	1973340	GTCC - Spring League 2026	12	TENNIS
W	24327390	2	PYO13	Prince  (c)	0.3	0	10	0	1	1	1	0	0	20.00	23202334	1973340	GTCC - Spring League 2026	12	TENNIS
B	24327393	1	TCF	Madhav	0	3	0	0	0.00	RHB	b Amandeep Singh	14174243	1973340	GTCC - Spring League 2026	12	TENNIS
B	24327393	1	TCF	Pavan Kumar kandimalla	0	1	0	0	0.00	RHB	c Surjeet Singh b Sanjiv sharma	23028065	1973340	GTCC - Spring League 2026	12	TENNIS
B	24327393	1	TCF	Sharath Reddy Kongari	17	31	0	0	54.84	RHB	b Guri	23027924	1973340	GTCC - Spring League 2026	12	TENNIS
B	24327393	1	TCF	Mohan Chandra	12	10	0	1	120.00	RHB	c Guri b Surjeet Singh	9325557	1973340	GTCC - Spring League 2026	12	TENNIS
B	24327393	1	TCF	Kumar Voleti	27	18	1	2	150.00	RHB	not out	9118126	1973340	GTCC - Spring League 2026	12	TENNIS
B	24327393	1	TCF	Ananda Reddy Yarradoddi  (c)	12	9	0	1	133.33	RHB	not out	21776986	1973340	GTCC - Spring League 2026	12	TENNIS
W	24327393	1	Maple Eagles	Amandeep Singh	3	0	19	1	11	0	2	1	0	6.33	41624226	1973340	GTCC - Spring League 2026	12	TENNIS
W	24327393	1	Maple Eagles	Sanjiv sharma	2	0	15	1	4	0	1	0	0	7.50	39683013	1973340	GTCC - Spring League 2026	12	TENNIS
W	24327393	1	Maple Eagles	Harsh Pratap Singh Yadav	2	0	7	0	5	0	0	0	0	3.50	38589007	1973340	GTCC - Spring League 2026	12	TENNIS
W	24327393	1	Maple Eagles	Surjeet Singh	3	0	19	1	7	1	0	2	0	6.33	38766896	1973340	GTCC - Spring League 2026	12	TENNIS
W	24327393	1	Maple Eagles	Guri	2	0	11	1	7	0	1	0	0	5.50	31537124	1973340	GTCC - Spring League 2026	12	TENNIS
B	24327393	2	Maple Eagles	Satwinder Singh	6	4	1	0	150.00	RHB	c †Rajasekhar Reddy Guntaka b Sharath Reddy Kongari	42515588	1973340	GTCC - Spring League 2026	12	TENNIS
B	24327393	2	Maple Eagles	Sanjiv sharma	18	9	3	0	200.00	RHB	c Girish Kumar Reddy b Vinith reddy Reddy	39683013	1973340	GTCC - Spring League 2026	12	TENNIS
B	24327393	2	Maple Eagles	Amandeep Singh	1	3	0	0	33.33	RHB	c †Rajasekhar Reddy Guntaka b Vinith reddy Reddy	41624226	1973340	GTCC - Spring League 2026	12	TENNIS
B	24327393	2	Maple Eagles	Pawan Khaira	29	12	2	3	241.67	RHB	not out	32888366	1973340	GTCC - Spring League 2026	12	TENNIS
B	24327393	2	Maple Eagles	Guri	4	7	0	0	57.14	LHB	c Kumar Voleti b Sharath Reddy Kongari	31537124	1973340	GTCC - Spring League 2026	12	TENNIS
B	24327393	2	Maple Eagles	Harsh Pratap Singh Yadav	7	5	1	0	140.00	RHB	c Girish Kumar Reddy b Ananda Reddy Yarradoddi	38589007	1973340	GTCC - Spring League 2026	12	TENNIS
B	24327393	2	Maple Eagles	Surjeet Singh	1	1	0	0	100.00	LHB	not out	38766896	1973340	GTCC - Spring League 2026	12	TENNIS
W	24327393	2	TCF	Sharath Reddy Kongari	2	0	24	2	4	3	0	4	0	12.00	23027924	1973340	GTCC - Spring League 2026	12	TENNIS
W	24327393	2	TCF	Vinith reddy Reddy	2	0	16	2	8	3	0	2	0	8.00	23028014	1973340	GTCC - Spring League 2026	12	TENNIS
W	24327393	2	TCF	Kumar Voleti	2	0	15	0	3	1	0	2	0	7.50	9118126	1973340	GTCC - Spring League 2026	12	TENNIS
W	24327393	2	TCF	Ananda Reddy Yarradoddi  (c)	0.5	0	19	1	1	0	3	0	0	22.80	21776986	1973340	GTCC - Spring League 2026	12	TENNIS
B	24327409	1	Peterborough Tuskers	Lebin Nelson	9	16	1	0	56.25	LHB	c Nikhil Jakhar b Darshit Patel	31748019	1973340	GTCC - Spring League 2026	12	TENNIS
B	24327409	1	Peterborough Tuskers	Eapen Jacob	3	3	0	0	100.00	RHB	c Darshit Patel b Parth Patel	31748016	1973340	GTCC - Spring League 2026	12	TENNIS
B	24327409	1	Peterborough Tuskers	Sanjeev Yadav	35	26	4	0	134.62	RHB	c Darshit Patel b Kshitij Malsane	41453133	1973340	GTCC - Spring League 2026	12	TENNIS
B	24327409	1	Peterborough Tuskers	Alen Franklin  (c)	6	15	0	0	40.00	RHB	b Nish patel	31748023	1973340	GTCC - Spring League 2026	12	TENNIS
B	24327409	1	Peterborough Tuskers	Sebin Siby (Zebatti)	1	2	0	0	50.00	RHB	b Nish patel	31748015	1973340	GTCC - Spring League 2026	12	TENNIS
B	24327409	1	Peterborough Tuskers	Abdulwakil Khalid	2	5	0	0	40.00	RHB	c Kunal Shah b Nish patel	50154273	1973340	GTCC - Spring League 2026	12	TENNIS
B	24327409	1	Peterborough Tuskers	Anoop Roy	3	2	0	0	150.00	LHB	run out Shiv Gaurd / Kshitij Malsane	31748022	1973340	GTCC - Spring League 2026	12	TENNIS
B	24327409	1	Peterborough Tuskers	Dilin George	8	3	0	1	266.67	RHB	not out	31748024	1973340	GTCC - Spring League 2026	12	TENNIS
B	24327409	1	Peterborough Tuskers	Anandhu Nair	0	0	0	0	0.00	RHB	not out	8815372	1973340	GTCC - Spring League 2026	12	TENNIS
W	24327409	1	Thunder Strikers	Darshit Patel	3	0	12	1	10	0	0	2	0	4.00	27673702	1973340	GTCC - Spring League 2026	12	TENNIS
W	24327409	1	Thunder Strikers	Nish patel	3	0	14	3	9	1	0	0	0	4.67	31956115	1973340	GTCC - Spring League 2026	12	TENNIS
W	24327409	1	Thunder Strikers	Parth Patel	1	0	8	1	1	0	0	0	0	8.00	30757797	1973340	GTCC - Spring League 2026	12	TENNIS
W	24327409	1	Thunder Strikers	Mitalkumar Patel  (c)	2	0	18	0	6	2	0	4	0	9.00	30057585	1973340	GTCC - Spring League 2026	12	TENNIS
W	24327409	1	Thunder Strikers	Kunal Shah	2	0	6	0	7	0	0	0	0	3.00	15481956	1973340	GTCC - Spring League 2026	12	TENNIS
W	24327409	1	Thunder Strikers	Kshitij Malsane	1	0	16	1	2	2	1	0	0	16.00	41209176	1973340	GTCC - Spring League 2026	12	TENNIS
B	24327409	2	Thunder Strikers	Ronak Patel	6	12	0	0	50.00	RHB	c †JAMES b Sebin Siby (Zebatti)	40650973	1973340	GTCC - Spring League 2026	12	TENNIS
B	24327409	2	Thunder Strikers	Parth Patel	22	14	2	1	157.14	RHB	c Dilin George b Sanjeev Yadav	30757797	1973340	GTCC - Spring League 2026	12	TENNIS
B	24327409	2	Thunder Strikers	Kunal Shah	11	16	1	0	68.75	RHB	c Dilin George b Sanjeev Yadav	15481956	1973340	GTCC - Spring League 2026	12	TENNIS
B	24327409	2	Thunder Strikers	MOHSIN SAIYAD	10	11	0	0	90.91	RHB	c Dilin George b Eapen Jacob	22900753	1973340	GTCC - Spring League 2026	12	TENNIS
B	24327409	2	Thunder Strikers	Nish patel	10	5	1	1	200.00	RHB	c Anandhu Nair b Eapen Jacob	31956115	1973340	GTCC - Spring League 2026	12	TENNIS
B	24327409	2	Thunder Strikers	Meet Parikh	1	2	0	0	50.00	RHB	not out	40627544	1973340	GTCC - Spring League 2026	12	TENNIS
B	24327409	2	Thunder Strikers	Shiv Gaurd	5	2	1	0	250.00	LHB	not out	18269589	1973340	GTCC - Spring League 2026	12	TENNIS
W	24327409	2	Peterborough Tuskers	Dilin George	2	0	24	0	2	2	1	2	1	12.00	31748024	1973340	GTCC - Spring League 2026	12	TENNIS
W	24327409	2	Peterborough Tuskers	Sanjeev Yadav	3	0	16	2	10	0	1	1	0	5.33	41453133	1973340	GTCC - Spring League 2026	12	TENNIS
W	24327409	2	Peterborough Tuskers	Sebin Siby (Zebatti)	2	0	11	1	3	0	0	2	0	5.50	31748015	1973340	GTCC - Spring League 2026	12	TENNIS
W	24327409	2	Peterborough Tuskers	Ananthu Krishna	2	0	14	0	7	1	0	4	0	7.00	42314455	1973340	GTCC - Spring League 2026	12	TENNIS
W	24327409	2	Peterborough Tuskers	Eapen Jacob	1	0	7	2	3	1	0	1	0	7.00	31748016	1973340	GTCC - Spring League 2026	12	TENNIS
W	24327409	2	Peterborough Tuskers	Anandhu Nair	0.1	0	4	0	0	1	0	0	0	24.00	8815372	1973340	GTCC - Spring League 2026	12	TENNIS
B	24327403	1	Thunder Strikers	Shiv Gaurd	0	3	0	0	0.00	LHB	c Jijo mathew b Kunal Chopra	18269589	1973340	GTCC - Spring League 2026	12	TENNIS
B	24327403	1	Thunder Strikers	Neel patel	15	7	0	2	214.29	RHB	c Jijo mathew b Parth Parekh	32608795	1973340	GTCC - Spring League 2026	12	TENNIS
B	24327403	1	Thunder Strikers	Jigneshkumar Patel	15	9	1	1	166.67	RHB	c Kashyap Gauswami b Kunal Chopra	30176575	1973340	GTCC - Spring League 2026	12	TENNIS
B	24327403	1	Thunder Strikers	Darshit Patel  (c)	59	29	3	6	203.45	LHB	c †Amitkumar Gupta b Kashyap Gauswami	27673702	1973340	GTCC - Spring League 2026	12	TENNIS
B	24327403	1	Thunder Strikers	Ronak Patel	23	17	1	2	135.29	RHB	c Girish Shivnani b Kashyap Gauswami	40650973	1973340	GTCC - Spring League 2026	12	TENNIS
B	24327403	1	Thunder Strikers	MOHSIN SAIYAD	15	7	1	1	214.29	RHB	c&b Kashyap Gauswami	22900753	1973340	GTCC - Spring League 2026	12	TENNIS
B	24327403	1	Thunder Strikers	Chintan Ahir	1	1	0	0	100.00	RHB	not out	6269752	1973340	GTCC - Spring League 2026	12	TENNIS
W	24327403	1	Durham United	Kunal Chopra	3	0	18	2	11	1	1	3	0	6.00	16694647	1973340	GTCC - Spring League 2026	12	TENNIS
W	24327403	1	Durham United	Rajesh Babu Gangula	3	0	38	0	5	0	4	1	0	12.67	30013922	1973340	GTCC - Spring League 2026	12	TENNIS
W	24327403	1	Durham United	Parth Parekh	2	0	38	1	5	1	5	1	1	19.00	21056998	1973340	GTCC - Spring League 2026	12	TENNIS
W	24327403	1	Durham United	Kush Batra	2	0	22	0	3	1	2	0	0	11.00	33199195	1973340	GTCC - Spring League 2026	12	TENNIS
W	24327403	1	Durham United	Kashyap Gauswami	2	0	18	3	4	3	0	0	0	9.00	2818942	1973340	GTCC - Spring League 2026	12	TENNIS
B	24327403	2	Durham United	Abhishek Koneri	12	17	1	0	70.59	RHB	c Chintan Ahir b Jigneshkumar Patel	9779769	1973340	GTCC - Spring League 2026	12	TENNIS
B	24327403	2	Durham United	Amitkumar Gupta  (wk)	1	3	0	0	33.33	RHB	c Darshit Patel b Kevin Shah	40436326	1973340	GTCC - Spring League 2026	12	TENNIS
B	24327403	2	Durham United	Nikhil Tyagi	4	3	1	0	133.33	LHB	c Nivrut Patel b Jigneshkumar Patel	169825	1973340	GTCC - Spring League 2026	12	TENNIS
B	24327403	2	Durham United	Jijo mathew	18	11	0	2	163.64	RHB	b Chintan Ahir	20885047	1973340	GTCC - Spring League 2026	12	TENNIS
B	24327403	2	Durham United	Kunal Chopra	16	18	1	0	88.89	RHB	not out	16694647	1973340	GTCC - Spring League 2026	12	TENNIS
B	24327403	2	Durham United	Girish Shivnani  (c)	20	18	0	2	111.11	RHB	c MOHSIN SAIYAD b Kevin Shah	5624526	1973340	GTCC - Spring League 2026	12	TENNIS
B	24327403	2	Durham United	Prateek Jain	0	1	0	0	0.00	RHB	b Kevin Shah	40568075	1973340	GTCC - Spring League 2026	12	TENNIS
B	24327403	2	Durham United	Kashyap Gauswami	0	1	0	0	0.00	RHB	not out	2818942	1973340	GTCC - Spring League 2026	12	TENNIS
W	24327403	2	Thunder Strikers	Jigneshkumar Patel	3	1	12	2	11	1	0	0	0	4.00	30176575	1973340	GTCC - Spring League 2026	12	TENNIS
W	24327403	2	Thunder Strikers	Kevin Shah	2	0	10	3	5	1	0	0	0	5.00	515148	1973340	GTCC - Spring League 2026	12	TENNIS
W	24327403	2	Thunder Strikers	Darshit Patel  (c)	2	0	16	0	4	0	1	1	0	8.00	27673702	1973340	GTCC - Spring League 2026	12	TENNIS
W	24327403	2	Thunder Strikers	Chintan Ahir	2	0	13	1	9	0	2	0	0	6.50	6269752	1973340	GTCC - Spring League 2026	12	TENNIS
W	24327403	2	Thunder Strikers	Nikhil Jakhar	2	0	17	0	3	0	1	3	0	8.50	30808520	1973340	GTCC - Spring League 2026	12	TENNIS
W	24327403	2	Thunder Strikers	Kushal Acharya	1	0	7	0	3	1	0	0	0	7.00	15998105	1973340	GTCC - Spring League 2026	12	TENNIS
B	24327404	1	Marvels	Akshay Beniwal	9	7	0	1	128.57	RHB	c Mohit Sharma b KRISHNA Mohan SETTY	23591120	1973340	GTCC - Spring League 2026	12	TENNIS
B	24327404	1	Marvels	Rohit Chahal	0	1	0	0	0.00	LHB	b KRISHNA Mohan SETTY	23545274	1973340	GTCC - Spring League 2026	12	TENNIS
B	24327404	1	Marvels	Srinath Asopa	34	14	2	3	242.86	LHB	c Manish Gidwani b Praveen Pesala	31710694	1973340	GTCC - Spring League 2026	12	TENNIS
B	24327404	1	Marvels	Altaf Ahmed	22	13	1	2	169.23	RHB	c Prem b Praveen Pesala	5413138	1973340	GTCC - Spring League 2026	12	TENNIS
B	24327404	1	Marvels	Balu	31	18	1	1	172.22	RHB	not out	3592747	1973340	GTCC - Spring League 2026	12	TENNIS
B	24327404	1	Marvels	Shyam komaravolu	4	6	1	0	66.67	RHB	c †Sunny Sharath b Krishna	31366180	1973340	GTCC - Spring League 2026	12	TENNIS
B	24327404	1	Marvels	Harsha Settyvari	5	8	1	0	62.50	RHB	st †Sunny Sharath b KRISHNA Mohan SETTY	9081401	1973340	GTCC - Spring League 2026	12	TENNIS
B	24327404	1	Marvels	Raghuvardhan Reddy	0	1	0	0	0.00	RHB	c †Sunny Sharath b KRISHNA Mohan SETTY	15600146	1973340	GTCC - Spring League 2026	12	TENNIS
B	24327404	1	Marvels	Murali krishna	16	5	1	1	320.00	RHB	not out	21441516	1973340	GTCC - Spring League 2026	12	TENNIS
W	24327404	1	Toronto Jaguars	KRISHNA Mohan SETTY	3	0	21	4	9	1	1	2	0	7.00	31956251	1973340	GTCC - Spring League 2026	12	TENNIS
W	24327404	1	Toronto Jaguars	Chinmay	2	0	42	0	1	2	3	3	1	21.00	50014048	1973340	GTCC - Spring League 2026	12	TENNIS
W	24327404	1	Toronto Jaguars	Krishna	2	0	17	1	5	1	1	0	0	8.50	16792823	1973340	GTCC - Spring League 2026	12	TENNIS
W	24327404	1	Toronto Jaguars	Praveen Pesala  (c)	3	0	25	2	7	2	1	1	0	8.33	32222868	1973340	GTCC - Spring League 2026	12	TENNIS
W	24327404	1	Toronto Jaguars	Mohit Sharma	2	0	24	0	4	1	2	1	0	12.00	20967947	1973340	GTCC - Spring League 2026	12	TENNIS
B	24327404	2	Toronto Jaguars	Manish Gidwani	25	16	2	1	156.25	RHB	c Akshay Beniwal b Rohit Chahal	30803809	1973340	GTCC - Spring League 2026	12	TENNIS
B	24327404	2	Toronto Jaguars	Prem	1	2	0	0	50.00	LHB	c Raghuvardhan Reddy b Akshay Beniwal	16792486	1973340	GTCC - Spring League 2026	12	TENNIS
B	24327404	2	Toronto Jaguars	Akshay George	0	2	0	0	0.00	RHB	c Harsha Settyvari b Akshay Beniwal	40601434	1973340	GTCC - Spring League 2026	12	TENNIS
B	24327404	2	Toronto Jaguars	Krishna	3	7	0	0	42.86	RHB	c †Altaf Ahmed b Raghuvardhan Reddy	16792823	1973340	GTCC - Spring League 2026	12	TENNIS
B	24327404	2	Toronto Jaguars	Karthik	5	16	0	0	31.25	RHB	retired hurt	23101388	1973340	GTCC - Spring League 2026	12	TENNIS
B	24327404	2	Toronto Jaguars	Mohit Sharma	16	7	0	2	228.57	RHB	c †Altaf Ahmed b Balu	20967947	1973340	GTCC - Spring League 2026	12	TENNIS
B	24327404	2	Toronto Jaguars	KRISHNA Mohan SETTY	10	13	0	0	76.92	RHB	not out	31956251	1973340	GTCC - Spring League 2026	12	TENNIS
B	24327404	2	Toronto Jaguars	Praveen Pesala  (c)	8	9	0	0	88.89	RHB	not out	32222868	1973340	GTCC - Spring League 2026	12	TENNIS
W	24327404	2	Marvels	Eswar P	2	0	24	0	4	2	1	2	0	12.00	22652758	1973340	GTCC - Spring League 2026	12	TENNIS
W	24327404	2	Marvels	Akshay Beniwal	3	0	14	2	10	0	0	5	0	4.67	23591120	1973340	GTCC - Spring League 2026	12	TENNIS
W	24327404	2	Marvels	Raghuvardhan Reddy	2	0	8	1	9	0	1	0	0	4.00	15600146	1973340	GTCC - Spring League 2026	12	TENNIS
W	24327404	2	Marvels	Rohit Chahal	1	0	10	1	2	0	1	0	0	10.00	23545274	1973340	GTCC - Spring League 2026	12	TENNIS
W	24327404	2	Marvels	Balu	2	0	14	1	3	0	0	4	0	7.00	3592747	1973340	GTCC - Spring League 2026	12	TENNIS
W	24327404	2	Marvels	Murali krishna	2	0	12	0	5	0	0	3	0	6.00	21441516	1973340	GTCC - Spring League 2026	12	TENNIS
B	24327414	1	Mask XI	Jatibrata Acharya	0	2	0	0	0.00	RHB	c †Sampath kumar madala b NIRANJAN GOTTIPATI	31908570	1973340	GTCC - Spring League 2026	12	TENNIS
B	24327414	1	Mask XI	Subham Rout	8	23	0	0	34.78	RHB	b Srujan Gandla	41248473	1973340	GTCC - Spring League 2026	12	TENNIS
B	24327414	1	Mask XI	Shahrukh Khan	3	5	0	0	60.00	RHB	c †Sampath kumar madala b Junaid Jr	31050554	1973340	GTCC - Spring League 2026	12	TENNIS
B	24327414	1	Mask XI	Tatva Shah	9	14	0	0	64.29	LHB	c Vinod Goud Boyapalli b Srikanth Kommineni	29208721	1973340	GTCC - Spring League 2026	12	TENNIS
B	24327414	1	Mask XI	Ravi Kiran	4	4	0	0	100.00	RHB	run out Tharun kumar Jalli	42956756	1973340	GTCC - Spring League 2026	12	TENNIS
B	24327414	1	Mask XI	Bibekananda Jena	21	15	0	2	140.00	RHB	not out	15521854	1973340	GTCC - Spring League 2026	12	TENNIS
B	24327414	1	Mask XI	Roshan Tripathy	0	2	0	0	0.00	RHB	c Junaid Jr b Abdul Tauseef	15931269	1973340	GTCC - Spring League 2026	12	TENNIS
B	24327414	1	Mask XI	Rajeev Mohanan	0	1	0	0	0.00	RHB	c Mahendra Pullaganti b Abdul Tauseef	49944841	1973340	GTCC - Spring League 2026	12	TENNIS
B	24327414	1	Mask XI	Alok Mishra	4	4	0	0	100.00	RHB	run out Srujan Gandla	14450770	1973340	GTCC - Spring League 2026	12	TENNIS
B	24327414	1	Mask XI	Shashank Mishra  (c)	4	3	0	0	133.33	RHB	run out Srujan Gandla	15406334	1973340	GTCC - Spring League 2026	12	TENNIS
W	24327414	1	Team Phoenix	NIRANJAN GOTTIPATI	3	0	13	1	8	0	0	0	0	4.33	39257621	1973340	GTCC - Spring League 2026	12	TENNIS
W	24327414	1	Team Phoenix	Junaid Jr	2	0	10	1	7	0	0	5	0	5.00	42515948	1973340	GTCC - Spring League 2026	12	TENNIS
W	24327414	1	Team Phoenix	Srujan Gandla	3	0	8	1	12	0	0	2	0	2.67	23847345	1973340	GTCC - Spring League 2026	12	TENNIS
W	24327414	1	Team Phoenix	Srikanth Kommineni	2	0	13	1	4	0	0	1	1	6.50	29518721	1973340	GTCC - Spring League 2026	12	TENNIS
W	24327414	1	Team Phoenix	Abdul Tauseef	2	0	20	2	4	0	2	2	0	10.00	45592058	1973340	GTCC - Spring League 2026	12	TENNIS
B	24327414	2	Team Phoenix	Junaid Khan	39	23	1	4	169.57	RHB	not out	41651972	1973340	GTCC - Spring League 2026	12	TENNIS
B	24327414	2	Team Phoenix	Mahendra Pullaganti	0	4	0	0	0.00	RHB	c Bibekananda Jena b Shashank Mishra	29518729	1973340	GTCC - Spring League 2026	12	TENNIS
B	24327414	2	Team Phoenix	Tharun kumar Jalli	0	1	0	0	0.00	RHB	c Bibekananda Jena b Shahrukh Khan	29519121	1973340	GTCC - Spring League 2026	12	TENNIS
B	24327414	2	Team Phoenix	Sampath kumar madala  (c)	23	11	2	2	209.09	RHB	not out	15283339	1973340	GTCC - Spring League 2026	12	TENNIS
W	24327414	2	Mask XI	Shashank Mishra  (c)	2	0	17	1	6	3	0	1	0	8.50	15406334	1973340	GTCC - Spring League 2026	12	TENNIS
W	24327414	2	Mask XI	Shahrukh Khan	1.3	0	16	1	4	0	2	1	0	10.67	31050554	1973340	GTCC - Spring League 2026	12	TENNIS
W	24327414	2	Mask XI	Bibekananda Jena	1	0	15	0	2	0	2	1	0	15.00	15521854	1973340	GTCC - Spring League 2026	12	TENNIS
W	24327414	2	Mask XI	Roshan Tripathy	1	0	14	0	2	0	2	0	0	14.00	15931269	1973340	GTCC - Spring League 2026	12	TENNIS
W	24327414	2	Mask XI	Chaitanya Thangeda	1	0	3	0	4	0	0	0	0	3.00	23290327	1973340	GTCC - Spring League 2026	12	TENNIS
B	24327440	1	Marvels	Balu	4	2	1	0	200.00	RHB	c Anudeep Baganarapu b Saikiran Thota	3592747	1973340	GTCC - Spring League 2026	12	TENNIS
B	24327440	1	Marvels	Murali krishna	4	8	1	0	50.00	RHB	c Anudeep Baganarapu b Saikiran Thota	21441516	1973340	GTCC - Spring League 2026	12	TENNIS
B	24327440	1	Marvels	Rohit Chahal	50	24	4	3	208.33	LHB	c Manu Chowdary b Anudeep Baganarapu	23545274	1973340	GTCC - Spring League 2026	12	TENNIS
B	24327440	1	Marvels	Shyam komaravolu	5	6	1	0	83.33	RHB	c Kishore Nomula b Ganesh	31366180	1973340	GTCC - Spring League 2026	12	TENNIS
B	24327440	1	Marvels	Siva Sankar Reddy	0	2	0	0	0.00	RHB	c&b Ganesh	15967245	1973340	GTCC - Spring League 2026	12	TENNIS
B	24327440	1	Marvels	Altaf Ahmed  (wk)	13	5	0	2	260.00	RHB	c †Harjeet Maan b Manu Chowdary	5413138	1973340	GTCC - Spring League 2026	12	TENNIS
B	24327440	1	Marvels	Raghuvardhan Reddy	19	14	0	2	135.71	RHB	c Kishore Nomula b Manu Chowdary	15600146	1973340	GTCC - Spring League 2026	12	TENNIS
B	24327440	1	Marvels	Rohith Reddy	7	7	0	0	100.00	RHB	c Kishore Nomula b Abhi b	32323783	1973340	GTCC - Spring League 2026	12	TENNIS
B	24327440	1	Marvels	Jitin p  (c)	6	3	0	1	200.00	RHB	not out	21442321	1973340	GTCC - Spring League 2026	12	TENNIS
B	24327440	1	Marvels	Eswar P	3	1	0	0	300.00	RHB	not out	22652758	1973340	GTCC - Spring League 2026	12	TENNIS
W	24327440	1	Deccan Avengers	Saikiran Thota	3	0	19	2	10	3	0	1	0	6.33	30683435	1973340	GTCC - Spring League 2026	12	TENNIS
W	24327440	1	Deccan Avengers	Abhi b	3	0	28	1	8	2	1	1	0	9.33	22916114	1973340	GTCC - Spring League 2026	12	TENNIS
W	24327440	1	Deccan Avengers	Ganesh	2	0	9	2	8	1	0	1	0	4.50	23100592	1973340	GTCC - Spring League 2026	12	TENNIS
W	24327440	1	Deccan Avengers	Manu Chowdary	2	0	37	2	5	0	5	3	0	18.50	31933873	1973340	GTCC - Spring League 2026	12	TENNIS
W	24327440	1	Deccan Avengers	Anudeep Baganarapu  (c)	2	0	24	1	3	1	2	0	0	12.00	39217407	1973340	GTCC - Spring League 2026	12	TENNIS
B	24327440	2	Deccan Avengers	Harjeet Maan	6	3	0	1	200.00	LHB	c †Altaf Ahmed b Eswar P	39512592	1973340	GTCC - Spring League 2026	12	TENNIS
B	24327440	2	Deccan Avengers	Anudeep Baganarapu  (c)	9	17	0	0	52.94	RHB	not out	39217407	1973340	GTCC - Spring League 2026	12	TENNIS
B	24327440	2	Deccan Avengers	Avinash	0	1	0	0	0.00	RHB	c Murali krishna b Eswar P	30683148	1973340	GTCC - Spring League 2026	12	TENNIS
B	24327440	2	Deccan Avengers	Manu Chowdary	2	3	0	0	66.67	RHB	run out Balu	31933873	1973340	GTCC - Spring League 2026	12	TENNIS
B	24327440	2	Deccan Avengers	Kishore Nomula	0	2	0	0	0.00	RHB	c Shyam komaravolu b Raghuvardhan Reddy	39217424	1973340	GTCC - Spring League 2026	12	TENNIS
B	24327440	2	Deccan Avengers	Abhi b	2	7	0	0	28.57	RHB	c †Altaf Ahmed b Raghuvardhan Reddy	22916114	1973340	GTCC - Spring League 2026	12	TENNIS
B	24327440	2	Deccan Avengers	Manoj Kumar Gunda	2	3	0	0	66.67	RHB	b Raghuvardhan Reddy	22916115	1973340	GTCC - Spring League 2026	12	TENNIS
B	24327440	2	Deccan Avengers	Ganesh	12	11	0	1	109.09	RHB	c Murali krishna b Mahesh shetty nani	23100592	1973340	GTCC - Spring League 2026	12	TENNIS
B	24327440	2	Deccan Avengers	Sai charan	1	4	0	0	25.00	RHB	c Siva Sankar Reddy b Balu	31253860	1973340	GTCC - Spring League 2026	12	TENNIS
B	24327440	2	Deccan Avengers	Manoj Kumar Medarametla	1	6	0	0	16.67	RHB	c Murali krishna b Rohit Chahal	39063308	1973340	GTCC - Spring League 2026	12	TENNIS
B	24327440	2	Deccan Avengers	Manoj Gayam	0	0	0	0	0.00	RHB	run out Shyam komaravolu	39879802	1973340	GTCC - Spring League 2026	12	TENNIS
W	24327440	2	Marvels	Eswar P	2	0	8	2	9	0	1	0	0	4.00	22652758	1973340	GTCC - Spring League 2026	12	TENNIS
W	24327440	2	Marvels	Raghuvardhan Reddy	2	0	6	3	9	0	0	2	0	3.00	15600146	1973340	GTCC - Spring League 2026	12	TENNIS
W	24327440	2	Marvels	Mahesh shetty nani	2	0	12	1	5	0	1	0	0	6.00	31475597	1973340	GTCC - Spring League 2026	12	TENNIS
W	24327440	2	Marvels	Balu	2	0	11	1	6	0	0	3	0	5.50	3592747	1973340	GTCC - Spring League 2026	12	TENNIS
W	24327440	2	Marvels	Rohit Chahal	1	0	5	1	3	0	0	2	0	5.00	23545274	1973340	GTCC - Spring League 2026	12	TENNIS
W	24327440	2	Marvels	Murali krishna	0.3	0	0	0	3	0	0	0	0	0.00	21441516	1973340	GTCC - Spring League 2026	12	TENNIS
B	24327443	1	Whitby warriors	Harmanpreet Singh	16	13	1	1	123.08	RHB	c Anandhu Nair b Dilin George	50094181	1973340	GTCC - Spring League 2026	12	TENNIS
B	24327443	1	Whitby warriors	Rajiv Mishra	7	15	0	0	46.67	RHB	c †JAMES b Ananthu Krishna	50068951	1973340	GTCC - Spring League 2026	12	TENNIS
B	24327443	1	Whitby warriors	Pulkit Malhotra	3	3	0	0	100.00	RHB	c Dilin George b Sanjeev Yadav	30168192	1973340	GTCC - Spring League 2026	12	TENNIS
B	24327443	1	Whitby warriors	Tarun jaswal	31	26	1	2	119.23	RHB	c Eapen Jacob b Dilin George	30147776	1973340	GTCC - Spring League 2026	12	TENNIS
B	24327443	1	Whitby warriors	Abhinandan Sathyanarayan	14	9	0	1	155.56	RHB	not out	30087211	1973340	GTCC - Spring League 2026	12	TENNIS
B	24327443	1	Whitby warriors	Neeraj Jindal	0	1	0	0	0.00	RHB	c Lebin Nelson b Dilin George	50089490	1973340	GTCC - Spring League 2026	12	TENNIS
B	24327443	1	Whitby warriors	Balkar singh	1	4	0	0	25.00	RHB	c †JAMES b Anandhu Nair	41693676	1973340	GTCC - Spring League 2026	12	TENNIS
B	24327443	1	Whitby warriors	Gurman Singh  (wk)	1	2	0	0	50.00	LHB	not out	50071259	1973340	GTCC - Spring League 2026	12	TENNIS
W	24327443	1	Peterborough Tuskers	Dilin George	3	0	23	3	8	0	1	2	1	7.67	31748024	1973340	GTCC - Spring League 2026	12	TENNIS
W	24327443	1	Peterborough Tuskers	Sanjeev Yadav	3	0	21	1	8	2	0	3	0	7.00	41453133	1973340	GTCC - Spring League 2026	12	TENNIS
W	24327443	1	Peterborough Tuskers	Anandhu Nair	2	0	13	1	6	0	1	1	0	6.50	8815372	1973340	GTCC - Spring League 2026	12	TENNIS
W	24327443	1	Peterborough Tuskers	Ananthu Krishna	2	0	9	1	6	0	0	3	0	4.50	42314455	1973340	GTCC - Spring League 2026	12	TENNIS
W	24327443	1	Peterborough Tuskers	Eapen Jacob	2	0	18	0	6	0	2	1	0	9.00	31748016	1973340	GTCC - Spring League 2026	12	TENNIS
B	24327443	2	Peterborough Tuskers	Lebin Nelson	24	21	1	2	114.29	LHB	c †Gurman Singh b Abhishek Vij	31748019	1973340	GTCC - Spring League 2026	12	TENNIS
B	24327443	2	Peterborough Tuskers	Eapen Jacob	1	2	0	0	50.00	RHB	c Sukhpreet Singh b Balkar singh	31748016	1973340	GTCC - Spring League 2026	12	TENNIS
B	24327443	2	Peterborough Tuskers	Sanjeev Yadav	0	2	0	0	0.00	RHB	c Harmanpreet Singh b Rahul Kalra	41453133	1973340	GTCC - Spring League 2026	12	TENNIS
B	24327443	2	Peterborough Tuskers	Nitin Chakkatil	22	21	2	0	104.76	RHB	c †Gurman Singh b Tarun jaswal	27670481	1973340	GTCC - Spring League 2026	12	TENNIS
B	24327443	2	Peterborough Tuskers	Alen Franklin  (c)	5	7	1	0	71.43	RHB	c †Gurman Singh b Tarun jaswal	31748023	1973340	GTCC - Spring League 2026	12	TENNIS
B	24327443	2	Peterborough Tuskers	Sebin Siby (Zebatti)	5	8	0	0	62.50	RHB	c Abhishek Vij b Rahul Kalra	31748015	1973340	GTCC - Spring League 2026	12	TENNIS
B	24327443	2	Peterborough Tuskers	JAMES	2	4	0	0	50.00	RHB	run out Abhishek Vij	9386042	1973340	GTCC - Spring League 2026	12	TENNIS
B	24327443	2	Peterborough Tuskers	Dilin George	8	8	0	0	100.00	RHB	c †Gurman Singh b Abhishek Vij	31748024	1973340	GTCC - Spring League 2026	12	TENNIS
B	24327443	2	Peterborough Tuskers	Ananthu Krishna	0	0	0	0	0.00	RHB	run out † Gurman Singh	42314455	1973340	GTCC - Spring League 2026	12	TENNIS
B	24327443	2	Peterborough Tuskers	Mohammed Shahin	2	2	0	0	100.00	RHB	not out	31748020	1973340	GTCC - Spring League 2026	12	TENNIS
W	24327443	2	Whitby warriors	Rahul Kalra  (c)	3	0	13	2	12	2	0	1	0	4.33	10138742	1973340	GTCC - Spring League 2026	12	TENNIS
W	24327443	2	Whitby warriors	Balkar singh	2	0	19	1	5	1	1	1	1	9.50	41693676	1973340	GTCC - Spring League 2026	12	TENNIS
W	24327443	2	Whitby warriors	Tarun jaswal	3	0	16	2	10	1	0	2	1	5.33	30147776	1973340	GTCC - Spring League 2026	12	TENNIS
W	24327443	2	Whitby warriors	Neeraj Jindal	2	0	16	0	1	0	0	1	1	8.00	50089490	1973340	GTCC - Spring League 2026	12	TENNIS
W	24327443	2	Whitby warriors	Abhishek Vij	2	0	14	2	7	0	1	1	0	7.00	30087208	1973340	GTCC - Spring League 2026	12	TENNIS
B	24327435	1	Golden City	Parry  (c)	7	15	0	0	46.67	RHB	c MOHAMMED MANNAN ALI b Mir Mujahed Ali	38211758	1973340	GTCC - Spring League 2026	7	TENNIS
B	24327435	1	Golden City	Abhishek Thakur	23	22	0	2	104.55	LHB	not out	39122063	1973340	GTCC - Spring League 2026	7	TENNIS
B	24327435	1	Golden City	Abhi dhami	2	5	0	0	40.00	RHB	run out Mohammed Emad / Irfan Mohammed	42525345	1973340	GTCC - Spring League 2026	7	TENNIS
W	24327435	1	Downtown Hunterz	Mohammed Abdul Salman	1	0	8	0	4	0	0	4	0	8.00	49754437	1973340	GTCC - Spring League 2026	7	TENNIS
W	24327435	1	Downtown Hunterz	Mohammed Khulaidi	1	0	4	0	2	0	0	0	0	4.00	31096973	1973340	GTCC - Spring League 2026	7	TENNIS
W	24327435	1	Downtown Hunterz	Sam	1	0	9	0	3	0	1	1	0	9.00	42529904	1973340	GTCC - Spring League 2026	7	TENNIS
W	24327435	1	Downtown Hunterz	Hassan khulaidi	2	0	11	0	8	0	1	1	0	5.50	31856676	1973340	GTCC - Spring League 2026	7	TENNIS
W	24327435	1	Downtown Hunterz	Mir Mujahed Ali	2	0	9	1	5	0	0	2	0	4.50	41497900	1973340	GTCC - Spring League 2026	7	TENNIS
B	24327435	2	Downtown Hunterz	Irfan Mohammed	0	2	0	0	0.00	RHB	c †Abhy b Abhi dhami	15608701	1973340	GTCC - Spring League 2026	7	TENNIS
B	24327435	2	Downtown Hunterz	Akram khan	2	4	0	0	50.00	LHB	b Abhi dhami	31095416	1973340	GTCC - Spring League 2026	7	TENNIS
B	24327435	2	Downtown Hunterz	Hassan khulaidi	27	17	2	2	158.82	RHB	not out	31856676	1973340	GTCC - Spring League 2026	7	TENNIS
B	24327435	2	Downtown Hunterz	AsRar RaHman  (c)	7	9	0	0	77.78	RHB	not out	42406798	1973340	GTCC - Spring League 2026	7	TENNIS
W	24327435	2	Golden City	Abhi dhami	2	1	5	2	8	0	0	0	0	2.50	42525345	1973340	GTCC - Spring League 2026	7	TENNIS
W	24327435	2	Golden City	Shaibaz Khan	1	0	18	0	2	0	2	1	1	18.00	41537512	1973340	GTCC - Spring League 2026	7	TENNIS
W	24327435	2	Golden City	Harmeet Singh	1	0	9	0	3	0	0	2	1	9.00	39255428	1973340	GTCC - Spring League 2026	7	TENNIS
W	24327435	2	Golden City	Abhishek Thakur	1	0	9	0	3	2	0	0	0	9.00	39122063	1973340	GTCC - Spring League 2026	7	TENNIS
B	24327446	1	Red Dragons	Abhi K	0	2	0	0	0.00	RHB	c Saurav b Ashu Sharma	42838777	1973340	GTCC - Spring League 2026	12	TENNIS
B	24327446	1	Red Dragons	Ram K	0	3	0	0	0.00	RHB	b Navdeep Singh	50378644	1973340	GTCC - Spring League 2026	12	TENNIS
B	24327446	1	Red Dragons	Suresh Sekar  (wk)	12	15	2	0	80.00	RHB	b Amandeep Singh	42851790	1973340	GTCC - Spring League 2026	12	TENNIS
B	24327446	1	Red Dragons	Ravikumar Swaminathan	10	16	0	0	62.50	RHB	c Saurav b Karan Bajwa	29716954	1973340	GTCC - Spring League 2026	12	TENNIS
B	24327446	1	Red Dragons	Gayatri Das G	21	16	1	1	131.25	RHB	c Ashu Sharma b Saurav	9736753	1973340	GTCC - Spring League 2026	12	TENNIS
B	24327446	1	Red Dragons	Lakku	12	7	2	0	171.43	RHB	c Hemanth Lingraj b Saurav	9736741	1973340	GTCC - Spring League 2026	12	TENNIS
B	24327446	1	Red Dragons	Ashok Balakrishnan	7	7	0	0	100.00	RHB	c Amandeep Singh b Navdeep Singh	39878064	1973340	GTCC - Spring League 2026	12	TENNIS
B	24327446	1	Red Dragons	Srini Vas	0	1	0	0	0.00	RHB	b Navdeep Singh	19804600	1973340	GTCC - Spring League 2026	12	TENNIS
B	24327446	1	Red Dragons	Vijay Rajendran	1	3	0	0	33.33	RHB	c †Aashish TIWARI b Saurav	42854431	1973340	GTCC - Spring League 2026	12	TENNIS
B	24327446	1	Red Dragons	Sarav Kandaswamy	3	2	0	0	150.00	RHB	not out	42838749	1973340	GTCC - Spring League 2026	12	TENNIS
B	24327446	1	Red Dragons	Saurabh Singh	0	1	0	0	0.00	RHB	c Chetan b Saurav	42838591	1973340	GTCC - Spring League 2026	12	TENNIS
W	24327446	1	Friends United	Ashu Sharma	2	0	9	1	7	1	0	0	0	4.50	6562419	1973340	GTCC - Spring League 2026	12	TENNIS
W	24327446	1	Friends United	Navdeep Singh	3	0	13	3	13	1	0	3	0	4.33	39095211	1973340	GTCC - Spring League 2026	12	TENNIS
W	24327446	1	Friends United	Amandeep Singh	2	0	13	1	3	1	0	0	0	6.50	39148817	1973340	GTCC - Spring League 2026	12	TENNIS
W	24327446	1	Friends United	Karan Bajwa	2	0	17	1	4	0	1	2	1	8.50	6249085	1973340	GTCC - Spring League 2026	12	TENNIS
W	24327446	1	Friends United	Gurpreet singh	1	0	14	0	1	2	0	1	0	14.00	41628752	1973340	GTCC - Spring League 2026	12	TENNIS
W	24327446	1	Friends United	Saurav  (c)	2	0	7	4	7	0	0	0	0	3.50	38188893	1973340	GTCC - Spring League 2026	12	TENNIS
B	24327446	2	Friends United	Chetan	27	16	3	1	168.75	RHB	c Srini Vas b Saurabh Singh	22115674	1973340	GTCC - Spring League 2026	12	TENNIS
B	24327446	2	Friends United	Saurav  (c)	33	22	0	4	150.00	RHB	not out	38188893	1973340	GTCC - Spring League 2026	12	TENNIS
B	24327446	2	Friends United	Ashu Sharma	1	2	0	0	50.00	RHB	c †Suresh Sekar b Lakku	6562419	1973340	GTCC - Spring League 2026	12	TENNIS
B	24327446	2	Friends United	Harmanjot Singh	0	1	0	0	0.00	LHB	c Ashok Balakrishnan b Lakku	41628927	1973340	GTCC - Spring League 2026	12	TENNIS
B	24327446	2	Friends United	Amandeep Singh	8	6	1	0	133.33	RHB	not out	39148817	1973340	GTCC - Spring League 2026	12	TENNIS
W	24327446	2	Red Dragons	Ashok Balakrishnan	2	0	25	0	4	2	1	2	0	12.50	39878064	1973340	GTCC - Spring League 2026	12	TENNIS
W	24327446	2	Red Dragons	Lakku	2	0	21	2	6	1	2	2	0	10.50	9736741	1973340	GTCC - Spring League 2026	12	TENNIS
W	24327446	2	Red Dragons	Gayatri Das G	1	0	12	0	4	0	2	0	0	12.00	9736753	1973340	GTCC - Spring League 2026	12	TENNIS
W	24327446	2	Red Dragons	Saurabh Singh	2	0	10	1	5	0	0	2	0	5.00	42838591	1973340	GTCC - Spring League 2026	12	TENNIS
W	24327446	2	Red Dragons	Vijay Rajendran	0.5	0	7	0	1	1	0	0	0	8.40	42854431	1973340	GTCC - Spring League 2026	12	TENNIS
B	24327449	1	Durham United	Abhishek Koneri	5	9	0	0	55.56	RHB	c Alen Franklin b Dilin George	9779769	1973340	GTCC - Spring League 2026	12	TENNIS
B	24327449	1	Durham United	Amitkumar Gupta  (wk)	26	12	3	1	216.67	RHB	run out Ananthu Krishna	40436326	1973340	GTCC - Spring League 2026	12	TENNIS
B	24327449	1	Durham United	Kunal Chopra	21	15	1	2	140.00	RHB	c †JAMES b Eapen Jacob	16694647	1973340	GTCC - Spring League 2026	12	TENNIS
B	24327449	1	Durham United	Utkarsh Siingh	0	1	0	0	0.00	LHB	c Eapen Jacob b Ananthu Krishna	15282905	1973340	GTCC - Spring League 2026	12	TENNIS
B	24327449	1	Durham United	Girish Shivnani  (c)	2	5	0	0	40.00	RHB	c Lebin Nelson b Ananthu Krishna	5624526	1973340	GTCC - Spring League 2026	12	TENNIS
B	24327449	1	Durham United	Prateek Jain	4	5	0	0	80.00	RHB	c Lebin Nelson b Sebin Siby (Zebatti)	40568075	1973340	GTCC - Spring League 2026	12	TENNIS
B	24327449	1	Durham United	Jijo mathew	2	6	0	0	33.33	RHB	c Abdulwakil Khalid b Eapen Jacob	20885047	1973340	GTCC - Spring League 2026	12	TENNIS
B	24327449	1	Durham United	Junaid Rafiq	7	7	1	0	100.00	RHB	c Ananthu Krishna b Eapen Jacob	2668434	1973340	GTCC - Spring League 2026	12	TENNIS
B	24327449	1	Durham United	Baljinder Singh	18	11	2	1	163.64	RHB	not out	4138232	1973340	GTCC - Spring League 2026	12	TENNIS
B	24327449	1	Durham United	Rajesh Babu Gangula	6	2	0	1	300.00	RHB	not out	30013922	1973340	GTCC - Spring League 2026	12	TENNIS
W	24327449	1	Peterborough Tuskers	Dilin George	3	0	22	1	7	1	1	2	0	7.33	31748024	1973340	GTCC - Spring League 2026	12	TENNIS
W	24327449	1	Peterborough Tuskers	Abdulwakil Khalid	1	0	18	0	0	2	1	0	0	18.00	50154273	1973340	GTCC - Spring League 2026	12	TENNIS
W	24327449	1	Peterborough Tuskers	Anandhu Nair	1	0	10	0	2	1	0	1	1	10.00	8815372	1973340	GTCC - Spring League 2026	12	TENNIS
W	24327449	1	Peterborough Tuskers	Sebin Siby (Zebatti)	2	0	21	1	7	2	2	0	0	10.50	31748015	1973340	GTCC - Spring League 2026	12	TENNIS
W	24327449	1	Peterborough Tuskers	Ananthu Krishna	2	0	10	2	5	0	0	2	0	5.00	42314455	1973340	GTCC - Spring League 2026	12	TENNIS
W	24327449	1	Peterborough Tuskers	Eapen Jacob	3	0	16	3	10	1	1	0	0	5.33	31748016	1973340	GTCC - Spring League 2026	12	TENNIS
B	24327449	2	Peterborough Tuskers	Lebin Nelson	8	6	0	1	133.33	LHB	c&b Kunal Chopra	31748019	1973340	GTCC - Spring League 2026	12	TENNIS
B	24327449	2	Peterborough Tuskers	Eapen Jacob	1	4	0	0	25.00	RHB	c †Amitkumar Gupta b Rajesh Babu Gangula	31748016	1973340	GTCC - Spring League 2026	12	TENNIS
B	24327449	2	Peterborough Tuskers	Sebin Siby (Zebatti)	1	3	0	0	33.33	RHB	c Prateek Jain b Rajesh Babu Gangula	31748015	1973340	GTCC - Spring League 2026	12	TENNIS
B	24327449	2	Peterborough Tuskers	Alen Franklin  (c)	7	3	0	1	233.33	RHB	c †Amitkumar Gupta b Kunal Chopra	31748023	1973340	GTCC - Spring League 2026	12	TENNIS
B	24327449	2	Peterborough Tuskers	Nitin Chakkatil	19	15	0	1	126.67	RHB	c Kunal Chopra b Baljinder Singh	27670481	1973340	GTCC - Spring League 2026	12	TENNIS
B	24327449	2	Peterborough Tuskers	Mohammed Shahin	1	4	0	0	25.00	RHB	c Kunal Chopra b Utkarsh Siingh	31748020	1973340	GTCC - Spring League 2026	12	TENNIS
B	24327449	2	Peterborough Tuskers	JAMES  (wk)	20	24	0	1	83.33	RHB	not out	9386042	1973340	GTCC - Spring League 2026	12	TENNIS
B	24327449	2	Peterborough Tuskers	Abdulwakil Khalid	11	7	0	1	157.14	RHB	c&b Baljinder Singh	50154273	1973340	GTCC - Spring League 2026	12	TENNIS
B	24327449	2	Peterborough Tuskers	Ananthu Krishna	4	6	0	0	66.67	RHB	c Rajesh Babu Gangula b Jijo mathew	42314455	1973340	GTCC - Spring League 2026	12	TENNIS
W	24327449	2	Durham United	Kunal Chopra	3	0	19	2	9	0	2	0	0	6.33	16694647	1973340	GTCC - Spring League 2026	12	TENNIS
W	24327449	2	Durham United	Rajesh Babu Gangula	3	0	23	2	6	0	2	0	0	7.67	30013922	1973340	GTCC - Spring League 2026	12	TENNIS
W	24327449	2	Durham United	Utkarsh Siingh	2	0	7	1	5	0	0	0	0	3.50	15282905	1973340	GTCC - Spring League 2026	12	TENNIS
W	24327449	2	Durham United	Jijo mathew	2	0	16	1	4	0	1	1	0	8.00	20885047	1973340	GTCC - Spring League 2026	12	TENNIS
W	24327449	2	Durham United	Baljinder Singh	2	0	8	2	7	0	0	0	0	4.00	4138232	1973340	GTCC - Spring League 2026	12	TENNIS
B	24327452	1	Golden City	Parry  (c)	2	6	0	0	33.33	RHB	c Santosh Cheruku b Anudeep Kona	38211758	1973340	GTCC - Spring League 2026	12	TENNIS
B	24327452	1	Golden City	Preetinder Brar	0	1	0	0	0.00	RHB	c Bharath Reddy b Anudeep Kona	40870987	1973340	GTCC - Spring League 2026	12	TENNIS
B	24327452	1	Golden City	Jagjeet singh	3	6	0	0	50.00	RHB	c Vinit B b Avinash Ayyamgari	49882883	1973340	GTCC - Spring League 2026	12	TENNIS
B	24327452	1	Golden City	Harpreet Parmar	7	13	0	0	53.85	RHB	c †Pardhu Madarapu b Gunasekhar Enugu	42046780	1973340	GTCC - Spring League 2026	12	TENNIS
B	24327452	1	Golden City	Shaibaz Khan	7	11	0	0	63.64	RHB	c Santosh Cheruku b Abhishek Chennamaneni	41537512	1973340	GTCC - Spring League 2026	12	TENNIS
B	24327452	1	Golden City	Abhi dhami	4	5	0	0	80.00	RHB	c Avinash Ayyamgari b Gunasekhar Enugu	42525345	1973340	GTCC - Spring League 2026	12	TENNIS
B	24327452	1	Golden City	Abhy  (wk)	13	10	1	0	130.00	RHB	run out Kareem / Abhishek Chennamaneni	39113369	1973340	GTCC - Spring League 2026	12	TENNIS
B	24327452	1	Golden City	Abhishek Thakur	17	13	1	1	130.77	LHB	c&b Anudeep Kona	39122063	1973340	GTCC - Spring League 2026	12	TENNIS
B	24327452	1	Golden City	Jasraj Singh	15	7	0	2	214.29	RHB	c&b Abhishek Chennamaneni	42437530	1973340	GTCC - Spring League 2026	12	TENNIS
B	24327452	1	Golden City	Sumit	0	0	0	0	0.00	RHB	not out	13339410	1973340	GTCC - Spring League 2026	12	TENNIS
W	24327452	1	TRAILBLAZERS GTCC	Anudeep Kona	3	0	26	3	9	0	3	1	0	8.67	41692406	1973340	GTCC - Spring League 2026	12	TENNIS
W	24327452	1	TRAILBLAZERS GTCC	Avinash Ayyamgari	2	0	7	1	9	0	0	1	0	3.50	9895613	1973340	GTCC - Spring League 2026	12	TENNIS
W	24327452	1	TRAILBLAZERS GTCC	Abhishek Chennamaneni	3	0	16	2	8	1	0	0	0	5.33	2982610	1973340	GTCC - Spring League 2026	12	TENNIS
W	24327452	1	TRAILBLAZERS GTCC	Gunasekhar Enugu	2	0	11	2	6	0	0	3	0	5.50	50181359	1973340	GTCC - Spring League 2026	12	TENNIS
W	24327452	1	TRAILBLAZERS GTCC	Pardhu Madarapu	1	0	8	0	1	0	0	0	0	8.00	15282834	1973340	GTCC - Spring League 2026	12	TENNIS
W	24327452	1	TRAILBLAZERS GTCC	Phani  (c)	1	0	5	0	4	1	0	0	0	5.00	132317	1973340	GTCC - Spring League 2026	12	TENNIS
B	24327452	2	TRAILBLAZERS GTCC	Bharath Reddy	10	21	0	0	47.62	RHB	retired out	5949924	1973340	GTCC - Spring League 2026	12	TENNIS
B	24327452	2	TRAILBLAZERS GTCC	Vinit B	8	11	0	0	72.73	RHB	retired out	15282968	1973340	GTCC - Spring League 2026	12	TENNIS
B	24327452	2	TRAILBLAZERS GTCC	Abhishek Chennamaneni	1	5	0	0	20.00	RHB	b Harmeet Singh	2982610	1973340	GTCC - Spring League 2026	12	TENNIS
B	24327452	2	TRAILBLAZERS GTCC	Anudeep Kona	17	15	0	1	113.33	RHB	c †Abhy b Abhi dhami	41692406	1973340	GTCC - Spring League 2026	12	TENNIS
B	24327452	2	TRAILBLAZERS GTCC	Santosh Cheruku	2	2	0	0	100.00	RHB	b Harmeet Singh	15282824	1973340	GTCC - Spring League 2026	12	TENNIS
B	24327452	2	TRAILBLAZERS GTCC	Phani  (c)	13	15	0	0	86.67	RHB	not out	132317	1973340	GTCC - Spring League 2026	12	TENNIS
B	24327452	2	TRAILBLAZERS GTCC	Kareem	6	5	1	0	120.00	RHB	not out	15699053	1973340	GTCC - Spring League 2026	12	TENNIS
W	24327452	2	Golden City	Shaibaz Khan	3	1	14	0	11	0	0	0	0	4.67	41537512	1973340	GTCC - Spring League 2026	12	TENNIS
W	24327452	2	Golden City	Ragu Sharma	2	0	6	0	7	0	0	1	0	3.00	39147762	1973340	GTCC - Spring League 2026	12	TENNIS
W	24327452	2	Golden City	Harmeet Singh	2	0	11	2	5	0	0	1	0	5.50	39255428	1973340	GTCC - Spring League 2026	12	TENNIS
W	24327452	2	Golden City	Abhi dhami	3	0	13	1	9	0	0	1	1	4.33	42525345	1973340	GTCC - Spring League 2026	12	TENNIS
W	24327452	2	Golden City	Jasraj Singh	1	0	12	0	2	0	1	0	1	12.00	42437530	1973340	GTCC - Spring League 2026	12	TENNIS
W	24327452	2	Golden City	Abhishek Thakur	1	0	6	0	3	1	0	0	0	6.00	39122063	1973340	GTCC - Spring League 2026	12	TENNIS
B	24327464	1	Mask XI	Jatibrata Acharya	0	3	0	0	0.00	RHB	c Chaitanya Tummala b RamaRao Boyapati	31908570	1973340	GTCC - Spring League 2026	10	TENNIS
B	24327464	1	Mask XI	Subham Rout	8	12	0	0	66.67	RHB	c Dileep Nannore b Jaswanth Reddy	41248473	1973340	GTCC - Spring League 2026	10	TENNIS
B	24327464	1	Mask XI	Shahrukh Khan	4	5	0	0	80.00	RHB	c Jaswanth Reddy b Tejeswar Palla	31050554	1973340	GTCC - Spring League 2026	10	TENNIS
B	24327464	1	Mask XI	Shashank Mishra  (c)	7	13	0	0	53.85	RHB	retired hurt	15406334	1973340	GTCC - Spring League 2026	10	TENNIS
B	24327464	1	Mask XI	Ravi Kiran	14	12	0	1	116.67	RHB	c Harish Challa b Jaswanth Reddy	42956756	1973340	GTCC - Spring League 2026	10	TENNIS
B	24327464	1	Mask XI	Roshan Tripathy	12	5	0	1	240.00	RHB	run out Harish Challa	15931269	1973340	GTCC - Spring League 2026	10	TENNIS
B	24327464	1	Mask XI	Rajeev Mohanan	0	2	0	0	0.00	RHB	c Chaitanya Tummala b Jaswanth Reddy	49944841	1973340	GTCC - Spring League 2026	10	TENNIS
B	24327464	1	Mask XI	Tatva Shah	1	2	0	0	50.00	LHB	c&b Sai Sharan Pandramish	29208721	1973340	GTCC - Spring League 2026	10	TENNIS
B	24327464	1	Mask XI	Parag	4	6	0	0	66.67	RHB	not out	3752313	1973340	GTCC - Spring League 2026	10	TENNIS
W	24327464	1	Whitby Thunderbolts Gtcc hard tennis	RamaRao Boyapati	2	0	2	1	10	0	0	0	0	1.00	24281581	1973340	GTCC - Spring League 2026	10	TENNIS
W	24327464	1	Whitby Thunderbolts Gtcc hard tennis	Tejeswar Palla	2	0	18	1	2	0	1	0	0	9.00	32789191	1973340	GTCC - Spring League 2026	10	TENNIS
W	24327464	1	Whitby Thunderbolts Gtcc hard tennis	Dileep Nannore	2	0	10	0	6	0	0	2	0	5.00	15992998	1973340	GTCC - Spring League 2026	10	TENNIS
W	24327464	1	Whitby Thunderbolts Gtcc hard tennis	Jaswanth Reddy	2	0	14	3	5	0	1	0	0	7.00	22732988	1973340	GTCC - Spring League 2026	10	TENNIS
W	24327464	1	Whitby Thunderbolts Gtcc hard tennis	Sai Sharan Pandramish	2	0	9	1	5	0	0	1	0	4.50	23646490	1973340	GTCC - Spring League 2026	10	TENNIS
B	24327464	2	Whitby Thunderbolts Gtcc hard tennis	Anekh Reddy	1	3	0	0	33.33	RHB	c Jatibrata Acharya b Shashank Mishra	30154781	1973340	GTCC - Spring League 2026	10	TENNIS
B	24327464	2	Whitby Thunderbolts Gtcc hard tennis	Venkata Balaji Balabha Drapatruni	5	17	0	0	29.41	LHB	retired hurt	23656575	1973340	GTCC - Spring League 2026	10	TENNIS
B	24327464	2	Whitby Thunderbolts Gtcc hard tennis	Junaid Usmani	16	14	0	1	114.29	RHB	c Ravi Kiran b Parag	15998322	1973340	GTCC - Spring League 2026	10	TENNIS
B	24327464	2	Whitby Thunderbolts Gtcc hard tennis	Chaitanya Tummala	3	8	0	0	37.50	LHB	c †Alok Mishra b Shahrukh Khan	9213048	1973340	GTCC - Spring League 2026	10	TENNIS
B	24327464	2	Whitby Thunderbolts Gtcc hard tennis	Jaswanth Reddy	1	2	0	0	50.00	RHB	b Shahrukh Khan	22732988	1973340	GTCC - Spring League 2026	10	TENNIS
B	24327464	2	Whitby Thunderbolts Gtcc hard tennis	Dileep Nannore	14	10	0	1	140.00	RHB	not out	15992998	1973340	GTCC - Spring League 2026	10	TENNIS
B	24327464	2	Whitby Thunderbolts Gtcc hard tennis	RamaRao Boyapati	4	5	0	0	80.00	RHB	run out † Alok Mishra	24281581	1973340	GTCC - Spring League 2026	10	TENNIS
B	24327464	2	Whitby Thunderbolts Gtcc hard tennis	Srinivasu.K	2	1	0	0	200.00	RHB	not out	2620753	1973340	GTCC - Spring League 2026	10	TENNIS
W	24327464	2	Mask XI	Shashank Mishra  (c)	2	0	8	1	4	0	0	0	0	4.00	15406334	1973340	GTCC - Spring League 2026	10	TENNIS
W	24327464	2	Mask XI	Shahrukh Khan	2	0	7	2	7	0	0	2	0	3.50	31050554	1973340	GTCC - Spring League 2026	10	TENNIS
W	24327464	2	Mask XI	Chaitanya Thangeda	2	1	4	0	8	0	0	0	0	2.00	23290327	1973340	GTCC - Spring League 2026	10	TENNIS
W	24327464	2	Mask XI	Roshan Tripathy	2	0	17	0	5	0	2	0	0	8.50	15931269	1973340	GTCC - Spring League 2026	10	TENNIS
W	24327464	2	Mask XI	Parag	2	0	16	1	4	0	0	4	0	8.00	3752313	1973340	GTCC - Spring League 2026	10	TENNIS
B	24327460	1	North Star T12	Sunny Singhi	5	5	0	0	100.00	LHB	c Divyanshu Thakur b Harsh Pratap Singh Yadav	21484993	1973340	GTCC - Spring League 2026	12	TENNIS
B	24327460	1	North Star T12	Raghavendra Naik	66	32	3	6	206.25	RHB	c&b Surjeet Singh	15832543	1973340	GTCC - Spring League 2026	12	TENNIS
B	24327460	1	North Star T12	Jaideep (JD)  (wk)	4	4	0	0	100.00	RHB	c †Pawan Khaira b Surjeet Singh	9081230	1973340	GTCC - Spring League 2026	12	TENNIS
B	24327460	1	North Star T12	Ashish Khattar	10	12	0	0	83.33	RHB	c Surjeet Singh b Divyanshu Thakur	16183456	1973340	GTCC - Spring League 2026	12	TENNIS
B	24327460	1	North Star T12	Bhuvan Anand  (c)	8	9	0	0	88.89	RHB	retired out	16145433	1973340	GTCC - Spring League 2026	12	TENNIS
B	24327460	1	North Star T12	Nilay Shah	7	3	0	1	233.33	RHB	c Surjeet Singh b Divyanshu Thakur	31954578	1973340	GTCC - Spring League 2026	12	TENNIS
B	24327460	1	North Star T12	Devesh Cricket	10	6	0	0	166.67	RHB	not out	40652754	1973340	GTCC - Spring League 2026	12	TENNIS
B	24327460	1	North Star T12	Srikanth Lahoti	0	1	0	0	0.00	RHB	c Jigar Sheth b Abhishek Kansara	4155955	1973340	GTCC - Spring League 2026	12	TENNIS
B	24327460	1	North Star T12	Gautham Krishnaprasad	0	1	0	0	0.00	RHB	c Divyanshu Thakur b Abhishek Kansara	41973015	1973340	GTCC - Spring League 2026	12	TENNIS
B	24327460	1	North Star T12	Vishad Bajaj	2	2	0	0	100.00	RHB	not out	49944061	1973340	GTCC - Spring League 2026	12	TENNIS
W	24327460	1	Maple Eagles	Amandeep Singh	2	0	24	0	1	2	1	0	0	12.00	41624226	1973340	GTCC - Spring League 2026	12	TENNIS
W	24327460	1	Maple Eagles	Sanjiv sharma	0.3	0	16	0	0	1	2	0	0	32.00	39683013	1973340	GTCC - Spring League 2026	12	TENNIS
W	24327460	1	Maple Eagles	Satwinder Singh	0.3	0	10	0	1	0	1	0	1	20.00	42515588	1973340	GTCC - Spring League 2026	12	TENNIS
W	24327460	1	Maple Eagles	Harsh Pratap Singh Yadav	2	0	17	1	3	0	1	0	0	8.50	38589007	1973340	GTCC - Spring League 2026	12	TENNIS
W	24327460	1	Maple Eagles	Surjeet Singh	3	0	31	2	6	0	2	4	1	10.33	38766896	1973340	GTCC - Spring League 2026	12	TENNIS
W	24327460	1	Maple Eagles	Divyanshu Thakur	3	0	15	2	8	0	0	0	0	5.00	48651015	1973340	GTCC - Spring League 2026	12	TENNIS
W	24327460	1	Maple Eagles	Abhishek Kansara	1	0	6	2	3	0	0	0	1	6.00	49910481	1973340	GTCC - Spring League 2026	12	TENNIS
B	24327460	2	Maple Eagles	Divyanshu Thakur	7	6	1	0	116.67	RHB	c Srikanth Lahoti b Ashish Khattar	48651015	1973340	GTCC - Spring League 2026	12	TENNIS
B	24327460	2	Maple Eagles	Pawan Khaira  (wk)	36	16	1	4	225.00	RHB	c Sanjit Raut b Raghavendra Naik	32888366	1973340	GTCC - Spring League 2026	12	TENNIS
B	24327460	2	Maple Eagles	Satwinder Singh	23	10	2	2	230.00	RHB	c Sunny Singhi b Nilay Shah	42515588	1973340	GTCC - Spring League 2026	12	TENNIS
B	24327460	2	Maple Eagles	Amandeep Singh	32	25	1	3	128.00	RHB	not out	41624226	1973340	GTCC - Spring League 2026	12	TENNIS
B	24327460	2	Maple Eagles	Surjeet Singh	3	8	0	0	37.50	LHB	c †Jaideep (JD) b Ashish Khattar	38766896	1973340	GTCC - Spring League 2026	12	TENNIS
B	24327460	2	Maple Eagles	Pardeep Singh	3	6	0	0	50.00	RHB	c †Jaideep (JD) b Sanjit Raut	42485355	1973340	GTCC - Spring League 2026	12	TENNIS
B	24327460	2	Maple Eagles	Harsh Pratap Singh Yadav	2	1	0	0	200.00	RHB	not out	38589007	1973340	GTCC - Spring League 2026	12	TENNIS
W	24327460	2	North Star T12	Sanjit Raut	3	0	29	1	9	1	1	6	1	9.67	23646076	1973340	GTCC - Spring League 2026	12	TENNIS
W	24327460	2	North Star T12	Ashish Khattar	2.3	0	26	2	8	2	1	4	1	10.40	16183456	1973340	GTCC - Spring League 2026	12	TENNIS
W	24327460	2	North Star T12	Bhuvan Anand  (c)	1	0	31	0	0	1	4	0	1	31.00	16145433	1973340	GTCC - Spring League 2026	12	TENNIS
W	24327460	2	North Star T12	Nilay Shah	1	0	11	1	3	1	1	0	0	11.00	31954578	1973340	GTCC - Spring League 2026	12	TENNIS
W	24327460	2	North Star T12	Raghavendra Naik	2	0	6	1	8	0	0	1	0	3.00	15832543	1973340	GTCC - Spring League 2026	12	TENNIS
W	24327460	2	North Star T12	Sunny Singhi	2	0	18	0	6	0	2	0	0	9.00	21484993	1973340	GTCC - Spring League 2026	12	TENNIS
B	24327468	1	Rising Force XI	Rohit L	0	2	0	0	0.00	RHB	c †Anup john b Praveen Mathew	50123336	1973340	GTCC - Spring League 2026	12	TENNIS
B	24327468	1	Rising Force XI	Mohammed Nadeem Imran	0	1	0	0	0.00	RHB	c Praveen Mathew b Ginil Joseph	50379281	1973340	GTCC - Spring League 2026	12	TENNIS
B	24327468	1	Rising Force XI	Kvs Narayana	0	9	0	0	0.00	RHB	c †Anup john b Praveen Mathew	13816654	1973340	GTCC - Spring League 2026	12	TENNIS
B	24327468	1	Rising Force XI	Koustub Manchiraju  (c)	2	5	0	0	40.00	LHB	c †Anup john b Ginil Joseph	9406531	1973340	GTCC - Spring League 2026	12	TENNIS
B	24327468	1	Rising Force XI	Naveen Kumar	0	2	0	0	0.00	RHB	c Shebin Babu b Praveen Mathew	39875713	1973340	GTCC - Spring League 2026	12	TENNIS
B	24327468	1	Rising Force XI	Pavan Kumar	1	3	0	0	33.33	RHB	b Jinesh Joy	30175034	1973340	GTCC - Spring League 2026	12	TENNIS
B	24327468	1	Rising Force XI	Rakesh Pavuluri	12	19	0	0	63.16	RHB	c&b Ginil Joseph	21573196	1973340	GTCC - Spring League 2026	12	TENNIS
B	24327468	1	Rising Force XI	Chaitanya Vemavarapu	3	8	0	0	37.50	RHB	c&b Jinesh Joy	21572077	1973340	GTCC - Spring League 2026	12	TENNIS
B	24327468	1	Rising Force XI	Eshwar 	9	17	0	0	52.94	RHB	b Praveen Mathew	23100591	1973340	GTCC - Spring League 2026	12	TENNIS
B	24327468	1	Rising Force XI	Ashwin Moguram	1	5	0	0	20.00	RHB	st †Anup john b Praveen Mathew	21572238	1973340	GTCC - Spring League 2026	12	TENNIS
B	24327468	1	Rising Force XI	Akhil Nallapu	1	1	0	0	100.00	LHB	not out	20234564	1973340	GTCC - Spring League 2026	12	TENNIS
W	24327468	1	GTA Avengers	Praveen Mathew	3	0	6	5	15	0	0	2	0	2.00	27671093	1973340	GTCC - Spring League 2026	12	TENNIS
W	24327468	1	GTA Avengers	Ginil Joseph	3	0	5	3	13	0	0	0	0	1.67	27672341	1973340	GTCC - Spring League 2026	12	TENNIS
W	24327468	1	GTA Avengers	Jinesh Joy	2	0	5	2	8	0	0	1	0	2.50	19807001	1973340	GTCC - Spring League 2026	12	TENNIS
W	24327468	1	GTA Avengers	Jithin Johnson	1	0	6	0	2	0	0	2	0	6.00	39705826	1973340	GTCC - Spring League 2026	12	TENNIS
W	24327468	1	GTA Avengers	Charles Sebastian	2	0	9	0	5	0	0	1	0	4.50	39645887	1973340	GTCC - Spring League 2026	12	TENNIS
W	24327468	1	GTA Avengers	Julious M	1	0	4	0	2	0	0	0	0	4.00	39411092	1973340	GTCC - Spring League 2026	12	TENNIS
B	24327468	2	GTA Avengers	Ramkumar Pandarathil	8	11	0	0	72.73	RHB	c Ashwin Moguram b Chaitanya Vemavarapu	14295929	1973340	GTCC - Spring League 2026	12	TENNIS
B	24327468	2	GTA Avengers	Vivin Lukose	3	5	0	0	60.00	RHB	c Pavan Kumar b Akhil Nallapu	39645250	1973340	GTCC - Spring League 2026	12	TENNIS
B	24327468	2	GTA Avengers	Shebin Babu	4	5	0	0	80.00	RHB	c Ashwin Moguram b Chaitanya Vemavarapu	9470252	1973340	GTCC - Spring League 2026	12	TENNIS
B	24327468	2	GTA Avengers	Anto Paul	5	10	0	0	50.00	RHB	c Naveen Kumar b Kvs Narayana	21754688	1973340	GTCC - Spring League 2026	12	TENNIS
B	24327468	2	GTA Avengers	Anup john  (c & wk)	8	12	0	0	66.67	RHB	not out	39644296	1973340	GTCC - Spring League 2026	12	TENNIS
B	24327468	2	GTA Avengers	Julious M	0	7	0	0	0.00	RHB	run out Pavan Kumar	39411092	1973340	GTCC - Spring League 2026	12	TENNIS
B	24327468	2	GTA Avengers	Jinesh Joy	0	5	0	0	0.00	RHB	not out	19807001	1973340	GTCC - Spring League 2026	12	TENNIS
W	24327468	2	Rising Force XI	Chaitanya Vemavarapu	3	0	13	2	10	0	0	3	0	4.33	21572077	1973340	GTCC - Spring League 2026	12	TENNIS
W	24327468	2	Rising Force XI	Akhil Nallapu	1	0	7	1	3	0	0	1	0	7.00	20234564	1973340	GTCC - Spring League 2026	12	TENNIS
W	24327468	2	Rising Force XI	Pavan Kumar	2.1	0	5	0	9	0	0	1	0	2.31	30175034	1973340	GTCC - Spring League 2026	12	TENNIS
W	24327468	2	Rising Force XI	Eshwar 	1	0	6	0	3	0	0	1	0	6.00	23100591	1973340	GTCC - Spring League 2026	12	TENNIS
W	24327468	2	Rising Force XI	Kvs Narayana	2	0	4	1	9	0	0	1	0	2.00	13816654	1973340	GTCC - Spring League 2026	12	TENNIS
B	24327473	1	TCF DCC	Teja Kokkula  (wk)	1	3	0	0	33.33	RHB	c Harsha Settyvari b Eswar P	14055267	1973340	GTCC - Spring League 2026	12	TENNIS
B	24327473	1	TCF DCC	Rushi Mannepalli	15	14	1	0	107.14	RHB	run out Raghuvardhan Reddy / Altaf Ahmed	14762497	1973340	GTCC - Spring League 2026	12	TENNIS
B	24327473	1	TCF DCC	Sudheer Aki  (c)	0	1	0	0	0.00	RHB	c Balu b Eswar P	14762522	1973340	GTCC - Spring League 2026	12	TENNIS
B	24327473	1	TCF DCC	Leela Ashok	4	5	0	0	80.00	RHB	c Jitin p b Raghuvardhan Reddy	14762797	1973340	GTCC - Spring League 2026	12	TENNIS
B	24327473	1	TCF DCC	Rahush	3	4	0	0	75.00	RHB	c †Altaf Ahmed b Mahesh shetty nani	1050410	1973340	GTCC - Spring League 2026	12	TENNIS
B	24327473	1	TCF DCC	Abhinay	23	27	1	0	85.19	RHB	not out	104346	1973340	GTCC - Spring League 2026	12	TENNIS
B	24327473	1	TCF DCC	Aftab	8	15	0	0	53.33	RHB	hit wkt b Nasakath Shaikkumthodi	1541269	1973340	GTCC - Spring League 2026	12	TENNIS
B	24327473	1	TCF DCC	Chandan Volkaji	1	2	0	0	50.00	RHB	c Mahesh shetty nani b Eswar P	31779636	1973340	GTCC - Spring League 2026	12	TENNIS
B	24327473	1	TCF DCC	Gowtham Vemareddy	3	1	0	0	300.00	RHB	not out	14762600	1973340	GTCC - Spring League 2026	12	TENNIS
W	24327473	1	Marvels	Eswar P	3	0	19	3	8	1	0	0	0	6.33	22652758	1973340	GTCC - Spring League 2026	12	TENNIS
W	24327473	1	Marvels	Raghuvardhan Reddy	2	0	9	1	5	0	0	0	0	4.50	15600146	1973340	GTCC - Spring League 2026	12	TENNIS
W	24327473	1	Marvels	Nasakath Shaikkumthodi	3	0	13	1	10	0	0	3	0	4.33	31273662	1973340	GTCC - Spring League 2026	12	TENNIS
W	24327473	1	Marvels	Mahesh shetty nani	2	0	10	1	5	0	0	1	0	5.00	31475597	1973340	GTCC - Spring League 2026	12	TENNIS
W	24327473	1	Marvels	Sajin Kumar	2	0	11	0	6	1	0	0	0	5.50	30109342	1973340	GTCC - Spring League 2026	12	TENNIS
B	24327473	2	Marvels	Shyam komaravolu	10	7	0	0	142.86	RHB	b JayaKrishna Gujjari	31366180	1973340	GTCC - Spring League 2026	12	TENNIS
B	24327473	2	Marvels	Allen Saju	14	16	0	1	87.50	RHB	b JayaKrishna Gujjari	19803415	1973340	GTCC - Spring League 2026	12	TENNIS
B	24327473	2	Marvels	Balu	2	6	0	0	33.33	RHB	b Sudheer Aki	3592747	1973340	GTCC - Spring League 2026	12	TENNIS
B	24327473	2	Marvels	Harsha Settyvari	3	11	0	0	27.27	RHB	run out Teja Kokkula	9081401	1973340	GTCC - Spring League 2026	12	TENNIS
B	24327473	2	Marvels	Altaf Ahmed	4	6	0	0	66.67	RHB	c †Teja Kokkula b Akhil Reddy	5413138	1973340	GTCC - Spring League 2026	12	TENNIS
B	24327473	2	Marvels	Nasakath Shaikkumthodi	1	2	0	0	50.00	RHB	c Gowtham Vemareddy b Praveen Reddy	31273662	1973340	GTCC - Spring League 2026	12	TENNIS
B	24327473	2	Marvels	Sajin Kumar	4	8	0	0	50.00	RHB	c †Teja Kokkula b Sudheer Aki	30109342	1973340	GTCC - Spring League 2026	12	TENNIS
B	24327473	2	Marvels	Saleem	4	8	0	0	50.00	RHB	c Leela Ashok b Sudheer Aki	30080855	1973340	GTCC - Spring League 2026	12	TENNIS
B	24327473	2	Marvels	Raghuvardhan Reddy	1	6	0	0	16.67	RHB	c Leela Ashok b Gowtham Vemareddy	15600146	1973340	GTCC - Spring League 2026	12	TENNIS
B	24327473	2	Marvels	Jitin p  (c)	1	1	0	0	100.00	RHB	not out	21442321	1973340	GTCC - Spring League 2026	12	TENNIS
B	24327473	2	Marvels	Eswar P	1	1	0	0	100.00	RHB	not out	22652758	1973340	GTCC - Spring League 2026	12	TENNIS
W	24327473	2	TCF DCC	Akhil Reddy	2	0	11	1	6	0	0	1	0	5.50	5549928	1973340	GTCC - Spring League 2026	12	TENNIS
W	24327473	2	TCF DCC	Sudheer Aki  (c)	3	0	10	3	11	0	0	1	0	3.33	14762522	1973340	GTCC - Spring League 2026	12	TENNIS
W	24327473	2	TCF DCC	Praveen Reddy	3	0	10	1	11	0	0	0	0	3.33	5413093	1973340	GTCC - Spring League 2026	12	TENNIS
W	24327473	2	TCF DCC	JayaKrishna Gujjari	2	0	13	2	5	0	1	0	0	6.50	1225653	1973340	GTCC - Spring League 2026	12	TENNIS
W	24327473	2	TCF DCC	Gowtham Vemareddy	2	0	7	1	9	0	0	4	0	3.50	14762600	1973340	GTCC - Spring League 2026	12	TENNIS
B	24327478	1	Toronto Jaguars	Manish Gidwani  (wk)	3	6	0	0	50.00	RHB	c Naga Praveen b Lokeswar Pamarthi	30803809	1973340	GTCC - Spring League 2026	12	TENNIS
B	24327478	1	Toronto Jaguars	Sravan Gangula	10	13	0	0	76.92	RHB	st †Kaushik Jagadeesan b Naga Praveen	41484131	1973340	GTCC - Spring League 2026	12	TENNIS
B	24327478	1	Toronto Jaguars	Prem	8	10	1	0	80.00	LHB	b NagaRaju Bolla	16792486	1973340	GTCC - Spring League 2026	12	TENNIS
B	24327478	1	Toronto Jaguars	Praveen Pesala  (c)	6	14	0	0	42.86	RHB	retired hurt	32222868	1973340	GTCC - Spring League 2026	12	TENNIS
B	24327478	1	Toronto Jaguars	Karthik	6	8	0	0	75.00	RHB	run out Arunachalam DhakshinaMurthy / † Kaushik Jagadeesan	23101388	1973340	GTCC - Spring League 2026	12	TENNIS
B	24327478	1	Toronto Jaguars	Mohit Sharma	7	7	0	0	100.00	RHB	not out	20967947	1973340	GTCC - Spring League 2026	12	TENNIS
B	24327478	1	Toronto Jaguars	Akshay Kumar	3	4	0	0	75.00	RHB	b Naga Praveen	30175036	1973340	GTCC - Spring League 2026	12	TENNIS
B	24327478	1	Toronto Jaguars	KRISHNA Mohan SETTY	9	8	0	0	112.50	RHB	c Lokeswar Pamarthi b NagaRaju Bolla	31956251	1973340	GTCC - Spring League 2026	12	TENNIS
B	24327478	1	Toronto Jaguars	Vignesh Eetaram	1	2	0	0	50.00	RHB	not out	22286754	1973340	GTCC - Spring League 2026	12	TENNIS
W	24327478	1	Toronto valiant knights	Joydip kirtunia	2	0	11	0	6	0	0	2	0	5.50	49764760	1973340	GTCC - Spring League 2026	12	TENNIS
W	24327478	1	Toronto valiant knights	Lokeswar Pamarthi	2	0	11	1	6	1	0	1	0	5.50	31721859	1973340	GTCC - Spring League 2026	12	TENNIS
W	24327478	1	Toronto valiant knights	Naga Praveen	3	0	9	2	11	0	0	0	0	3.00	23358772	1973340	GTCC - Spring League 2026	12	TENNIS
W	24327478	1	Toronto valiant knights	NagaRaju Bolla	3	0	13	2	8	0	0	1	0	4.33	32364090	1973340	GTCC - Spring League 2026	12	TENNIS
W	24327478	1	Toronto valiant knights	Kaushik Jagadeesan  (c)	2	0	13	0	4	0	0	0	0	6.50	40153823	1973340	GTCC - Spring League 2026	12	TENNIS
B	24327478	2	Toronto valiant knights	Sujith Kumar	6	11	0	0	54.55	RHB	c Vignesh Eetaram b Praveen Pesala	15333613	1973340	GTCC - Spring League 2026	12	TENNIS
B	24327478	2	Toronto valiant knights	Arunachalam DhakshinaMurthy	9	15	0	0	60.00	RHB	c Prem b Mohit Sharma	39493811	1973340	GTCC - Spring League 2026	12	TENNIS
B	24327478	2	Toronto valiant knights	Rubaiat Rabby	4	4	1	0	100.00	RHB	c Syam Akilesh b Praveen Pesala	15564727	1973340	GTCC - Spring League 2026	12	TENNIS
B	24327478	2	Toronto valiant knights	Siranjeevi nandagopal	1	4	0	0	25.00	RHB	c KRISHNA Mohan SETTY b Praveen Pesala	32560733	1973340	GTCC - Spring League 2026	12	TENNIS
B	24327478	2	Toronto valiant knights	Naga Praveen	0	1	0	0	0.00	LHB	c Vignesh Eetaram b Praveen Pesala	23358772	1973340	GTCC - Spring League 2026	12	TENNIS
B	24327478	2	Toronto valiant knights	Adhithyan Haridas	2	8	0	0	25.00	RHB	c KRISHNA Mohan SETTY b Prasanna	42770103	1973340	GTCC - Spring League 2026	12	TENNIS
B	24327478	2	Toronto valiant knights	Naveen Manivannan	4	7	0	0	57.14	RHB	c Sravan Gangula b KRISHNA Mohan SETTY	41868061	1973340	GTCC - Spring League 2026	12	TENNIS
B	24327478	2	Toronto valiant knights	Lokeswar Pamarthi	3	7	0	0	42.86	RHB	c Sravan Gangula b Mohit Sharma	31721859	1973340	GTCC - Spring League 2026	12	TENNIS
B	24327478	2	Toronto valiant knights	NagaRaju Bolla	3	2	0	0	150.00	LHB	run out Prasanna / Manish Gidwani	32364090	1973340	GTCC - Spring League 2026	12	TENNIS
B	24327478	2	Toronto valiant knights	Kaushik Jagadeesan  (c)	2	3	0	0	66.67	RHB	c Mohit Sharma b Praveen Pesala	40153823	1973340	GTCC - Spring League 2026	12	TENNIS
B	24327478	2	Toronto valiant knights	Joydip kirtunia	1	3	0	0	33.33	RHB	not out	49764760	1973340	GTCC - Spring League 2026	12	TENNIS
W	24327478	2	Toronto Jaguars	Sravan Gangula	2	0	8	0	7	0	0	2	0	4.00	41484131	1973340	GTCC - Spring League 2026	12	TENNIS
W	24327478	2	Toronto Jaguars	KRISHNA Mohan SETTY	2	0	13	1	4	0	0	1	1	6.50	31956251	1973340	GTCC - Spring League 2026	12	TENNIS
W	24327478	2	Toronto Jaguars	Praveen Pesala  (c)	2.4	0	9	5	10	1	0	0	0	3.38	32222868	1973340	GTCC - Spring League 2026	12	TENNIS
W	24327478	2	Toronto Jaguars	Mohit Sharma	3	0	7	2	11	0	0	0	0	2.33	20967947	1973340	GTCC - Spring League 2026	12	TENNIS
W	24327478	2	Toronto Jaguars	Prasanna	1	0	2	1	4	0	0	0	0	2.00	50014048	1973340	GTCC - Spring League 2026	12	TENNIS
B	24327455	1	Friends United	Saurav  (c)	4	8	0	0	50.00	RHB	c †Pardhu Madarapu b Anudeep Kona	38188893	1973340	GTCC - Spring League 2026	12	TENNIS
B	24327455	1	Friends United	Chetan	9	4	0	1	225.00	RHB	c Gunasekhar Enugu b Harish Pannala(TPG)	22115674	1973340	GTCC - Spring League 2026	12	TENNIS
B	24327455	1	Friends United	Ashu Sharma	2	6	0	0	33.33	RHB	c †Pardhu Madarapu b Subbu Pakalapati	6562419	1973340	GTCC - Spring League 2026	12	TENNIS
B	24327455	1	Friends United	Karan Bajwa	37	23	0	5	160.87	RHB	c Anudeep Kona b Mahesh Pillai	6249085	1973340	GTCC - Spring League 2026	12	TENNIS
B	24327455	1	Friends United	Navdeep Singh	38	27	3	2	140.74	RHB	not out	39095211	1973340	GTCC - Spring League 2026	12	TENNIS
B	24327455	1	Friends United	Gurpreet singh	7	3	0	1	233.33	RHB	st †Pardhu Madarapu b Vinit B	41628752	1973340	GTCC - Spring League 2026	12	TENNIS
B	24327455	1	Friends United	Japnam Singh	3	4	0	0	75.00	RHB	run out † Pardhu Madarapu / † Pardhu Madarapu	39456572	1973340	GTCC - Spring League 2026	12	TENNIS
B	24327455	1	Friends United	Amandeep Singh	0	0	0	0	0.00	RHB	not out	39148817	1973340	GTCC - Spring League 2026	12	TENNIS
W	24327455	1	TRAILBLAZERS GTCC	Anudeep Kona	2	0	20	1	6	0	2	0	1	10.00	39057187	1973340	GTCC - Spring League 2026	12	TENNIS
W	24327455	1	TRAILBLAZERS GTCC	Harish Pannala(TPG)	3	0	30	1	9	0	3	1	1	10.00	3052877	1973340	GTCC - Spring League 2026	12	TENNIS
W	24327455	1	TRAILBLAZERS GTCC	Subbu Pakalapati	2	0	14	1	7	2	0	3	0	7.00	132243	1973340	GTCC - Spring League 2026	12	TENNIS
W	24327455	1	TRAILBLAZERS GTCC	Abhishek Chennamaneni	2	0	16	0	6	1	1	1	0	8.00	2982610	1973340	GTCC - Spring League 2026	12	TENNIS
W	24327455	1	TRAILBLAZERS GTCC	Mahesh Pillai	2	0	21	1	5	0	2	1	0	10.50	23600180	1973340	GTCC - Spring League 2026	12	TENNIS
W	24327455	1	TRAILBLAZERS GTCC	Vinit B	1	0	11	1	3	0	1	1	1	11.00	15282968	1973340	GTCC - Spring League 2026	12	TENNIS
B	24327455	2	TRAILBLAZERS GTCC	Varun Jampani  (c)	17	15	1	0	113.33	RHB	c †Aashish TIWARI b Karan Bajwa	15282785	1973340	GTCC - Spring League 2026	12	TENNIS
B	24327455	2	TRAILBLAZERS GTCC	Santosh Cheruku	6	6	1	0	100.00	RHB	c Amandeep Singh b Navdeep Singh	15282824	1973340	GTCC - Spring League 2026	12	TENNIS
B	24327455	2	TRAILBLAZERS GTCC	Abhishek Chennamaneni	60	39	4	4	153.85	RHB	c Chetan b Navdeep Singh	2982610	1973340	GTCC - Spring League 2026	12	TENNIS
B	24327455	2	TRAILBLAZERS GTCC	Dinesh k	9	5	0	1	180.00	RHB	c †Aashish TIWARI b Ashu Sharma	15283122	1973340	GTCC - Spring League 2026	12	TENNIS
B	24327455	2	TRAILBLAZERS GTCC	Anudeep Kona	4	4	0	0	100.00	RHB	not out	39057187	1973340	GTCC - Spring League 2026	12	TENNIS
B	24327455	2	TRAILBLAZERS GTCC	Harish Pannala(TPG)	1	3	0	0	33.33	RHB	not out	3052877	1973340	GTCC - Spring League 2026	12	TENNIS
W	24327455	2	Friends United	Jasmeet Singh	2	0	19	0	6	2	0	2	0	9.50	39297037	1973340	GTCC - Spring League 2026	12	TENNIS
W	24327455	2	Friends United	Navdeep Singh	3	0	14	2	10	0	0	3	0	4.67	39095211	1973340	GTCC - Spring League 2026	12	TENNIS
W	24327455	2	Friends United	Gurpreet singh	3	0	36	0	6	2	3	1	0	12.00	41628752	1973340	GTCC - Spring League 2026	12	TENNIS
W	24327455	2	Friends United	Karan Bajwa	2	0	15	1	4	0	1	0	0	7.50	6249085	1973340	GTCC - Spring League 2026	12	TENNIS
W	24327455	2	Friends United	Ashu Sharma	2	0	25	1	6	2	1	6	0	12.50	6562419	1973340	GTCC - Spring League 2026	12	TENNIS
B	24327481	1	DesiBoyz CC	Amir Walajahi	8	9	0	0	88.89	RHB	c Prabhu Adithya S b Krishna Singh	49940875	1973340	GTCC - Spring League 2026	12	TENNIS
B	24327481	1	DesiBoyz CC	Qayam Mir	3	5	0	0	60.00	RHB	c Prabhu Adithya S b Harishankar Srinivasan	39709744	1973340	GTCC - Spring League 2026	12	TENNIS
B	24327481	1	DesiBoyz CC	Moe Ali  (c)	11	14	1	0	78.57	RHB	b Prabhu Adithya S	49885150	1973340	GTCC - Spring League 2026	12	TENNIS
B	24327481	1	DesiBoyz CC	Ali Syed	4	9	0	0	44.44	RHB	c †Manikandan b Chandramenan Sivakumar	48840512	1973340	GTCC - Spring League 2026	12	TENNIS
B	24327481	1	DesiBoyz CC	Husbaan 	0	1	0	0	0.00	RHB	b Chandramenan Sivakumar	49941320	1973340	GTCC - Spring League 2026	12	TENNIS
B	24327481	1	DesiBoyz CC	Salman Mirza	4	5	0	0	80.00	RHB	b Sethu Rama Lingam	49940992	1973340	GTCC - Spring League 2026	12	TENNIS
B	24327481	1	DesiBoyz CC	Irfan Mirza	0	2	0	0	0.00	RHB	c †Manikandan b Prabhu Adithya S	49943491	1973340	GTCC - Spring League 2026	12	TENNIS
B	24327481	1	DesiBoyz CC	Akber Hassan Syed	7	7	1	0	100.00	RHB	not out	49913221	1973340	GTCC - Spring League 2026	12	TENNIS
B	24327481	1	DesiBoyz CC	Kazim Zaidi	0	1	0	0	0.00	RHB	c&b Sethu Rama Lingam	41870563	1973340	GTCC - Spring League 2026	12	TENNIS
B	24327481	1	DesiBoyz CC	Abbas Mirza  (wk)	5	10	0	0	50.00	RHB	b Chandramenan Sivakumar	49943493	1973340	GTCC - Spring League 2026	12	TENNIS
B	24327481	1	DesiBoyz CC	Askari Hasan	2	6	0	0	33.33	RHB	c Harishankar Srinivasan b Krishnamoorthi M	49940879	1973340	GTCC - Spring League 2026	12	TENNIS
W	24327481	1	PONGO BIFFERS	Krishna Singh	2	0	10	1	6	0	0	2	0	5.00	21628344	1973340	GTCC - Spring League 2026	12	TENNIS
W	24327481	1	PONGO BIFFERS	Harishankar Srinivasan	3	0	19	1	7	1	0	2	0	6.33	9992183	1973340	GTCC - Spring League 2026	12	TENNIS
W	24327481	1	PONGO BIFFERS	Prabhu Adithya S	3	0	10	2	13	1	0	1	0	3.33	225031	1973340	GTCC - Spring League 2026	12	TENNIS
W	24327481	1	PONGO BIFFERS	Chandramenan Sivakumar	2	1	3	3	10	0	0	1	0	1.50	10882019	1973340	GTCC - Spring League 2026	12	TENNIS
W	24327481	1	PONGO BIFFERS	Sethu Rama Lingam	1	0	9	2	3	0	0	3	0	9.00	29326915	1973340	GTCC - Spring League 2026	12	TENNIS
W	24327481	1	PONGO BIFFERS	Krishnamoorthi M	0.3	0	2	1	1	0	0	0	0	4.00	23592090	1973340	GTCC - Spring League 2026	12	TENNIS
B	24327481	2	PONGO BIFFERS	Mayil Vaganan	11	14	1	0	78.57	RHB	c Husbaan  b Salman Mirza	31905928	1973340	GTCC - Spring League 2026	12	TENNIS
B	24327481	2	PONGO BIFFERS	Ramesh Babu	1	3	0	0	33.33	RHB	c Husbaan  b Akber Hassan Syed	23100817	1973340	GTCC - Spring League 2026	12	TENNIS
B	24327481	2	PONGO BIFFERS	Manikandan  (wk)	7	9	0	0	77.78	RHB	c †Abbas Mirza b Akber Hassan Syed	31192382	1973340	GTCC - Spring League 2026	12	TENNIS
B	24327481	2	PONGO BIFFERS	Praveen  (c)	4	6	0	0	66.67	RHB	b Amir Walajahi	23099183	1973340	GTCC - Spring League 2026	12	TENNIS
B	24327481	2	PONGO BIFFERS	Vignesh G	5	17	0	0	29.41	RHB	c †Abbas Mirza b Akber Hassan Syed	23101534	1973340	GTCC - Spring League 2026	12	TENNIS
B	24327481	2	PONGO BIFFERS	Harishankar Srinivasan	2	4	0	0	50.00	RHB	c †Abbas Mirza b Ali Syed	9992183	1973340	GTCC - Spring League 2026	12	TENNIS
B	24327481	2	PONGO BIFFERS	Krishna Singh	5	6	1	0	83.33	RHB	c †Abbas Mirza b Qayam Mir	21628344	1973340	GTCC - Spring League 2026	12	TENNIS
B	24327481	2	PONGO BIFFERS	Chandramenan Sivakumar	1	5	0	0	20.00	RHB	not out	10882019	1973340	GTCC - Spring League 2026	12	TENNIS
B	24327481	2	PONGO BIFFERS	Prabhu Adithya S	6	3	0	1	200.00	RHB	not out	225031	1973340	GTCC - Spring League 2026	12	TENNIS
W	24327481	2	DesiBoyz CC	Ali Syed	3	0	15	1	10	1	0	2	0	5.00	48840512	1973340	GTCC - Spring League 2026	12	TENNIS
W	24327481	2	DesiBoyz CC	Akber Hassan Syed	3	0	15	3	11	0	1	1	0	5.00	49913221	1973340	GTCC - Spring League 2026	12	TENNIS
W	24327481	2	DesiBoyz CC	Amir Walajahi	2	0	6	1	9	0	0	1	1	3.00	49940875	1973340	GTCC - Spring League 2026	12	TENNIS
W	24327481	2	DesiBoyz CC	Salman Mirza	1	0	4	1	4	0	0	2	0	4.00	49940992	1973340	GTCC - Spring League 2026	12	TENNIS
W	24327481	2	DesiBoyz CC	Qayam Mir	2	0	13	1	7	1	0	1	0	6.50	39709744	1973340	GTCC - Spring League 2026	12	TENNIS
B	24327486	1	Marvels	Shyam komaravolu	5	5	0	0	100.00	RHB	c Vyom Sharma b Luxminarayanan Venkatapathy	31366180	1973340	GTCC - Spring League 2026	12	TENNIS
B	24327486	1	Marvels	Akshay Beniwal	7	12	1	0	58.33	RHB	c Luxminarayanan Venkatapathy b Hardip Vasava	23591120	1973340	GTCC - Spring League 2026	12	TENNIS
B	24327486	1	Marvels	Allen Saju  (wk)	59	26	1	5	226.92	RHB	not out	19803415	1973340	GTCC - Spring League 2026	12	TENNIS
B	24327486	1	Marvels	Rohit Chahal	21	17	1	1	123.53	LHB	c Hardip Vasava b Luxminarayanan Venkatapathy	23545274	1973340	GTCC - Spring League 2026	12	TENNIS
B	24327486	1	Marvels	Nasakath Shaikkumthodi	0	2	0	0	0.00	RHB	c&b Luxminarayanan Venkatapathy	31273662	1973340	GTCC - Spring League 2026	12	TENNIS
B	24327486	1	Marvels	Altaf Ahmed	4	4	0	0	100.00	RHB	c †Charan Shekar b Shishir Saxena	5413138	1973340	GTCC - Spring League 2026	12	TENNIS
B	24327486	1	Marvels	Sajin Kumar	7	5	0	1	140.00	RHB	c †Charan Shekar b Sukant Sharma	30109342	1973340	GTCC - Spring League 2026	12	TENNIS
B	24327486	1	Marvels	Murali krishna	0	2	0	0	0.00	RHB	not out	21441516	1973340	GTCC - Spring League 2026	12	TENNIS
W	24327486	1	Friends XI	Luxminarayanan Venkatapathy	3	0	11	3	10	0	0	0	0	3.67	19801237	1973340	GTCC - Spring League 2026	12	TENNIS
W	24327486	1	Friends XI	Sukant Sharma	3	0	34	1	7	2	2	2	0	11.33	39090207	1973340	GTCC - Spring League 2026	12	TENNIS
W	24327486	1	Friends XI	Hardip Vasava	2	0	23	1	5	0	3	0	0	11.50	675278	1973340	GTCC - Spring League 2026	12	TENNIS
W	24327486	1	Friends XI	Harish Thunga	2	0	20	0	5	1	1	2	0	10.00	31956278	1973340	GTCC - Spring League 2026	12	TENNIS
W	24327486	1	Friends XI	Shishir Saxena	2	0	21	1	4	0	1	1	1	10.50	16293688	1973340	GTCC - Spring League 2026	12	TENNIS
B	24327486	2	Friends XI	Harish Thunga	34	26	4	1	130.77	RHB	c †Allen Saju b Murali krishna	31956278	1973340	GTCC - Spring League 2026	12	TENNIS
B	24327486	2	Friends XI	Viral Patel	46	37	2	3	124.32	RHB	not out	15815175	1973340	GTCC - Spring League 2026	12	TENNIS
B	24327486	2	Friends XI	Sampath Reddy	9	13	0	0	69.23	RHB	not out	31956295	1973340	GTCC - Spring League 2026	12	TENNIS
W	24327486	2	Marvels	Akshay Beniwal	3	0	24	0	6	1	0	2	2	8.00	23591120	1973340	GTCC - Spring League 2026	12	TENNIS
W	24327486	2	Marvels	Nasakath Shaikkumthodi	3	0	23	0	6	1	1	2	0	7.67	31273662	1973340	GTCC - Spring League 2026	12	TENNIS
W	24327486	2	Marvels	Sajin Kumar	2	0	19	0	7	1	1	0	2	9.50	30109342	1973340	GTCC - Spring League 2026	12	TENNIS
W	24327486	2	Marvels	Mahesh shetty nani	2	0	15	0	7	0	2	0	0	7.50	31475597	1973340	GTCC - Spring League 2026	12	TENNIS
W	24327486	2	Marvels	Murali krishna	1	0	16	1	2	3	0	2	0	16.00	21441516	1973340	GTCC - Spring League 2026	12	TENNIS
W	24327486	2	Marvels	Rohit Chahal	1	0	2	0	4	0	0	0	0	2.00	23545274	1973340	GTCC - Spring League 2026	12	TENNIS
B	24327489	1	Whitby Thunderbolts Gtcc hard tennis	Tarun Pothugunta	9	18	0	0	50.00	RHB	c Christo Joy b Vishnu Nair	9729024	1973340	GTCC - Spring League 2026	12	TENNIS
B	24327489	1	Whitby Thunderbolts Gtcc hard tennis	Srinivasu.K	0	2	0	0	0.00	RHB	c Akhil b Christo Joy	2620753	1973340	GTCC - Spring League 2026	12	TENNIS
B	24327489	1	Whitby Thunderbolts Gtcc hard tennis	Chaitanya Tummala	0	4	0	0	0.00	LHB	c Nidhil b Christo Joy	9213048	1973340	GTCC - Spring League 2026	12	TENNIS
B	24327489	1	Whitby Thunderbolts Gtcc hard tennis	Junaid Usmani  (wk)	24	12	1	3	200.00	RHB	b Abi Antony	15998322	1973340	GTCC - Spring League 2026	12	TENNIS
B	24327489	1	Whitby Thunderbolts Gtcc hard tennis	Jaswanth Reddy	8	6	0	1	133.33	RHB	c Kripal K S b Christo Joy	22732988	1973340	GTCC - Spring League 2026	12	TENNIS
B	24327489	1	Whitby Thunderbolts Gtcc hard tennis	Vishnu Pothugunta	8	10	0	0	80.00	RHB	c Akhil b Nidhil	19614396	1973340	GTCC - Spring League 2026	12	TENNIS
B	24327489	1	Whitby Thunderbolts Gtcc hard tennis	Dileep Nannore  (c)	6	9	0	0	66.67	RHB	c Christo Joy b Kashif Minhaj	15992998	1973340	GTCC - Spring League 2026	12	TENNIS
B	24327489	1	Whitby Thunderbolts Gtcc hard tennis	Anekh Reddy	1	2	0	0	50.00	RHB	b Nidhil	30154781	1973340	GTCC - Spring League 2026	12	TENNIS
B	24327489	1	Whitby Thunderbolts Gtcc hard tennis	RamaRao Boyapati	4	4	0	0	100.00	RHB	st †Kripal K S b Manu Thomas	24281581	1973340	GTCC - Spring League 2026	12	TENNIS
B	24327489	1	Whitby Thunderbolts Gtcc hard tennis	Kiran Chigiri	3	2	0	0	150.00	RHB	run out Akshay Kumar	22537910	1973340	GTCC - Spring League 2026	12	TENNIS
B	24327489	1	Whitby Thunderbolts Gtcc hard tennis	Harish Challa	2	2	0	0	100.00	RHB	not out	41671001	1973340	GTCC - Spring League 2026	12	TENNIS
W	24327489	1	Red Wings	Christo Joy  (c)	3	0	6	3	13	0	0	0	0	2.00	30376963	1973340	GTCC - Spring League 2026	12	TENNIS
W	24327489	1	Red Wings	Abi Antony	2	0	11	1	7	0	1	0	1	5.50	23202311	1973340	GTCC - Spring League 2026	12	TENNIS
W	24327489	1	Red Wings	Akhil	1	0	10	0	3	0	1	2	0	10.00	30322919	1973340	GTCC - Spring League 2026	12	TENNIS
W	24327489	1	Red Wings	Nidhil	2	0	21	2	5	1	2	0	0	10.50	28117737	1973340	GTCC - Spring League 2026	12	TENNIS
W	24327489	1	Red Wings	Vishnu Nair	1	0	4	1	3	0	0	1	0	4.00	21754141	1973340	GTCC - Spring League 2026	12	TENNIS
W	24327489	1	Red Wings	Akshay Kumar	1	0	6	0	2	0	0	0	0	6.00	31836652	1973340	GTCC - Spring League 2026	12	TENNIS
W	24327489	1	Red Wings	Kashif Minhaj	1	0	7	1	2	0	0	1	0	7.00	30376502	1973340	GTCC - Spring League 2026	12	TENNIS
W	24327489	1	Red Wings	Manu Thomas	0.4	0	7	1	1	0	0	2	0	10.50	40879277	1973340	GTCC - Spring League 2026	12	TENNIS
B	24327489	2	Red Wings	Jackson Ouseph	4	6	0	0	66.67	RHB	c Kiran Chigiri b RamaRao Boyapati	21818163	1973340	GTCC - Spring League 2026	12	TENNIS
B	24327489	2	Red Wings	Benson Baby	0	1	0	0	0.00	RHB	c Kiran Chigiri b RamaRao Boyapati	30375428	1973340	GTCC - Spring League 2026	12	TENNIS
B	24327489	2	Red Wings	Vaishnav	7	9	1	0	77.78	RHB	c Jaswanth Reddy b RamaRao Boyapati	31247987	1973340	GTCC - Spring League 2026	12	TENNIS
B	24327489	2	Red Wings	Kripal K S  (wk)	1	3	0	0	33.33	RHB	c †Junaid Usmani b Kiran Chigiri	21940499	1973340	GTCC - Spring League 2026	12	TENNIS
B	24327489	2	Red Wings	Vishnu Nair	5	8	0	0	62.50	RHB	b Sai Sharan Pandramish	21754141	1973340	GTCC - Spring League 2026	12	TENNIS
B	24327489	2	Red Wings	Christo Joy  (c)	38	27	2	3	140.74	RHB	c Dileep Nannore b RamaRao Boyapati	30376963	1973340	GTCC - Spring League 2026	12	TENNIS
B	24327489	2	Red Wings	Kashif Minhaj	2	7	0	0	28.57	RHB	run out Chaitanya Tummala	30376502	1973340	GTCC - Spring League 2026	12	TENNIS
B	24327489	2	Red Wings	Akshay Kumar	3	3	0	0	100.00	RHB	b RamaRao Boyapati	31836652	1973340	GTCC - Spring League 2026	12	TENNIS
B	24327489	2	Red Wings	Akhil	5	3	1	0	166.67	RHB	not out	30322919	1973340	GTCC - Spring League 2026	12	TENNIS
B	24327489	2	Red Wings	Nidhil	2	2	0	0	100.00	RHB	not out	28117737	1973340	GTCC - Spring League 2026	12	TENNIS
W	24327489	2	Whitby Thunderbolts Gtcc hard tennis	RamaRao Boyapati	3	0	19	5	8	1	1	0	0	6.33	24281581	1973340	GTCC - Spring League 2026	12	TENNIS
W	24327489	2	Whitby Thunderbolts Gtcc hard tennis	Kiran Chigiri	3	0	11	1	10	0	0	1	0	3.67	22537910	1973340	GTCC - Spring League 2026	12	TENNIS
W	24327489	2	Whitby Thunderbolts Gtcc hard tennis	Dileep Nannore  (c)	2	0	19	0	7	1	2	1	0	9.50	15992998	1973340	GTCC - Spring League 2026	12	TENNIS
W	24327489	2	Whitby Thunderbolts Gtcc hard tennis	Sai Sharan Pandramish	2	0	13	1	7	1	0	3	0	6.50	23646490	1973340	GTCC - Spring League 2026	12	TENNIS
W	24327489	2	Whitby Thunderbolts Gtcc hard tennis	Chaitanya Tummala	0	0	0	0	0	0	0	0	0	0.00	9213048	1973340	GTCC - Spring League 2026	12	TENNIS
W	24327489	2	Whitby Thunderbolts Gtcc hard tennis	Vishnu Pothugunta	1.3	0	13	0	4	1	0	3	0	8.67	19614396	1973340	GTCC - Spring League 2026	12	TENNIS
B	24327494	1	Toronto Jaguars	Manish Gidwani	30	21	2	1	142.86	RHB	c †Justus Charles b Harish Thunga	30803809	1973340	GTCC - Spring League 2026	12	TENNIS
B	24327494	1	Toronto Jaguars	Sunny Sharath	10	6	1	1	166.67	RHB	b Shishir Saxena	23847219	1973340	GTCC - Spring League 2026	12	TENNIS
B	24327494	1	Toronto Jaguars	Mohit Sharma	0	2	0	0	0.00	RHB	c †Charan Shekar b Shishir Saxena	20967947	1973340	GTCC - Spring League 2026	12	TENNIS
B	24327494	1	Toronto Jaguars	Praveen Pesala  (c)	8	18	0	0	44.44	RHB	c Rajat Lath b Harish Thunga	32222868	1973340	GTCC - Spring League 2026	12	TENNIS
B	24327494	1	Toronto Jaguars	Akshay Kumar	0	2	0	0	0.00	RHB	b Rajat Lath	30175036	1973340	GTCC - Spring League 2026	12	TENNIS
B	24327494	1	Toronto Jaguars	Sravan Gangula	5	7	0	0	71.43	RHB	not out	41484131	1973340	GTCC - Spring League 2026	12	TENNIS
B	24327494	1	Toronto Jaguars	Vignesh Eetaram	5	7	0	0	71.43	RHB	b Rajat Lath	22286754	1973340	GTCC - Spring League 2026	12	TENNIS
B	24327494	1	Toronto Jaguars	Karthik	3	6	0	0	50.00	RHB	c Balaji Vijayakumar b Krutarth	23101388	1973340	GTCC - Spring League 2026	12	TENNIS
B	24327494	1	Toronto Jaguars	Dhiraj	1	3	0	0	33.33	RHB	run out Harish Thunga	49885719	1973340	GTCC - Spring League 2026	12	TENNIS
W	24327494	1	Friends XI	Sukant Sharma	2	0	14	0	6	2	0	1	0	7.00	39090207	1973340	GTCC - Spring League 2026	12	TENNIS
W	24327494	1	Friends XI	Shishir Saxena	2	0	17	2	7	0	2	1	0	8.50	16293688	1973340	GTCC - Spring League 2026	12	TENNIS
W	24327494	1	Friends XI	Balaji Vijayakumar	1	0	9	0	1	1	0	0	0	9.00	23028656	1973340	GTCC - Spring League 2026	12	TENNIS
W	24327494	1	Friends XI	Rajat Lath	3	0	12	2	11	0	0	2	0	4.00	22378270	1973340	GTCC - Spring League 2026	12	TENNIS
W	24327494	1	Friends XI	Harish Thunga  (c)	3	0	11	2	10	0	0	1	0	3.67	31956278	1973340	GTCC - Spring League 2026	12	TENNIS
W	24327494	1	Friends XI	Krutarth	1	0	5	1	2	0	0	1	0	5.00	31851733	1973340	GTCC - Spring League 2026	12	TENNIS
B	24327494	2	Friends XI	Viral Patel	14	17	2	0	82.35	RHB	c Mohit Sharma b Praveen Pesala	15815175	1973340	GTCC - Spring League 2026	12	TENNIS
B	24327494	2	Friends XI	Charan Shekar  (wk)	1	3	0	0	33.33	RHB	c Sunny Sharath b Sravan Gangula	6268008	1973340	GTCC - Spring League 2026	12	TENNIS
B	24327494	2	Friends XI	Hardav Patel	31	25	0	2	124.00	RHB	not out	34835781	1973340	GTCC - Spring League 2026	12	TENNIS
B	24327494	2	Friends XI	Japan babu	8	4	0	1	200.00	RHB	run out Chinmay	39090306	1973340	GTCC - Spring League 2026	12	TENNIS
B	24327494	2	Friends XI	Harish Thunga  (c)	3	4	0	0	75.00	RHB	c Vignesh Eetaram b Praveen Pesala	31956278	1973340	GTCC - Spring League 2026	12	TENNIS
B	24327494	2	Friends XI	Rajat Lath	14	9	0	2	155.56	RHB	not out	22378270	1973340	GTCC - Spring League 2026	12	TENNIS
W	24327494	2	Toronto Jaguars	Mohit Sharma	2	0	17	0	3	1	0	0	1	8.50	20967947	1973340	GTCC - Spring League 2026	12	TENNIS
W	24327494	2	Toronto Jaguars	Sravan Gangula	3	0	10	1	10	0	0	0	0	3.33	41484131	1973340	GTCC - Spring League 2026	12	TENNIS
W	24327494	2	Toronto Jaguars	Manish Gidwani	2	0	10	0	5	1	0	0	0	5.00	30803809	1973340	GTCC - Spring League 2026	12	TENNIS
W	24327494	2	Toronto Jaguars	Praveen Pesala  (c)	2.1	0	22	2	7	0	3	1	0	10.15	32222868	1973340	GTCC - Spring League 2026	12	TENNIS
W	24327494	2	Toronto Jaguars	Akshay Kumar	1	0	14	0	2	0	2	0	0	14.00	30175036	1973340	GTCC - Spring League 2026	12	TENNIS
B	25566829	1	TCF DCC	Sudheer Aki	22	13	3	0	169.23	RHB	b Jishnu Ravi	14762522	1973340	GTCC - Spring League 2026	12	TENNIS
B	25566829	1	TCF DCC	Rushi Mannepalli	23	15	0	3	153.33	RHB	c Akhil Mathew b Anu Krishnan	14762497	1973340	GTCC - Spring League 2026	12	TENNIS
B	25566829	1	TCF DCC	Abhinay  (c)	3	7	0	0	42.86	RHB	b Jishnu Ravi	104346	1973340	GTCC - Spring League 2026	12	TENNIS
B	25566829	1	TCF DCC	Aftab	20	9	0	3	222.22	RHB	c Amal Joy b Akhil Mathew	1541269	1973340	GTCC - Spring League 2026	12	TENNIS
B	25566829	1	TCF DCC	Teja Kokkula  (wk)	31	19	0	4	163.16	RHB	not out	14055267	1973340	GTCC - Spring League 2026	12	TENNIS
B	25566829	1	TCF DCC	Chandan Volkaji	11	9	1	0	122.22	RHB	run out Shobith Balakrishnan	31779636	1973340	GTCC - Spring League 2026	12	TENNIS
W	25566829	1	Phoenix Youngsters	Ditto Jose  (c)	2	0	34	0	4	1	4	0	0	17.00	27671072	1973340	GTCC - Spring League 2026	12	TENNIS
W	25566829	1	Phoenix Youngsters	Aravind Arun Nair	3	0	23	0	8	3	0	1	0	7.67	14575138	1973340	GTCC - Spring League 2026	12	TENNIS
W	25566829	1	Phoenix Youngsters	Jishnu Ravi	3	0	18	2	8	0	1	3	0	6.00	18891880	1973340	GTCC - Spring League 2026	12	TENNIS
W	25566829	1	Phoenix Youngsters	Anu Krishnan	2	0	23	1	4	0	3	0	0	11.50	9017665	1973340	GTCC - Spring League 2026	12	TENNIS
W	25566829	1	Phoenix Youngsters	Akhil Mathew	2	0	19	1	7	0	2	3	0	9.50	21845898	1973340	GTCC - Spring League 2026	12	TENNIS
B	25566829	2	Phoenix Youngsters	Prasanth Pillai	57	23	4	6	247.83	RHB	run out JayaKrishna Gujjari	27671092	1973340	GTCC - Spring League 2026	12	TENNIS
B	25566829	2	Phoenix Youngsters	Shobith Balakrishnan  (wk)	10	10	1	0	100.00	RHB	b Akhil Reddy	27727065	1973340	GTCC - Spring League 2026	12	TENNIS
B	25566829	2	Phoenix Youngsters	Anu Krishnan	1	2	0	0	50.00	RHB	c †Teja Kokkula b Praveen Reddy	9017665	1973340	GTCC - Spring League 2026	12	TENNIS
B	25566829	2	Phoenix Youngsters	Vipin Vijayan	4	3	1	0	133.33	RHB	c †Teja Kokkula b Gowtham Vemareddy	21088452	1973340	GTCC - Spring League 2026	12	TENNIS
B	25566829	2	Phoenix Youngsters	Amal Joy	0	3	0	0	0.00	RHB	c Rahush b Praveen Reddy	21089336	1973340	GTCC - Spring League 2026	12	TENNIS
B	25566829	2	Phoenix Youngsters	Aravind Arun Nair	17	14	1	1	121.43	RHB	run out JayaKrishna Gujjari	14575138	1973340	GTCC - Spring League 2026	12	TENNIS
B	25566829	2	Phoenix Youngsters	Nirmal Joseph Abraham	0	2	0	0	0.00	RHB	b Sudheer Aki	9001596	1973340	GTCC - Spring League 2026	12	TENNIS
B	25566829	2	Phoenix Youngsters	Jim	4	5	0	0	80.00	RHB	b Gowtham Vemareddy	22022144	1973340	GTCC - Spring League 2026	12	TENNIS
B	25566829	2	Phoenix Youngsters	Akhil Mathew	9	7	0	1	128.57	RHB	c Abhinay b JayaKrishna Gujjari	21845898	1973340	GTCC - Spring League 2026	12	TENNIS
B	25566829	2	Phoenix Youngsters	Jishnu Ravi	1	2	0	0	50.00	RHB	not out	18891880	1973340	GTCC - Spring League 2026	12	TENNIS
B	25566829	2	Phoenix Youngsters	Arun Raj Somasekharan Nair	0	1	0	0	0.00	RHB	not out	21088621	1973340	GTCC - Spring League 2026	12	TENNIS
W	25566829	2	TCF DCC	Akhil Reddy	2	0	21	1	5	1	2	0	0	10.50	5549928	1973340	GTCC - Spring League 2026	12	TENNIS
W	25566829	2	TCF DCC	Praveen Reddy	3	1	16	2	11	1	1	0	0	5.33	5413093	1973340	GTCC - Spring League 2026	12	TENNIS
W	25566829	2	TCF DCC	JayaKrishna Gujjari	2	0	28	1	5	2	3	0	0	14.00	1225653	1973340	GTCC - Spring League 2026	12	TENNIS
W	25566829	2	TCF DCC	Gowtham Vemareddy	3	0	17	2	13	3	0	3	0	5.67	14762600	1973340	GTCC - Spring League 2026	12	TENNIS
W	25566829	2	TCF DCC	Sudheer Aki	2	0	26	1	3	0	2	2	0	13.00	14762522	1973340	GTCC - Spring League 2026	12	TENNIS
B	25507133	1	Phoenix Youngsters	Prasanth Pillai	20	17	2	0	117.65	RHB	b Kush Batra	27671092	1973340	GTCC - Spring League 2026	12	TENNIS
B	25507133	1	Phoenix Youngsters	Vipin Vijayan	29	18	6	0	161.11	RHB	c (sub) †Amitkumar Gupta b Rajesh Babu Gangula	21088452	1973340	GTCC - Spring League 2026	12	TENNIS
B	25507133	1	Phoenix Youngsters	Shobith Balakrishnan	21	14	2	1	150.00	RHB	c Jijo mathew b Ashwin Shankar	27727065	1973340	GTCC - Spring League 2026	12	TENNIS
B	25507133	1	Phoenix Youngsters	Anu Krishnan	9	6	0	1	150.00	RHB	b Kush Batra	9017665	1973340	GTCC - Spring League 2026	12	TENNIS
B	25507133	1	Phoenix Youngsters	Nirmal Joseph Abraham	7	4	0	1	175.00	RHB	c Kush Batra b Ashwin Shankar	9001596	1973340	GTCC - Spring League 2026	12	TENNIS
B	25507133	1	Phoenix Youngsters	Dheeraj Antony Phoenix 2025	1	4	0	0	25.00	RHB	c Girish Shivnani b Piyush Thakur	39626145	1973340	GTCC - Spring League 2026	12	TENNIS
B	25507133	1	Phoenix Youngsters	Akhil Mathew	0	1	0	0	0.00	RHB	c Jijo mathew b Piyush Thakur	21845898	1973340	GTCC - Spring League 2026	12	TENNIS
B	25507133	1	Phoenix Youngsters	Jim	12	6	0	1	200.00	RHB	not out	22022144	1973340	GTCC - Spring League 2026	12	TENNIS
B	25507133	1	Phoenix Youngsters	Jose Cherian	6	2	0	1	300.00	RHB	not out	18158792	1973340	GTCC - Spring League 2026	12	TENNIS
W	25507133	1	Durham United	Ashwin Shankar	2	0	15	2	4	2	0	0	0	7.50	21750405	1973340	GTCC - Spring League 2026	12	TENNIS
W	25507133	1	Durham United	Piyush Thakur	3	0	22	2	8	4	0	0	0	7.33	19808534	1973340	GTCC - Spring League 2026	12	TENNIS
W	25507133	1	Durham United	Kush Batra	3	0	28	2	6	2	1	4	0	9.33	33199195	1973340	GTCC - Spring League 2026	12	TENNIS
W	25507133	1	Durham United	Rajesh Babu Gangula	2	0	16	1	5	1	1	1	0	8.00	30013922	1973340	GTCC - Spring League 2026	12	TENNIS
W	25507133	1	Durham United	Parth Parekh	2	0	30	0	3	1	3	1	0	15.00	21056998	1973340	GTCC - Spring League 2026	12	TENNIS
B	25507133	2	Durham United	Nikhil Tyagi	0	1	0	0	0.00	LHB	b Ditto Jose	169825	1973340	GTCC - Spring League 2026	12	TENNIS
B	25507133	2	Durham United	Abhishek Koneri	9	7	1	0	128.57	RHB	c †Sanjay S b Akhil Mathew	9779769	1973340	GTCC - Spring League 2026	12	TENNIS
B	25507133	2	Durham United	Utkarsh Siingh	13	10	1	1	130.00	LHB	c Vipin Vijayan b Ditto Jose	15282905	1973340	GTCC - Spring League 2026	12	TENNIS
B	25507133	2	Durham United	Jijo mathew	37	26	1	2	142.31	RHB	not out	20885047	1973340	GTCC - Spring League 2026	12	TENNIS
B	25507133	2	Durham United	Girish Shivnani  (c)	7	13	0	0	53.85	RHB	c Vipin Vijayan b Arun Raj Somasekharan Nair	5624526	1973340	GTCC - Spring League 2026	12	TENNIS
B	25507133	2	Durham United	Baljinder Singh	13	14	2	0	92.86	RHB	c Vipin Vijayan b Nirmal Joseph Abraham	4138232	1973340	GTCC - Spring League 2026	12	TENNIS
B	25507133	2	Durham United	Ashwin Shankar	0	2	0	0	0.00	LHB	not out	21750405	1973340	GTCC - Spring League 2026	12	TENNIS
W	25507133	2	Phoenix Youngsters	Ditto Jose	2	0	13	2	8	1	1	0	1	6.50	27671072	1973340	GTCC - Spring League 2026	12	TENNIS
W	25507133	2	Phoenix Youngsters	Anu Krishnan	2	0	22	0	2	1	1	0	0	11.00	9017665	1973340	GTCC - Spring League 2026	12	TENNIS
W	25507133	2	Phoenix Youngsters	Akhil Mathew	2	0	11	1	5	0	0	3	0	5.50	21845898	1973340	GTCC - Spring League 2026	12	TENNIS
W	25507133	2	Phoenix Youngsters	Dheeraj Antony Phoenix 2025	1	0	7	0	1	0	0	1	0	7.00	39626145	1973340	GTCC - Spring League 2026	12	TENNIS
W	25507133	2	Phoenix Youngsters	Arun Raj Somasekharan Nair  (c)	2	0	10	1	5	1	0	0	0	5.00	21088621	1973340	GTCC - Spring League 2026	12	TENNIS
W	25507133	2	Phoenix Youngsters	Nirmal Joseph Abraham	2	0	10	1	7	1	0	1	0	5.00	9001596	1973340	GTCC - Spring League 2026	12	TENNIS
W	25507133	2	Phoenix Youngsters	Vipin Vijayan	1	0	15	0	2	1	1	2	0	15.00	21088452	1973340	GTCC - Spring League 2026	12	TENNIS
B	24327498	1	Markham Shots	Rajeev Navayath	2	8	0	0	25.00	RHB	run out Karan Patel / Karan Patel	9632856	1973340	GTCC - Spring League 2026	12	TENNIS
B	24327498	1	Markham Shots	Vinu Joy	0	1	0	0	0.00	LHB	c Karan Patel b Shubham Acharya	21777638	1973340	GTCC - Spring League 2026	12	TENNIS
B	24327498	1	Markham Shots	Indrajith Das	13	7	1	1	185.71	RHB	c †Ravi Solanki b Shubham Acharya	24120932	1973340	GTCC - Spring League 2026	12	TENNIS
B	24327498	1	Markham Shots	Jithu Mohan	6	10	0	0	60.00	RHB	c Himil Patel b Parth Patel	9861241	1973340	GTCC - Spring League 2026	12	TENNIS
B	24327498	1	Markham Shots	Ajith Kumar AA	7	8	1	0	87.50	RHB	c Parth Patel b Hashpreet Sandhu	21879972	1973340	GTCC - Spring League 2026	12	TENNIS
B	24327498	1	Markham Shots	Vasanth Paul J	15	10	1	1	150.00	RHB	c Karan Patel b Mihir Patel	31907587	1973340	GTCC - Spring League 2026	12	TENNIS
B	24327498	1	Markham Shots	Ashin  (c)	26	16	1	2	162.50	RHB	not out	9861238	1973340	GTCC - Spring League 2026	12	TENNIS
B	24327498	1	Markham Shots	Yadukumar Jayakumar	4	9	0	0	44.44	RHB	retired out	41966225	1973340	GTCC - Spring League 2026	12	TENNIS
B	24327498	1	Markham Shots	Lijo John	0	1	0	0	0.00	RHB	c Parth Patel b Shubham Acharya	41976791	1973340	GTCC - Spring League 2026	12	TENNIS
B	24327498	1	Markham Shots	Siva Ganesh Medisetti	1	2	0	0	50.00	RHB	not out	49884027	1973340	GTCC - Spring League 2026	12	TENNIS
W	24327498	1	The Tandoori Titans	Shubham Acharya	3	0	19	3	10	1	1	1	0	6.33	41347123	1973340	GTCC - Spring League 2026	12	TENNIS
W	24327498	1	The Tandoori Titans	Kandarp Suthar	2	0	12	0	7	0	1	2	0	6.00	31328000	1973340	GTCC - Spring League 2026	12	TENNIS
W	24327498	1	The Tandoori Titans	Mihir Patel	2	0	11	1	4	1	0	0	0	5.50	4288355	1973340	GTCC - Spring League 2026	12	TENNIS
W	24327498	1	The Tandoori Titans	Hashpreet Sandhu	3	0	26	1	9	1	2	2	0	8.67	41351955	1973340	GTCC - Spring League 2026	12	TENNIS
W	24327498	1	The Tandoori Titans	Parth Patel	2	0	13	1	5	1	0	2	0	6.50	9962141	1973340	GTCC - Spring League 2026	12	TENNIS
B	24327498	2	The Tandoori Titans	Parth Patel	0	1	0	0	0.00	LHB	c Indrajith Das b Sachin Satheesan	9962141	1973340	GTCC - Spring League 2026	12	TENNIS
B	24327498	2	The Tandoori Titans	Hashpreet Sandhu	36	30	3	1	120.00	RHB	not out	41351955	1973340	GTCC - Spring League 2026	12	TENNIS
B	24327498	2	The Tandoori Titans	Mihir Patel	6	6	0	0	100.00	LHB	c Siva Ganesh Medisetti b Sachin Satheesan	4288355	1973340	GTCC - Spring League 2026	12	TENNIS
B	24327498	2	The Tandoori Titans	Himil Patel	3	4	0	0	75.00	LHB	run out Indrajith Das / Ashin	41364005	1973340	GTCC - Spring League 2026	12	TENNIS
B	24327498	2	The Tandoori Titans	Kandarp Suthar	28	13	0	4	215.38	RHB	not out	31328000	1973340	GTCC - Spring League 2026	12	TENNIS
W	24327498	2	Markham Shots	Sachin Satheesan	2	0	16	2	4	1	0	1	0	8.00	49913756	1973340	GTCC - Spring League 2026	12	TENNIS
W	24327498	2	Markham Shots	Yadukumar Jayakumar	2	0	12	0	5	1	0	1	0	6.00	41966225	1973340	GTCC - Spring League 2026	12	TENNIS
W	24327498	2	Markham Shots	Indrajith Das	1.5	0	19	0	1	0	1	3	0	10.36	24120932	1973340	GTCC - Spring League 2026	12	TENNIS
W	24327498	2	Markham Shots	Ashin  (c)	2	0	14	0	8	1	1	1	0	7.00	9861238	1973340	GTCC - Spring League 2026	12	TENNIS
W	24327498	2	Markham Shots	Jaison Varghese	1	0	19	0	4	0	3	0	1	19.00	49882924	1973340	GTCC - Spring League 2026	12	TENNIS
B	25451640	1	MASK XI	Jatibrata Acharya	36	12	3	3	300.00	RHB	c AsRar RaHman b Mohammed Khulaidi	31908570	1973340	GTCC - Spring League 2026	12	TENNIS
B	25451640	1	MASK XI	Bibekananda Jena	63	34	6	4	185.29	RHB	c AsRar RaHman b Hassan khulaidi	15521854	1973340	GTCC - Spring League 2026	12	TENNIS
B	25451640	1	MASK XI	Ravi Kiran	10	8	2	0	125.00	RHB	c Hassan khulaidi b Sam	42956756	1973340	GTCC - Spring League 2026	12	TENNIS
B	25451640	1	MASK XI	Shahrukh Khan	2	3	0	0	66.67	RHB	c Mohammed Ateeq b Sam	31050554	1973340	GTCC - Spring League 2026	12	TENNIS
B	25451640	1	MASK XI	Gyana Padhiary	0	2	0	0	0.00	LHB	c MOHAMMED MANNAN ALI b Sam	5104778	1973340	GTCC - Spring League 2026	12	TENNIS
B	25451640	1	MASK XI	Shashank Mishra  (c)	10	10	1	0	100.00	RHB	c MOHAMMED MANNAN ALI b Mohammed Salman	15406334	1973340	GTCC - Spring League 2026	12	TENNIS
B	25451640	1	MASK XI	Roshan Tripathy	2	2	0	0	100.00	RHB	not out	15931269	1973340	GTCC - Spring League 2026	12	TENNIS
B	25451640	1	MASK XI	Chaitanya Thangeda	7	2	0	1	350.00	RHB	not out	23290327	1973340	GTCC - Spring League 2026	12	TENNIS
W	25451640	1	Downtown Hunterz	Mohammed Salman	2	0	19	1	3	2	0	1	0	9.50	41768685	1973340	GTCC - Spring League 2026	12	TENNIS
W	25451640	1	Downtown Hunterz	Mohammed Emad	1	0	17	0	0	2	1	0	0	17.00	31856679	1973340	GTCC - Spring League 2026	12	TENNIS
W	25451640	1	Downtown Hunterz	Mohammed Khulaidi	1	0	22	1	1	2	2	1	0	22.00	31096973	1973340	GTCC - Spring League 2026	12	TENNIS
W	25451640	1	Downtown Hunterz	AsRar RaHman	3	0	30	0	10	3	2	1	1	10.00	42406798	1973340	GTCC - Spring League 2026	12	TENNIS
W	25451640	1	Downtown Hunterz	Sam	3	0	26	3	9	2	1	1	0	8.67	42529904	1973340	GTCC - Spring League 2026	12	TENNIS
W	25451640	1	Downtown Hunterz	Hassan khulaidi	2	0	25	1	4	1	2	2	0	12.50	31856676	1973340	GTCC - Spring League 2026	12	TENNIS
B	25451640	2	Downtown Hunterz	Syed Azeem Uddin	10	9	2	0	111.11	RHB	c Ravi Kiran b Shahrukh Khan	16455606	1973340	GTCC - Spring League 2026	12	TENNIS
B	25451640	2	Downtown Hunterz	Mir Mujahed Ali  (c)	3	3	0	0	100.00	RHB	c Ravi Kiran b Chaitanya Thangeda	41497900	1973340	GTCC - Spring League 2026	12	TENNIS
B	25451640	2	Downtown Hunterz	Mohammed Khulaidi	2	4	0	0	50.00	RHB	c Gyana Padhiary b Chaitanya Thangeda	31096973	1973340	GTCC - Spring League 2026	12	TENNIS
B	25451640	2	Downtown Hunterz	Hassan khulaidi	24	13	4	1	184.62	RHB	c Shahrukh Khan b Chaitanya Thangeda	31856676	1973340	GTCC - Spring League 2026	12	TENNIS
B	25451640	2	Downtown Hunterz	Irfan Mohammed	0	6	0	0	0.00	RHB	c Ravi Kiran b Shahrukh Khan	15608701	1973340	GTCC - Spring League 2026	12	TENNIS
B	25451640	2	Downtown Hunterz	AsRar RaHman	0	2	0	0	0.00	RHB	c Shashank Mishra b Shahrukh Khan	42406798	1973340	GTCC - Spring League 2026	12	TENNIS
B	25451640	2	Downtown Hunterz	MOHAMMED MANNAN ALI	16	8	0	2	200.00	RHB	c †Subham Rout b Chaitanya Thangeda	41759501	1973340	GTCC - Spring League 2026	12	TENNIS
B	25451640	2	Downtown Hunterz	Mohammed Ateeq	1	3	0	0	33.33	LHB	c Shashank Mishra b M.s.Muthu	18497213	1973340	GTCC - Spring League 2026	12	TENNIS
B	25451640	2	Downtown Hunterz	Mohammed Salman	0	3	0	0	0.00	RHB	c Shahrukh Khan b Rajeev Mohanan	41768685	1973340	GTCC - Spring League 2026	12	TENNIS
B	25451640	2	Downtown Hunterz	Mohammed Emad	0	3	0	0	0.00	RHB	st †Subham Rout b M.s.Muthu	31856679	1973340	GTCC - Spring League 2026	12	TENNIS
B	25451640	2	Downtown Hunterz	Sam	8	2	0	1	400.00	RHB	not out	42529904	1973340	GTCC - Spring League 2026	12	TENNIS
W	25451640	2	MASK XI	Shashank Mishra  (c)	2	0	19	0	5	2	1	0	0	9.50	15406334	1973340	GTCC - Spring League 2026	12	TENNIS
W	25451640	2	MASK XI	Chaitanya Thangeda	3	0	8	4	14	0	0	2	0	2.67	23290327	1973340	GTCC - Spring League 2026	12	TENNIS
W	25451640	2	MASK XI	Shahrukh Khan	2	0	10	3	8	2	0	0	0	5.00	31050554	1973340	GTCC - Spring League 2026	12	TENNIS
W	25451640	2	MASK XI	Roshan Tripathy	1	0	21	0	1	2	2	0	0	21.00	15931269	1973340	GTCC - Spring League 2026	12	TENNIS
W	25451640	2	MASK XI	M.s.Muthu	1	0	10	2	4	0	1	2	0	10.00	2210064	1973340	GTCC - Spring League 2026	12	TENNIS
W	25451640	2	MASK XI	Rajeev Mohanan	0.2	0	0	1	2	0	0	0	0	0.00	49944841	1973340	GTCC - Spring League 2026	12	TENNIS
B	25451646	1	Friends United	Saurav  (c)	0	2	0	0	0.00	RHB	b Piyush Thakur	38188893	1973340	GTCC - Spring League 2026	12	TENNIS
B	25451646	1	Friends United	Chetan	30	20	1	2	150.00	RHB	c †Amitkumar Gupta b Parth Parekh	22115674	1973340	GTCC - Spring League 2026	12	TENNIS
B	25451646	1	Friends United	Amandeep Singh	25	20	2	2	125.00	RHB	b Kush Batra	39148817	1973340	GTCC - Spring League 2026	12	TENNIS
B	25451646	1	Friends United	Navdeep Singh	0	1	0	0	0.00	RHB	b Kush Batra	39095211	1973340	GTCC - Spring League 2026	12	TENNIS
B	25451646	1	Friends United	Karan Bajwa	13	12	1	1	108.33	RHB	c Ashwin Shankar b Kush Batra	6249085	1973340	GTCC - Spring League 2026	12	TENNIS
B	25451646	1	Friends United	Gurpreet singh	0	1	0	0	0.00	RHB	c Piyush Thakur b Parth Parekh	41628752	1973340	GTCC - Spring League 2026	12	TENNIS
B	25451646	1	Friends United	Rajesh seelam	14	10	0	0	140.00	RHB	not out	32057148	1973340	GTCC - Spring League 2026	12	TENNIS
B	25451646	1	Friends United	Harmanjot Singh	9	6	0	1	150.00	LHB	run out † Amitkumar Gupta	41628927	1973340	GTCC - Spring League 2026	12	TENNIS
W	25451646	1	Durham United	Piyush Thakur	3	0	13	1	10	1	0	0	0	4.33	19808534	1973340	GTCC - Spring League 2026	12	TENNIS
W	25451646	1	Durham United	Ashwin Shankar	2	0	28	0	5	2	3	0	0	14.00	21750405	1973340	GTCC - Spring League 2026	12	TENNIS
W	25451646	1	Durham United	Kush Batra	3	0	15	3	11	0	0	6	0	5.00	33199195	1973340	GTCC - Spring League 2026	12	TENNIS
W	25451646	1	Durham United	Utkarsh Siingh	2	0	24	0	2	0	2	0	0	12.00	15282905	1973340	GTCC - Spring League 2026	12	TENNIS
W	25451646	1	Durham United	Parth Parekh	2	0	18	2	6	1	1	1	0	9.00	21056998	1973340	GTCC - Spring League 2026	12	TENNIS
B	25451646	2	Durham United	Nikhil Tyagi	38	23	7	0	165.22	LHB	c Amandeep Singh b Gurpreet singh	169825	1973340	GTCC - Spring League 2026	12	TENNIS
B	25451646	2	Durham United	Abhishek Koneri	3	7	0	0	42.86	RHB	c Navdeep Singh b Karan Bajwa	9779769	1973340	GTCC - Spring League 2026	12	TENNIS
B	25451646	2	Durham United	Jijo mathew	2	7	0	0	28.57	RHB	b Gurpreet singh	20885047	1973340	GTCC - Spring League 2026	12	TENNIS
B	25451646	2	Durham United	Baljinder Singh	12	14	0	1	85.71	RHB	c Gurpreet singh b Rajesh seelam	4138232	1973340	GTCC - Spring League 2026	12	TENNIS
B	25451646	2	Durham United	Girish Shivnani  (c)	12	8	1	1	150.00	RHB	c †Aashish TIWARI b Rajesh seelam	5624526	1973340	GTCC - Spring League 2026	12	TENNIS
B	25451646	2	Durham United	Utkarsh Siingh	3	3	0	0	100.00	LHB	c Saurav b Navdeep Singh	15282905	1973340	GTCC - Spring League 2026	12	TENNIS
B	25451646	2	Durham United	Kush Batra	6	4	0	1	150.00	RHB	run out Rajesh seelam	33199195	1973340	GTCC - Spring League 2026	12	TENNIS
B	25451646	2	Durham United	Amitkumar Gupta	0	1	0	0	0.00	RHB	c Sahil Thareja b Navdeep Singh	40436326	1973340	GTCC - Spring League 2026	12	TENNIS
B	25451646	2	Durham United	Prateek Jain	5	4	1	0	125.00	RHB	c Amandeep Singh b Chetan	40568075	1973340	GTCC - Spring League 2026	12	TENNIS
B	25451646	2	Durham United	Piyush Thakur	1	3	0	0	33.33	RHB	not out	19808534	1973340	GTCC - Spring League 2026	12	TENNIS
W	25451646	2	Durham United	Navdeep Singh	3	0	25	2	9	4	0	1	1	8.33	39095211	1973340	GTCC - Spring League 2026	12	TENNIS
W	25451646	2	Durham United	Karan Bajwa	2	0	19	1	4	3	0	1	0	9.50	6249085	1973340	GTCC - Spring League 2026	12	TENNIS
W	25451646	2	Durham United	Rajesh seelam	3	0	15	2	11	0	1	1	0	5.00	32057148	1973340	GTCC - Spring League 2026	12	TENNIS
W	25451646	2	Durham United	Gurpreet singh	2	0	9	2	9	1	0	3	0	4.50	41628752	1973340	GTCC - Spring League 2026	12	TENNIS
W	25451646	2	Durham United	Saurav  (c)	1	0	18	0	2	0	2	0	1	18.00	38188893	1973340	GTCC - Spring League 2026	12	TENNIS
W	25451646	2	Durham United	Chetan	1	0	5	1	4	1	0	0	0	5.00	22115674	1973340	GTCC - Spring League 2026	12	TENNIS
B	25451646	3	Durham United	Nikhil Tyagi	8	4	1	0	200.00		not out	169825	1973340	GTCC - Spring League 2026	12	TENNIS
B	25451646	3	Durham United	Girish Shivnani	6	2	0	1	300.00		not out	5624526	1973340	GTCC - Spring League 2026	12	TENNIS
W	25451646	3	Friends United	Chetan	1.0	0	14	0	0	1	1	0	0	14.00	22115674	1973340	GTCC - Spring League 2026	12	TENNIS
B	25451646	4	Friends United	Chetan	0	4	0	0	0.00		not out	22115674	1973340	GTCC - Spring League 2026	12	TENNIS
B	25451646	4	Friends United	Gurpreet Singh	1	2	0	0	50.00		not out	41628752	1973340	GTCC - Spring League 2026	12	TENNIS
W	25451646	4	Friends United	Piyush Thakur	1.0	0	1	0	0	0	0	0	0	1.00	19808534	1973340	GTCC - Spring League 2026	12	TENNIS
B	25451635	1	Royal Punjab	Prince	2	12	0	0	16.67	RHB	c Aftab b Sudheer Aki	23012388	1973340	GTCC - Spring League 2026	12	TENNIS
B	25451635	1	Royal Punjab	Jaskaran 	1	3	0	0	33.33	RHB	c Gowtham Vemareddy b Akhil Reddy	39251673	1973340	GTCC - Spring League 2026	12	TENNIS
B	25451635	1	Royal Punjab	Gurwinder Toor	22	23	0	2	95.65	LHB	c Sudheer Aki b JayaKrishna Gujjari	31489988	1973340	GTCC - Spring League 2026	12	TENNIS
B	25451635	1	Royal Punjab	Bikramjeet singh	0	2	0	0	0.00	RHB	c Abhinay b Sudheer Aki	41099524	1973340	GTCC - Spring League 2026	12	TENNIS
B	25451635	1	Royal Punjab	Amrit Amrit	15	11	1	1	136.36	RHB	c&b JayaKrishna Gujjari	41671523	1973340	GTCC - Spring League 2026	12	TENNIS
B	25451635	1	Royal Punjab	Lovepreet Khosa	0	2	0	0	0.00	RHB	c Rahush b JayaKrishna Gujjari	41122178	1973340	GTCC - Spring League 2026	12	TENNIS
B	25451635	1	Royal Punjab	Jasandeep Jasandeep  (c)	6	13	0	0	46.15	RHB	run out JayaKrishna Gujjari / Gowtham Vemareddy	41089636	1973340	GTCC - Spring League 2026	12	TENNIS
B	25451635	1	Royal Punjab	Amritpal  Singh	9	6	0	0	150.00	RHB	run out Praveen Reddy / Gowtham Vemareddy	41127556	1973340	GTCC - Spring League 2026	12	TENNIS
B	25451635	1	Royal Punjab	Vikram Singh	0	0	0	0	0.00	RHB	not out	41170578	1973340	GTCC - Spring League 2026	12	TENNIS
W	25451635	1	TCF DCC	Akhil Reddy	2	1	2	1	11	0	0	0	0	1.00	5549928	1973340	GTCC - Spring League 2026	12	TENNIS
W	25451635	1	TCF DCC	Praveen Reddy	2	0	10	0	7	1	0	1	0	5.00	5413093	1973340	GTCC - Spring League 2026	12	TENNIS
W	25451635	1	TCF DCC	Sudheer Aki  (c)	2	0	14	2	7	0	1	3	0	7.00	14762522	1973340	GTCC - Spring League 2026	12	TENNIS
W	25451635	1	TCF DCC	JayaKrishna Gujjari	3	0	9	3	10	0	0	0	0	3.00	1225653	1973340	GTCC - Spring League 2026	12	TENNIS
W	25451635	1	TCF DCC	Gowtham Vemareddy	3	0	26	0	8	0	2	2	0	8.67	14762600	1973340	GTCC - Spring League 2026	12	TENNIS
B	25451635	2	TCF DCC	Sudheer Aki  (c)	32	14	0	4	228.57	RHB	not out	14762522	1973340	GTCC - Spring League 2026	12	TENNIS
B	25451635	2	TCF DCC	Rushi Mannepalli	33	11	1	4	300.00	RHB	not out	14762497	1973340	GTCC - Spring League 2026	12	TENNIS
W	25451635	2	Royal Punjab	Parbjot Singh Aulakh	1	0	20	0	1	1	2	1	0	20.00	41091824	1973340	GTCC - Spring League 2026	12	TENNIS
W	25451635	2	Royal Punjab	Amritpal  Singh	2	0	20	0	4	0	2	0	0	10.00	41127556	1973340	GTCC - Spring League 2026	12	TENNIS
W	25451635	2	Royal Punjab	Lovepreet Khosa	1	0	20	0	2	0	3	0	0	20.00	41122178	1973340	GTCC - Spring League 2026	12	TENNIS
W	25451635	2	Royal Punjab	Jasandeep Jasandeep  (c)	0.1	0	6	0	0	0	1	0	0	36.00	41089636	1973340	GTCC - Spring League 2026	12	TENNIS
B	24327354	1	Royal Punjab	Jugraj Singh	32	21	3	2	152.38	RHB	b Syyid Muhammed Ali Zainulabideen	41127561	1973340	GTCC - Spring League 2026	12	TENNIS
B	24327354	1	Royal Punjab	Jaskaran 	0	4	0	0	0.00	RHB	c †Abbas Mirza b Ali Syed	39251673	1973340	GTCC - Spring League 2026	12	TENNIS
B	24327354	1	Royal Punjab	Prince	23	10	4	1	230.00	RHB	c Kazim Zaidi b Syyid Muhammed Ali Zainulabideen	23012388	1973340	GTCC - Spring League 2026	12	TENNIS
B	24327354	1	Royal Punjab	Gurwinder Toor	42	21	4	3	200.00	LHB	c Salman Mirza b Kazim Zaidi	31489988	1973340	GTCC - Spring League 2026	12	TENNIS
B	24327354	1	Royal Punjab	Lovepreet Khosa	32	9	2	4	355.56	RHB	c&b Ali Syed	41122178	1973340	GTCC - Spring League 2026	12	TENNIS
B	24327354	1	Royal Punjab	Bikramjeet singh	2	4	0	0	50.00	RHB	c †Abbas Mirza b Syyid Muhammed Ali Zainulabideen	41099524	1973340	GTCC - Spring League 2026	12	TENNIS
B	24327354	1	Royal Punjab	Amrit Amrit	4	3	0	0	133.33	RHB	not out	41671523	1973340	GTCC - Spring League 2026	12	TENNIS
B	24327354	1	Royal Punjab	Jasandeep Jasandeep  (c)	4	2	1	0	200.00	RHB	not out	41089636	1973340	GTCC - Spring League 2026	12	TENNIS
W	24327354	1	DesiBoyz CC	Ali Syed	3	0	23	2	9	2	1	1	1	7.67	48840512	1973340	GTCC - Spring League 2026	12	TENNIS
W	24327354	1	DesiBoyz CC	Salman Mirza	2	0	35	0	3	5	2	1	0	17.50	49940992	1973340	GTCC - Spring League 2026	12	TENNIS
W	24327354	1	DesiBoyz CC	Syyid Muhammed Ali Zainulabideen	3	0	31	3	9	2	3	1	0	10.33	3186741	1973340	GTCC - Spring League 2026	12	TENNIS
W	24327354	1	DesiBoyz CC	Ali Naqvi	1	0	21	0	0	2	1	1	1	21.00	49943492	1973340	GTCC - Spring League 2026	12	TENNIS
W	24327354	1	DesiBoyz CC	Zeeshan Mirza	1	0	23	0	1	1	3	0	0	23.00	49940897	1973340	GTCC - Spring League 2026	12	TENNIS
W	24327354	1	DesiBoyz CC	Kazim Zaidi	2	0	13	1	8	2	0	1	0	6.50	41870563	1973340	GTCC - Spring League 2026	12	TENNIS
B	24327354	2	DesiBoyz CC	Syyid Muhammed Ali Zainulabideen	3	7	0	0	42.86	RHB	c Amritpal  Singh b Lovepreet Khosa	3186741	1973340	GTCC - Spring League 2026	12	TENNIS
B	24327354	2	DesiBoyz CC	Syed Raza Razvi	0	1	0	0	0.00	LHB	c Parbjot Singh Aulakh b Amritpal  Singh	41068451	1973340	GTCC - Spring League 2026	12	TENNIS
B	24327354	2	DesiBoyz CC	Kazim Zaidi	0	1	0	0	0.00	RHB	c †Vikram Singh b Amritpal  Singh	41870563	1973340	GTCC - Spring League 2026	12	TENNIS
B	24327354	2	DesiBoyz CC	Ali Syed	1	1	0	0	100.00	RHB	run out Bikramjeet singh / † Vikram Singh	48840512	1973340	GTCC - Spring League 2026	12	TENNIS
B	24327354	2	DesiBoyz CC	Syed Raza Abbas Abedi	18	20	1	0	90.00	LHB	run out Amrit Amrit / Prince	49941069	1973340	GTCC - Spring League 2026	12	TENNIS
B	24327354	2	DesiBoyz CC	Salman Mirza	11	12	1	0	91.67	RHB	run out Amritpal  Singh / † Vikram Singh	49940992	1973340	GTCC - Spring League 2026	12	TENNIS
B	24327354	2	DesiBoyz CC	Moe Ali  (c)	3	3	0	0	100.00	RHB	c Amritpal  Singh b Jaskaran 	49885150	1973340	GTCC - Spring League 2026	12	TENNIS
B	24327354	2	DesiBoyz CC	Ali Naqvi	8	12	1	0	66.67	RHB	b Jugraj Singh	49943492	1973340	GTCC - Spring League 2026	12	TENNIS
B	24327354	2	DesiBoyz CC	Ali Rizwan Razvi	9	9	0	0	100.00	RHB	not out	49940877	1973340	GTCC - Spring League 2026	12	TENNIS
B	24327354	2	DesiBoyz CC	Askari Hasan	10	7	1	0	142.86	RHB	not out	49940879	1973340	GTCC - Spring League 2026	12	TENNIS
W	24327354	2	Royal Punjab	Amritpal  Singh	3	0	15	2	10	1	0	2	0	5.00	41127556	1973340	GTCC - Spring League 2026	12	TENNIS
W	24327354	2	Royal Punjab	Lovepreet Khosa	2	0	11	1	5	1	0	0	0	5.50	41122178	1973340	GTCC - Spring League 2026	12	TENNIS
W	24327354	2	Royal Punjab	Parbjot Singh Aulakh	2	0	8	0	5	0	0	0	0	4.00	41091824	1973340	GTCC - Spring League 2026	12	TENNIS
W	24327354	2	Royal Punjab	Jasandeep Jasandeep  (c)	1	0	5	0	3	0	0	1	1	5.00	41089636	1973340	GTCC - Spring League 2026	12	TENNIS
W	24327354	2	Royal Punjab	Jaskaran 	1	0	6	1	2	0	0	1	0	6.00	39251673	1973340	GTCC - Spring League 2026	12	TENNIS
W	24327354	2	Royal Punjab	Bikramjeet singh	2	0	17	0	2	2	0	0	0	8.50	41099524	1973340	GTCC - Spring League 2026	12	TENNIS
W	24327354	2	Royal Punjab	Jugraj Singh	1	0	6	1	2	0	0	0	0	6.00	41127561	1973340	GTCC - Spring League 2026	12	TENNIS
B	25332282	1	Peterborough Tuskers	Anoop Roy	5	4	1	0	125.00	LHB	c Julious M b Praveen Mathew	31748022	1973340	GTCC - Spring League 2026	12	TENNIS
B	25332282	1	Peterborough Tuskers	Sebin Siby (Zebatti)	33	20	1	4	165.00	RHB	c Charles Sebastian b Jinesh Joy	31748015	1973340	GTCC - Spring League 2026	12	TENNIS
B	25332282	1	Peterborough Tuskers	Thanzeel Thayyil	11	6	0	1	183.33	RHB	b Jithin Johnson	18628206	1973340	GTCC - Spring League 2026	12	TENNIS
B	25332282	1	Peterborough Tuskers	Alen Franklin  (c)	2	5	0	0	40.00	RHB	c †Anup john b Julious M	31748023	1973340	GTCC - Spring League 2026	12	TENNIS
B	25332282	1	Peterborough Tuskers	Eapen Jacob	37	17	0	5	217.65	RHB	run out † Anup john / Laju Joseph	31748016	1973340	GTCC - Spring League 2026	12	TENNIS
B	25332282	1	Peterborough Tuskers	Sinoy Joseph	2	2	0	0	100.00	RHB	c Charles Sebastian b Jinesh Joy	31748014	1973340	GTCC - Spring League 2026	12	TENNIS
B	25332282	1	Peterborough Tuskers	Dilin George	11	8	1	1	137.50	RHB	hit wkt b Jinesh Joy	31748024	1973340	GTCC - Spring League 2026	12	TENNIS
B	25332282	1	Peterborough Tuskers	Lebin Nelson	25	10	2	2	250.00	LHB	not out	31748019	1973340	GTCC - Spring League 2026	12	TENNIS
W	25332282	1	GTA Avengers	Praveen Mathew	3	0	36	1	7	2	3	2	0	12.00	27671093	1973340	GTCC - Spring League 2026	12	TENNIS
W	25332282	1	GTA Avengers	Ginil Joseph	3	0	33	0	8	2	3	1	0	11.00	27672341	1973340	GTCC - Spring League 2026	12	TENNIS
W	25332282	1	GTA Avengers	Jithin Johnson	1	0	20	1	1	0	2	5	0	20.00	39705826	1973340	GTCC - Spring League 2026	12	TENNIS
W	25332282	1	GTA Avengers	Julious M	2	0	22	1	7	0	3	1	0	11.00	39411092	1973340	GTCC - Spring League 2026	12	TENNIS
W	25332282	1	GTA Avengers	Jinesh Joy	2	0	18	3	6	0	1	4	0	9.00	19807001	1973340	GTCC - Spring League 2026	12	TENNIS
W	25332282	1	GTA Avengers	Charles Sebastian	1	0	11	0	4	1	1	1	0	11.00	39645887	1973340	GTCC - Spring League 2026	12	TENNIS
B	25332282	2	GTA Avengers	Ramkumar Pandarathil	9	6	2	0	150.00	RHB	b Alen Franklin	14295929	1973340	GTCC - Spring League 2026	12	TENNIS
B	25332282	2	GTA Avengers	Anto Paul	13	13	0	1	100.00	RHB	c Alen Franklin b Ananthu Krishna	21754688	1973340	GTCC - Spring League 2026	12	TENNIS
B	25332282	2	GTA Avengers	Anup john  (c & wk)	3	5	0	0	60.00	RHB	c Ananthu Krishna b Dilin George	39644296	1973340	GTCC - Spring League 2026	12	TENNIS
B	25332282	2	GTA Avengers	Julious M	5	6	1	0	83.33	RHB	c Thanzeel Thayyil b Alen Franklin	39411092	1973340	GTCC - Spring League 2026	12	TENNIS
B	25332282	2	GTA Avengers	Charles Sebastian	0	1	0	0	0.00	LHB	c Dilin George b Anandhu Nair	39645887	1973340	GTCC - Spring League 2026	12	TENNIS
B	25332282	2	GTA Avengers	Laju Joseph	21	17	1	1	123.53	RHB	b Mohammed Shahin	39644279	1973340	GTCC - Spring League 2026	12	TENNIS
B	25332282	2	GTA Avengers	Liju BN	0	1	0	0	0.00	RHB	c Sebin Siby (Zebatti) b Ananthu Krishna	39646084	1973340	GTCC - Spring League 2026	12	TENNIS
B	25332282	2	GTA Avengers	Jinesh Joy	27	17	1	2	158.82	RHB	b Alen Franklin	19807001	1973340	GTCC - Spring League 2026	12	TENNIS
B	25332282	2	GTA Avengers	Tijo Zacharia	0	1	0	0	0.00	RHB	c&b Alen Franklin	39644323	1973340	GTCC - Spring League 2026	12	TENNIS
B	25332282	2	GTA Avengers	Ginil Joseph	0	2	0	0	0.00	RHB	c Sebin Siby (Zebatti) b Sinoy Joseph	27672341	1973340	GTCC - Spring League 2026	12	TENNIS
B	25332282	2	GTA Avengers	Praveen Mathew	3	3	0	0	100.00	LHB	not out	27671093	1973340	GTCC - Spring League 2026	12	TENNIS
W	25332282	2	Peterborough Tuskers	Dilin George	3	0	40	1	8	4	2	4	1	13.33	31748024	1973340	GTCC - Spring League 2026	12	TENNIS
W	25332282	2	Peterborough Tuskers	Alen Franklin  (c)	3	0	16	4	11	0	1	3	0	5.33	31748023	1973340	GTCC - Spring League 2026	12	TENNIS
W	25332282	2	Peterborough Tuskers	Anandhu Nair	2	0	15	1	3	0	0	1	1	7.50	8815372	1973340	GTCC - Spring League 2026	12	TENNIS
W	25332282	2	Peterborough Tuskers	Ananthu Krishna	2	0	14	2	7	1	0	3	0	7.00	42314455	1973340	GTCC - Spring League 2026	12	TENNIS
W	25332282	2	Peterborough Tuskers	Sinoy Joseph	1	0	8	1	3	0	1	0	0	8.00	31748014	1973340	GTCC - Spring League 2026	12	TENNIS
W	25332282	2	Peterborough Tuskers	Mohammed Shahin	0.4	0	4	1	1	0	0	1	0	6.00	31748020	1973340	GTCC - Spring League 2026	12	TENNIS
B	24327358	1	The Tandoori Titans	Parth Patel	24	7	3	2	342.86	LHB	c Harishankar Srinivasan b Chandramenan Sivakumar	9962141	1973340	GTCC - Spring League 2026	12	TENNIS
B	24327358	1	The Tandoori Titans	Kandarp Suthar	31	20	2	3	155.00	RHB	c Harishankar Srinivasan b Sasidharan	31328000	1973340	GTCC - Spring League 2026	12	TENNIS
B	24327358	1	The Tandoori Titans	Jay Patel	2	2	0	0	100.00	RHB	c Ramprabhu b Chandramenan Sivakumar	41652909	1973340	GTCC - Spring League 2026	12	TENNIS
B	24327358	1	The Tandoori Titans	Himil Patel	37	22	3	2	168.18	LHB	c Sethu Rama Lingam b Krishna Singh	41364005	1973340	GTCC - Spring League 2026	12	TENNIS
B	24327358	1	The Tandoori Titans	Hashpreet Sandhu	22	11	3	0	200.00	RHB	c †Manikandan b Sethu Rama Lingam	41351955	1973340	GTCC - Spring League 2026	12	TENNIS
B	24327358	1	The Tandoori Titans	Karan Patel	21	9	1	2	233.33	LHB	b Harishankar Srinivasan	41407268	1973340	GTCC - Spring League 2026	12	TENNIS
B	24327358	1	The Tandoori Titans	Vignesh	0	1	0	0	0.00	RHB	run out Sasidharan / Harishankar Srinivasan	47833536	1973340	GTCC - Spring League 2026	12	TENNIS
B	24327358	1	The Tandoori Titans	Deep Patel  (c)	0	0	0	0	0.00	RHB	not out	41631561	1973340	GTCC - Spring League 2026	12	TENNIS
W	24327358	1	PONGO BIFFERS	Harishankar Srinivasan	3	0	56	1	4	4	5	2	0	18.67	9992183	1973340	GTCC - Spring League 2026	12	TENNIS
W	24327358	1	PONGO BIFFERS	Barani S	1	0	8	0	4	1	0	3	0	8.00	21595698	1973340	GTCC - Spring League 2026	12	TENNIS
W	24327358	1	PONGO BIFFERS	Chandramenan Sivakumar	2	0	18	2	6	1	1	3	0	9.00	10882019	1973340	GTCC - Spring League 2026	12	TENNIS
W	24327358	1	PONGO BIFFERS	Krishna Singh	3	0	32	1	6	3	1	2	0	10.67	21628344	1973340	GTCC - Spring League 2026	12	TENNIS
W	24327358	1	PONGO BIFFERS	Sasidharan	2	0	19	1	5	0	2	0	0	9.50	16108054	1973340	GTCC - Spring League 2026	12	TENNIS
W	24327358	1	PONGO BIFFERS	Sethu Rama Lingam	1	0	14	1	2	3	0	0	0	14.00	29326915	1973340	GTCC - Spring League 2026	12	TENNIS
B	24327358	2	PONGO BIFFERS	Ramprabhu	3	5	0	0	60.00	RHB	c Parth Patel b Shubham Acharya	23099240	1973340	GTCC - Spring League 2026	12	TENNIS
B	24327358	2	PONGO BIFFERS	Sasidharan	2	3	0	0	66.67	RHB	c Vibhash Patel b Shubham Acharya	16108054	1973340	GTCC - Spring League 2026	12	TENNIS
B	24327358	2	PONGO BIFFERS	Praveen  (c)	0	1	0	0	0.00	RHB	c †Ravi Solanki b Shubham Acharya	23099183	1973340	GTCC - Spring League 2026	12	TENNIS
B	24327358	2	PONGO BIFFERS	Manikandan  (wk)	44	26	4	2	169.23	RHB	c Karan Patel b Jay Patel	31192382	1973340	GTCC - Spring League 2026	12	TENNIS
B	24327358	2	PONGO BIFFERS	Chandramenan Sivakumar	20	13	1	2	153.85	RHB	run out Hashpreet Sandhu	10882019	1973340	GTCC - Spring League 2026	12	TENNIS
B	24327358	2	PONGO BIFFERS	Harishankar Srinivasan	13	11	1	1	118.18	RHB	retired hurt	9992183	1973340	GTCC - Spring League 2026	12	TENNIS
B	24327358	2	PONGO BIFFERS	Vignesh G	3	3	0	0	100.00	RHB	c Vibhash Patel b Karan Patel	23101534	1973340	GTCC - Spring League 2026	12	TENNIS
B	24327358	2	PONGO BIFFERS	Vijay Darsi	4	5	0	0	80.00	RHB	b Himil Patel	29369058	1973340	GTCC - Spring League 2026	12	TENNIS
B	24327358	2	PONGO BIFFERS	Krishna Singh	1	3	0	0	33.33	RHB	not out	21628344	1973340	GTCC - Spring League 2026	12	TENNIS
B	24327358	2	PONGO BIFFERS	Barani S	0	3	0	0	0.00	RHB	not out	21595698	1973340	GTCC - Spring League 2026	12	TENNIS
W	24327358	2	The Tandoori Titans	Shubham Acharya	3	0	29	3	8	2	2	0	1	9.70	41347123	1973340	GTCC - Spring League 2026	12	TENNIS
W	24327358	2	The Tandoori Titans	Kandarp Suthar	3	0	31	0	6	1	2	4	0	10.33	31328000	1973340	GTCC - Spring League 2026	12	TENNIS
W	24327358	2	The Tandoori Titans	Hashpreet Sandhu	1	0	2	0	4	0	0	0	0	2.00	41351955	1973340	GTCC - Spring League 2026	12	TENNIS
W	24327358	2	The Tandoori Titans	Parth Patel	1	0	3	0	4	0	0	1	0	3.00	9962141	1973340	GTCC - Spring League 2026	12	TENNIS
W	24327358	2	The Tandoori Titans	Himil Patel	2	0	10	1	6	1	0	1	0	5.00	41364005	1973340	GTCC - Spring League 2026	12	TENNIS
W	24327358	2	The Tandoori Titans	Jay Patel	1	0	9	1	2	1	0	0	0	9.00	41652909	1973340	GTCC - Spring League 2026	12	TENNIS
W	24327358	2	The Tandoori Titans	Karan Patel	1	0	15	1	2	1	1	2	0	15.00	41407268	1973340	GTCC - Spring League 2026	12	TENNIS
B	24327377	1	Nizam royal knights	Naveen Reddy	16	16	0	1	100.00	RHB	b Yash Vandra	15711723	1973340	GTCC - Spring League 2026	12	TENNIS
B	24327377	1	Nizam royal knights	Ashish	5	9	0	0	55.56	RHB	b Naitik Patel	39855542	1973340	GTCC - Spring League 2026	12	TENNIS
B	24327377	1	Nizam royal knights	Ranjith Medi	7	14	0	0	50.00	RHB	c †Raja Sekhar Reddy Gantla b Manikandan Kolanjinathan	40598040	1973340	GTCC - Spring League 2026	12	TENNIS
B	24327377	1	Nizam royal knights	Jag Reddy	3	3	0	0	100.00	RHB	b Ayaan Shaikh	16014318	1973340	GTCC - Spring League 2026	12	TENNIS
B	24327377	1	Nizam royal knights	Raghu Reddy	25	19	0	2	131.58	RHB	c Naitik Patel b Manikandan Kolanjinathan	15998250	1973340	GTCC - Spring League 2026	12	TENNIS
B	24327377	1	Nizam royal knights	Anvesh Reddy  (c)	0	1	0	0	0.00	RHB	c Abhiram AS b Manikandan Kolanjinathan	30346362	1973340	GTCC - Spring League 2026	12	TENNIS
B	24327377	1	Nizam royal knights	Rajpal Reddy	0	1	0	0	0.00	RHB	c †Raja Sekhar Reddy Gantla b Kushal Reddy	22695075	1973340	GTCC - Spring League 2026	12	TENNIS
B	24327377	1	Nizam royal knights	Gopikrishna reddy	4	7	0	0	57.14	RHB	c †Raja Sekhar Reddy Gantla b Naitik Patel	16013884	1973340	GTCC - Spring League 2026	12	TENNIS
B	24327377	1	Nizam royal knights	Srikanth Reddy	1	1	0	0	100.00	RHB	run out Kushal Reddy / Kushal Reddy	31816802	1973340	GTCC - Spring League 2026	12	TENNIS
B	24327377	1	Nizam royal knights	Anvesh	1	2	0	0	50.00	RHB	not out	31697938	1973340	GTCC - Spring League 2026	12	TENNIS
W	24327377	1	FERAL XI	Ayaan Shaikh	3	0	20	1	8	0	1	2	0	6.67	42302314	1973340	GTCC - Spring League 2026	12	TENNIS
W	24327377	1	FERAL XI	Naitik Patel	3	0	13	2	8	0	0	2	0	4.33	49883245	1973340	GTCC - Spring League 2026	12	TENNIS
W	24327377	1	FERAL XI	Yash Vandra	2	0	21	1	6	0	2	2	1	10.50	50353197	1973340	GTCC - Spring League 2026	12	TENNIS
W	24327377	1	FERAL XI	Kushal Reddy  (c)	2	0	9	1	5	0	0	0	0	4.50	15283637	1973340	GTCC - Spring League 2026	12	TENNIS
W	24327377	1	FERAL XI	Manikandan Kolanjinathan	2	0	10	3	7	0	0	4	0	5.00	49884058	1973340	GTCC - Spring League 2026	12	TENNIS
B	24327377	2	FERAL XI	Ali Haider	9	13	0	1	69.23	RHB	c Jag Reddy b Raghu Reddy	50175932	1973340	GTCC - Spring League 2026	12	TENNIS
B	24327377	2	FERAL XI	Fardeen Khan	27	25	0	3	108.00	RHB	run out Ashish / Naveen Reddy	27729185	1973340	GTCC - Spring League 2026	12	TENNIS
B	24327377	2	FERAL XI	Tazeemahamed Shaikh	2	5	0	0	40.00	RHB	run out Rajpal Reddy / Naveen Reddy	49882750	1973340	GTCC - Spring League 2026	12	TENNIS
B	24327377	2	FERAL XI	Abhiram AS	1	1	0	0	100.00	RHB	run out Jag Reddy / Jag Reddy	32212089	1973340	GTCC - Spring League 2026	12	TENNIS
B	24327377	2	FERAL XI	Vigneshwar Reddy	5	10	0	0	50.00	RHB	c Jag Reddy b Santhosh Reddy	15282856	1973340	GTCC - Spring League 2026	12	TENNIS
B	24327377	2	FERAL XI	Kushal Reddy  (c)	13	5	0	2	260.00	RHB	c Raghu Reddy b Anvesh Reddy	15283637	1973340	GTCC - Spring League 2026	12	TENNIS
B	24327377	2	FERAL XI	Yash Vandra	2	7	0	0	28.57	LHB	run out Ranjith Medi / Ranjith Medi	50353197	1973340	GTCC - Spring League 2026	12	TENNIS
B	24327377	2	FERAL XI	Raja Sekhar Reddy Gantla  (wk)	1	2	0	0	50.00	RHB	c Gopikrishna reddy b Ranjith Medi	15282981	1973340	GTCC - Spring League 2026	12	TENNIS
B	24327377	2	FERAL XI	Manikandan Kolanjinathan	4	3	0	0	133.33	RHB	run out Gopikrishna reddy / Naveen Reddy	49884058	1973340	GTCC - Spring League 2026	12	TENNIS
B	24327377	2	FERAL XI	Vigneshwar Reddy	0	0	0	0	0.00	RHB	not out	50218445	1973340	GTCC - Spring League 2026	12	TENNIS
B	24327377	2	FERAL XI	Naitik Patel	0	1	0	0	0.00	RHB	not out	49883245	1973340	GTCC - Spring League 2026	12	TENNIS
W	24327377	2	Nizam royal knights	Raghu Reddy	3	0	15	1	11	0	1	2	0	5.00	15998250	1973340	GTCC - Spring League 2026	12	TENNIS
W	24327377	2	Nizam royal knights	Ranjith Medi	3	0	8	1	12	0	0	1	0	2.67	40598040	1973340	GTCC - Spring League 2026	12	TENNIS
W	24327377	2	Nizam royal knights	Anvesh Reddy  (c)	2	0	11	1	6	0	1	0	0	5.50	30346362	1973340	GTCC - Spring League 2026	12	TENNIS
W	24327377	2	Nizam royal knights	Rajpal Reddy	2	0	22	0	6	0	3	0	0	11.00	22695075	1973340	GTCC - Spring League 2026	12	TENNIS
W	24327377	2	Nizam royal knights	Srikanth Reddy	1	0	3	0	3	0	0	0	0	3.00	31816802	1973340	GTCC - Spring League 2026	12	TENNIS
W	24327377	2	Nizam royal knights	Santhosh Reddy	1	0	10	1	3	0	1	2	0	10.00	22970716	1973340	GTCC - Spring League 2026	12	TENNIS
B	24327375	1	North Star T12	Raghavendra Naik	2	5	0	0	40.00	RHB	c Subham Rout b Shashank Mishra	15832543	1973340	GTCC - Spring League 2026	12	TENNIS
B	24327375	1	North Star T12	Bhuvan Anand  (c)	2	5	0	0	40.00	RHB	c Bibekananda Jena b Chaitanya Thangeda	16145433	1973340	GTCC - Spring League 2026	12	TENNIS
B	24327375	1	North Star T12	Ashish Khattar	2	3	0	0	66.67	RHB	run out Roshan Tripathy / Bibekananda Jena	16183456	1973340	GTCC - Spring League 2026	12	TENNIS
B	24327375	1	North Star T12	Jaideep (JD)	0	2	0	0	0.00	RHB	b Chaitanya Thangeda	9081230	1973340	GTCC - Spring League 2026	12	TENNIS
B	24327375	1	North Star T12	Devesh Cricket	3	5	0	0	60.00	RHB	c Chaitanya Thangeda b Shashank Mishra	40652754	1973340	GTCC - Spring League 2026	12	TENNIS
B	24327375	1	North Star T12	Nikhil T	9	11	0	0	81.82	LHB	c Jatibrata Acharya b Shahrukh Khan	16147694	1973340	GTCC - Spring League 2026	12	TENNIS
B	24327375	1	North Star T12	Praveen	1	7	0	0	14.29	RHB	c †Bibekananda Jena b Roshan Tripathy	21660645	1973340	GTCC - Spring League 2026	12	TENNIS
B	24327375	1	North Star T12	Sanjit Raut	7	11	0	0	63.64	RHB	c Tatva Shah b Chaitanya Thangeda	23646076	1973340	GTCC - Spring League 2026	12	TENNIS
B	24327375	1	North Star T12	Arunkumar  (wk)	0	4	0	0	0.00	RHB	c Ravi Kiran b Shashank Mishra	16168974	1973340	GTCC - Spring League 2026	12	TENNIS
B	24327375	1	North Star T12	Canada Cricket Bhavik Shah	2	5	0	0	40.00	RHB	not out	49943899	1973340	GTCC - Spring League 2026	12	TENNIS
B	24327375	1	North Star T12	Suhas Acharya	1	3	0	0	33.33	RHB	run out Shashank Mishra / † Bibekananda Jena	21540128	1973340	GTCC - Spring League 2026	12	TENNIS
W	24327375	1	Mask XI	Shashank Mishra	3	0	9	3	11	0	0	1	0	3.00	15406334	1973340	GTCC - Spring League 2026	12	TENNIS
W	24327375	1	Mask XI	Chaitanya Thangeda	3	1	4	3	15	0	0	0	0	1.33	23290327	1973340	GTCC - Spring League 2026	12	TENNIS
W	24327375	1	Mask XI	Roshan Tripathy	2	0	8	1	5	0	0	0	0	4.00	15931269	1973340	GTCC - Spring League 2026	12	TENNIS
W	24327375	1	Mask XI	Shahrukh Khan	2	0	9	1	5	0	0	0	0	4.50	31050554	1973340	GTCC - Spring League 2026	12	TENNIS
W	24327375	1	Mask XI	Rajeev Mohanan	0.1	0	2	0	1	0	0	2	0	12.00	49944841	1973340	GTCC - Spring League 2026	12	TENNIS
B	24327375	2	Mask XI	Jatibrata Acharya	9	7	0	1	128.57	RHB	c Jaideep (JD) b Ashish Khattar	31908570	1973340	GTCC - Spring League 2026	12	TENNIS
B	24327375	2	Mask XI	Tatva Shah	3	5	0	0	60.00	LHB	c Praveen b Nikhil T	29208721	1973340	GTCC - Spring League 2026	12	TENNIS
B	24327375	2	Mask XI	Ravi Kiran	17	14	1	1	121.43	RHB	not out	42956756	1973340	GTCC - Spring League 2026	12	TENNIS
B	24327375	2	Mask XI	Rajeev Mohanan	5	9	0	0	55.56	RHB	c Praveen b Nikhil T	49944841	1973340	GTCC - Spring League 2026	12	TENNIS
B	24327375	2	Mask XI	Subham Rout	0	0	0	0	0.00	RHB	not out	41248473	1973340	GTCC - Spring League 2026	12	TENNIS
W	24327375	2	North Star T12	Sanjit Raut	1	0	8	0	3	0	1	0	0	8.00	23646076	1973340	GTCC - Spring League 2026	12	TENNIS
W	24327375	2	North Star T12	Ashish Khattar	2	0	13	1	4	0	1	0	0	6.50	16183456	1973340	GTCC - Spring League 2026	12	TENNIS
W	24327375	2	North Star T12	Nikhil T	2	0	5	2	7	0	0	0	0	2.50	16147694	1973340	GTCC - Spring League 2026	12	TENNIS
W	24327375	2	North Star T12	Bhuvan Anand  (c)	0.5	0	8	0	2	1	0	0	0	9.60	16145433	1973340	GTCC - Spring League 2026	12	TENNIS
B	24327368	1	Toronto valiant knights	Kaushik Jagadeesan  (c & wk)	0	1	0	0	0.00	RHB	c Mahesh shetty nani b Raghuvardhan Reddy	40153823	1973340	GTCC - Spring League 2026	12	TENNIS
B	24327368	1	Toronto valiant knights	Sujith Kumar	14	13	0	1	107.69	RHB	c&b Jagadeesh Kona	15333613	1973340	GTCC - Spring League 2026	12	TENNIS
B	24327368	1	Toronto valiant knights	Rubaiat Rabby	17	15	0	2	113.33	RHB	c †Shyam komaravolu b Jagadeesh Kona	15564727	1973340	GTCC - Spring League 2026	12	TENNIS
B	24327368	1	Toronto valiant knights	Siranjeevi nandagopal	7	10	0	0	70.00	RHB	c Jitin p b Murali krishna	32560733	1973340	GTCC - Spring League 2026	12	TENNIS
B	24327368	1	Toronto valiant knights	Naga Praveen	23	11	1	2	209.09	LHB	not out	23358772	1973340	GTCC - Spring League 2026	12	TENNIS
B	24327368	1	Toronto valiant knights	Joydip kirtunia	1	3	0	0	33.33	RHB	c Harsha Settyvari b Altaf Ahmed	49764760	1973340	GTCC - Spring League 2026	12	TENNIS
B	24327368	1	Toronto valiant knights	MAHESH THUMMALA	34	20	1	4	170.00	RHB	run out † Shyam komaravolu / Murali krishna	23337751	1973340	GTCC - Spring League 2026	12	TENNIS
W	24327368	1	Marvels	Raghuvardhan Reddy	3	0	21	1	11	0	2	3	0	7.00	15600146	1973340	GTCC - Spring League 2026	12	TENNIS
W	24327368	1	Marvels	Mahesh shetty nani	2	0	26	0	4	0	3	3	0	13.00	31475597	1973340	GTCC - Spring League 2026	12	TENNIS
W	24327368	1	Marvels	Jagadeesh Kona	2	0	12	2	4	0	0	1	0	6.00	49883760	1973340	GTCC - Spring League 2026	12	TENNIS
W	24327368	1	Marvels	Balu	0.2	0	11	0	0	0	1	3	1	33.00	3592747	1973340	GTCC - Spring League 2026	12	TENNIS
W	24327368	1	Marvels	Murali krishna	2.4	0	17	1	10	1	1	2	0	6.38	21441516	1973340	GTCC - Spring League 2026	12	TENNIS
W	24327368	1	Marvels	Altaf Ahmed	2	0	26	1	5	1	2	4	0	13.00	5413138	1973340	GTCC - Spring League 2026	12	TENNIS
B	24327368	2	Marvels	Shyam komaravolu  (wk)	29	17	2	3	170.59	RHB	b Naga Praveen	31366180	1973340	GTCC - Spring League 2026	12	TENNIS
B	24327368	2	Marvels	Srinath Asopa	3	3	0	0	100.00	LHB	c Lokeswar Pamarthi b K Partha Sarathy	31710694	1973340	GTCC - Spring League 2026	12	TENNIS
B	24327368	2	Marvels	Balu	9	12	0	1	75.00	RHB	c Lokeswar Pamarthi b Joydip kirtunia	3592747	1973340	GTCC - Spring League 2026	12	TENNIS
B	24327368	2	Marvels	Murali krishna	8	10	0	0	80.00	RHB	c †Kaushik Jagadeesan b Joydip kirtunia	21441516	1973340	GTCC - Spring League 2026	12	TENNIS
B	24327368	2	Marvels	Altaf Ahmed	46	25	2	5	184.00	RHB	run out Adhithyan Haridas / † Kaushik Jagadeesan	5413138	1973340	GTCC - Spring League 2026	12	TENNIS
B	24327368	2	Marvels	Raghuvardhan Reddy	8	5	0	1	160.00	RHB	c Sujith Kumar b Lokeswar Pamarthi	15600146	1973340	GTCC - Spring League 2026	12	TENNIS
B	24327368	2	Marvels	Satish	1	2	0	0	50.00	RHB	run out Aravind iyer / Joydip kirtunia	15342524	1973340	GTCC - Spring League 2026	12	TENNIS
B	24327368	2	Marvels	Jitin p  (c)	0	0	0	0	0.00	RHB	not out	21442321	1973340	GTCC - Spring League 2026	12	TENNIS
W	24327368	2	Toronto valiant knights	Joydip kirtunia	3	0	18	2	13	1	2	0	0	6.00	49764760	1973340	GTCC - Spring League 2026	12	TENNIS
W	24327368	2	Toronto valiant knights	K Partha Sarathy	2	0	17	1	5	1	1	1	0	8.50	31983408	1973340	GTCC - Spring League 2026	12	TENNIS
W	24327368	2	Toronto valiant knights	Naga Praveen	2	0	17	1	7	0	2	2	0	8.50	23358772	1973340	GTCC - Spring League 2026	12	TENNIS
W	24327368	2	Toronto valiant knights	Lokeswar Pamarthi	3	0	30	1	5	1	2	2	0	10.00	31721859	1973340	GTCC - Spring League 2026	12	TENNIS
W	24327368	2	Toronto valiant knights	MAHESH THUMMALA	2	0	31	0	4	1	3	2	2	15.50	23337751	1973340	GTCC - Spring League 2026	12	TENNIS
B	24327385	1	Red Wings	Kripal K S  (wk)	26	12	0	4	216.67	RHB	b Ashish Khattar	21940499	1973340	GTCC - Spring League 2026	12	TENNIS
B	24327385	1	Red Wings	Jackson Ouseph	10	5	2	0	200.00	RHB	c Srikanth Lahoti b Ashish Khattar	21818163	1973340	GTCC - Spring League 2026	12	TENNIS
B	24327385	1	Red Wings	Christo Joy  (c)	24	12	1	3	200.00	RHB	c Nilay Shah b Bhuvan Anand	30376963	1973340	GTCC - Spring League 2026	12	TENNIS
B	24327385	1	Red Wings	Abdul	20	8	1	2	250.00	RHB	c †Jaideep (JD) b Raghavendra Naik	28445292	1973340	GTCC - Spring League 2026	12	TENNIS
B	24327385	1	Red Wings	Vaishnav	0	3	0	0	0.00	RHB	c Nilay Shah b Bhuvan Anand	31247987	1973340	GTCC - Spring League 2026	12	TENNIS
B	24327385	1	Red Wings	Vishnu Nair	13	6	1	1	216.67	RHB	c Vishad Bajaj b Raghavendra Naik	21754141	1973340	GTCC - Spring League 2026	12	TENNIS
B	24327385	1	Red Wings	Benson Baby	14	11	3	0	127.27	RHB	c †Jaideep (JD) b Bhuvan Anand	30375428	1973340	GTCC - Spring League 2026	12	TENNIS
B	24327385	1	Red Wings	Manu Thomas	5	8	0	0	62.50	LHB	b Ashish Khattar	40879277	1973340	GTCC - Spring League 2026	12	TENNIS
B	24327385	1	Red Wings	Nidhil	6	6	1	0	100.00	RHB	not out	28117737	1973340	GTCC - Spring League 2026	12	TENNIS
B	24327385	1	Red Wings	Akhil	4	1	1	0	400.00	RHB	not out	30322919	1973340	GTCC - Spring League 2026	12	TENNIS
W	24327385	1	North Star T12	Sanjit Raut	2	0	23	0	3	3	1	0	0	11.50	23646076	1973340	GTCC - Spring League 2026	12	TENNIS
W	24327385	1	North Star T12	Ashish Khattar	3	0	37	3	9	4	3	1	0	12.33	16183456	1973340	GTCC - Spring League 2026	12	TENNIS
W	24327385	1	North Star T12	Vishad Bajaj	2	0	28	0	5	1	3	2	0	14.00	49944061	1973340	GTCC - Spring League 2026	12	TENNIS
W	24327385	1	North Star T12	Bhuvan Anand  (c)	3	0	22	3	11	0	2	2	0	7.33	16145433	1973340	GTCC - Spring League 2026	12	TENNIS
W	24327385	1	North Star T12	Raghavendra Naik	2	0	20	2	6	2	1	2	0	10.00	15832543	1973340	GTCC - Spring League 2026	12	TENNIS
B	24327385	2	North Star T12	Raghavendra Naik	3	5	0	0	60.00	RHB	c Akhil b Nidhil	15832543	1973340	GTCC - Spring League 2026	12	TENNIS
B	24327385	2	North Star T12	Jaideep (JD)  (wk)	1	5	0	0	20.00	RHB	c Nidhil b Christo Joy	9081230	1973340	GTCC - Spring League 2026	12	TENNIS
B	24327385	2	North Star T12	Ashish Khattar	47	26	2	3	180.77	RHB	c †Kripal K S b Christo Joy	16183456	1973340	GTCC - Spring League 2026	12	TENNIS
B	24327385	2	North Star T12	Nilay Shah	7	7	0	0	100.00	RHB	c †Kripal K S b Christo Joy	31954578	1973340	GTCC - Spring League 2026	12	TENNIS
B	24327385	2	North Star T12	Hardik Gohil	16	13	0	1	123.08	RHB	run out † Kripal K S	31945568	1973340	GTCC - Spring League 2026	12	TENNIS
B	24327385	2	North Star T12	Bhuvan Anand  (c)	0	1	0	0	0.00	RHB	c Nidhil b Christo Joy	16145433	1973340	GTCC - Spring League 2026	12	TENNIS
B	24327385	2	North Star T12	Srikanth Lahoti	3	4	0	0	75.00	RHB	not out	4155955	1973340	GTCC - Spring League 2026	12	TENNIS
B	24327385	2	North Star T12	Canada Cricket Bhavik Shah	7	5	0	1	140.00	RHB	b Kripal K S	49943899	1973340	GTCC - Spring League 2026	12	TENNIS
B	24327385	2	North Star T12	Adit Shah	2	4	0	0	50.00	RHB	c †Kripal K S b Kashif Minhaj	290780	1973340	GTCC - Spring League 2026	12	TENNIS
B	24327385	2	North Star T12	Sanjit Raut	3	3	0	0	100.00	RHB	not out	23646076	1973340	GTCC - Spring League 2026	12	TENNIS
W	24327385	2	Red Wings	Akhil	1	0	11	0	1	1	0	1	0	11.00	30322919	1973340	GTCC - Spring League 2026	12	TENNIS
W	24327385	2	Red Wings	Nidhil	3	0	24	1	6	0	2	1	0	8.00	28117737	1973340	GTCC - Spring League 2026	12	TENNIS
W	24327385	2	Red Wings	Christo Joy  (c)	3	0	17	4	9	0	0	3	1	5.67	30376963	1973340	GTCC - Spring League 2026	12	TENNIS
W	24327385	2	Red Wings	Vishnu Nair	1	0	11	0	1	0	1	1	0	11.00	21754141	1973340	GTCC - Spring League 2026	12	TENNIS
W	24327385	2	Red Wings	Abin Mathew	1	0	13	0	1	1	1	0	0	13.00	30379080	1973340	GTCC - Spring League 2026	12	TENNIS
W	24327385	2	Red Wings	Kashif Minhaj	2	0	12	1	4	0	0	1	0	6.00	30376502	1973340	GTCC - Spring League 2026	12	TENNIS
W	24327385	2	Red Wings	Kripal K S	1	0	11	1	2	0	1	2	0	11.00	21940499	1973340	GTCC - Spring League 2026	12	TENNIS
B	24327382	1	Royal Punjab	Prince	1	5	0	0	20.00	RHB	c Vijay Darsi b Chandramenan Sivakumar	23012388	1973340	GTCC - Spring League 2026	12	TENNIS
B	24327382	1	Royal Punjab	Jaskaran 	8	11	0	0	72.73	RHB	c †Sasidharan b Harishankar Srinivasan	39251673	1973340	GTCC - Spring League 2026	12	TENNIS
B	24327382	1	Royal Punjab	Gurwinder Toor	3	12	0	0	25.00	LHB	c Chandramenan Sivakumar b Sethu Rama Lingam	31489988	1973340	GTCC - Spring League 2026	12	TENNIS
B	24327382	1	Royal Punjab	Bikramjeet singh	2	7	0	0	28.57	RHB	c Krishna Singh b Sasidharan	41099524	1973340	GTCC - Spring League 2026	12	TENNIS
B	24327382	1	Royal Punjab	Vikram Singh  (wk)	2	4	0	0	50.00	RHB	b Krishna Singh	41170578	1973340	GTCC - Spring League 2026	12	TENNIS
B	24327382	1	Royal Punjab	Amrit Amrit	0	1	0	0	0.00	RHB	run out Ramprabhu / Ramprabhu	41671523	1973340	GTCC - Spring League 2026	12	TENNIS
B	24327382	1	Royal Punjab	Jugraj Singh	12	13	1	0	92.31	RHB	c †Krishna Singh b Chandramenan Sivakumar	41127561	1973340	GTCC - Spring League 2026	12	TENNIS
B	24327382	1	Royal Punjab	Jasandeep Jasandeep  (c)	18	15	2	0	120.00	RHB	c Sasidharan b Chandramenan Sivakumar	41089636	1973340	GTCC - Spring League 2026	12	TENNIS
B	24327382	1	Royal Punjab	Ashu Sharma	1	2	0	0	50.00	RHB	not out	41099374	1973340	GTCC - Spring League 2026	12	TENNIS
B	24327382	1	Royal Punjab	Parbjot Singh Aulakh	0	1	0	0	0.00	RHB	c †Krishna Singh b Chandramenan Sivakumar	41091824	1973340	GTCC - Spring League 2026	12	TENNIS
B	24327382	1	Royal Punjab	Harmanpreet Singh	0	1	0	0	0.00	RHB	b Chandramenan Sivakumar	41099479	1973340	GTCC - Spring League 2026	12	TENNIS
W	24327382	1	PONGO BIFFERS	Harishankar Srinivasan	3	0	14	1	11	2	0	0	0	4.67	9992183	1973340	GTCC - Spring League 2026	12	TENNIS
W	24327382	1	PONGO BIFFERS	Chandramenan Sivakumar	2	0	10	5	8	0	0	4	0	5.00	10882019	1973340	GTCC - Spring League 2026	12	TENNIS
W	24327382	1	PONGO BIFFERS	Krishna Singh	2	0	8	1	8	0	0	3	0	4.00	21628344	1973340	GTCC - Spring League 2026	12	TENNIS
W	24327382	1	PONGO BIFFERS	Sasidharan	3	0	9	1	11	0	0	2	0	3.00	16108054	1973340	GTCC - Spring League 2026	12	TENNIS
W	24327382	1	PONGO BIFFERS	Sethu Rama Lingam	2	0	15	1	2	1	0	0	0	7.50	29326915	1973340	GTCC - Spring League 2026	12	TENNIS
B	24327382	2	PONGO BIFFERS	Ramprabhu	15	15	1	1	100.00	RHB	c Jugraj Singh b Amrit Amrit	23099240	1973340	GTCC - Spring League 2026	12	TENNIS
B	24327382	2	PONGO BIFFERS	Sasidharan  (wk)	5	5	0	0	100.00	RHB	c †Vikram Singh b Amrit Amrit	16108054	1973340	GTCC - Spring League 2026	12	TENNIS
B	24327382	2	PONGO BIFFERS	Krishna Singh  (wk)	13	11	1	0	118.18	RHB	not out	21628344	1973340	GTCC - Spring League 2026	12	TENNIS
B	24327382	2	PONGO BIFFERS	Vignesh G	4	9	0	0	44.44	RHB	c Bikramjeet singh b Gurwinder Toor	23101534	1973340	GTCC - Spring League 2026	12	TENNIS
B	24327382	2	PONGO BIFFERS	Praveen  (c)	8	2	0	1	400.00	RHB	not out	23099183	1973340	GTCC - Spring League 2026	12	TENNIS
W	24327382	2	Royal Punjab	Parbjot Singh Aulakh	2	0	20	0	5	0	1	3	3	10.00	41091824	1973340	GTCC - Spring League 2026	12	TENNIS
W	24327382	2	Royal Punjab	Amrit Amrit	2	0	12	2	6	1	0	0	0	6.00	41671523	1973340	GTCC - Spring League 2026	12	TENNIS
W	24327382	2	Royal Punjab	Jasandeep Jasandeep  (c)	1	0	10	0	2	0	0	3	0	10.00	41089636	1973340	GTCC - Spring League 2026	12	TENNIS
W	24327382	2	Royal Punjab	Ashu Sharma	1	0	6	0	3	1	0	0	0	6.00	41099374	1973340	GTCC - Spring League 2026	12	TENNIS
W	24327382	2	Royal Punjab	Gurwinder Toor	0.3	0	8	1	1	0	1	0	0	16.00	31489988	1973340	GTCC - Spring League 2026	12	TENNIS
B	24327388	1	FERAL XI	Ali Haider	0	1	0	0	0.00	RHB	c Abhi K b Gayatri Das G	50175932	1973340	GTCC - Spring League 2026	12	TENNIS
B	24327388	1	FERAL XI	Fardeen Khan	27	29	1	2	93.10	RHB	not out	27729185	1973340	GTCC - Spring League 2026	12	TENNIS
B	24327388	1	FERAL XI	Abhiram AS	0	5	0	0	0.00	RHB	b Gayatri Das G	32212089	1973340	GTCC - Spring League 2026	12	TENNIS
B	24327388	1	FERAL XI	Vigneshwar Reddy	3	4	0	0	75.00	RHB	c †Suresh Sekar b Gayatri Das G	15282856	1973340	GTCC - Spring League 2026	12	TENNIS
B	24327388	1	FERAL XI	Raju	4	8	0	0	50.00	RHB	c Vinoth G b Damu	10736902	1973340	GTCC - Spring League 2026	12	TENNIS
B	24327388	1	FERAL XI	Tazeemahamed Shaikh	5	6	1	0	83.33	RHB	c †Suresh Sekar b Lakku	49882750	1973340	GTCC - Spring League 2026	12	TENNIS
B	24327388	1	FERAL XI	Raja Sekhar Reddy Gantla	9	13	1	0	69.23	RHB	c †Suresh Sekar b Gayatri Das G	15282981	1973340	GTCC - Spring League 2026	12	TENNIS
B	24327388	1	FERAL XI	Kushal Reddy  (c)	2	5	0	0	40.00	RHB	run out Krishna S / † Suresh Sekar	15283637	1973340	GTCC - Spring League 2026	12	TENNIS
B	24327388	1	FERAL XI	Manikandan Kolanjinathan	0	1	0	0	0.00	RHB	b Damu	49884058	1973340	GTCC - Spring League 2026	12	TENNIS
B	24327388	1	FERAL XI	Naitik Patel	0	1	0	0	0.00	RHB	c †Suresh Sekar b Damu	49883245	1973340	GTCC - Spring League 2026	12	TENNIS
W	24327388	1	Red Dragons	Gayatri Das G	3	1	4	4	16	0	0	1	0	1.33	9736753	1973340	GTCC - Spring League 2026	12	TENNIS
W	24327388	1	Red Dragons	Vijay K	2	0	10	0	5	0	0	1	1	5.00	23322068	1973340	GTCC - Spring League 2026	12	TENNIS
W	24327388	1	Red Dragons	Damu	3	0	22	3	12	1	2	3	0	7.33	4135864	1973340	GTCC - Spring League 2026	12	TENNIS
W	24327388	1	Red Dragons	Lakku	2	0	9	1	8	1	0	2	0	4.50	9736741	1973340	GTCC - Spring League 2026	12	TENNIS
W	24327388	1	Red Dragons	Srini Vas	1	0	6	0	1	0	0	0	0	6.00	19804600	1973340	GTCC - Spring League 2026	12	TENNIS
W	24327388	1	Red Dragons	Saurabh Singh	1	0	7	0	3	1	0	0	0	7.00	42838591	1973340	GTCC - Spring League 2026	12	TENNIS
B	24327388	2	Red Dragons	Suresh Sekar  (wk)	15	14	0	1	107.14	RHB	not out	42851790	1973340	GTCC - Spring League 2026	12	TENNIS
B	24327388	2	Red Dragons	Abhi K	41	20	3	4	205.00	RHB	not out	42838777	1973340	GTCC - Spring League 2026	12	TENNIS
W	24327388	2	FERAL XI	Naitik Patel	3	0	24	0	7	1	1	2	0	8.00	49883245	1973340	GTCC - Spring League 2026	12	TENNIS
W	24327388	2	FERAL XI	Ayaan Shaikh	2	0	21	0	7	2	2	0	0	10.50	42302314	1973340	GTCC - Spring League 2026	12	TENNIS
W	24327388	2	FERAL XI	Ali Haider	0.4	0	15	0	0	0	2	0	0	22.50	50175932	1973340	GTCC - Spring League 2026	12	TENNIS
B	24327399	1	Nizam royal knights	Pranay Reddy	7	15	0	0	46.67	RHB	c MOHAMMED MANNAN ALI b Sam	18543580	1973340	GTCC - Spring League 2026	12	TENNIS
B	24327399	1	Nizam royal knights	Naveen Reddy	10	10	1	0	100.00	RHB	c AsRar RaHman b Mohammed Khulaidi	15711723	1973340	GTCC - Spring League 2026	12	TENNIS
B	24327399	1	Nizam royal knights	Srikanth Reddy P	4	7	0	0	57.14	RHB	c Mir Mujahed Ali b Mohammed Salman	9118169	1973340	GTCC - Spring League 2026	12	TENNIS
B	24327399	1	Nizam royal knights	Charith Reddy	11	13	0	0	84.62	RHB	c MOHAMMED MANNAN ALI b Mohammed Khulaidi	16203159	1973340	GTCC - Spring League 2026	12	TENNIS
B	24327399	1	Nizam royal knights	SaiKumar Kothakapu	1	4	0	0	25.00	RHB	c Mohammed Ateeq b Sam	27674048	1973340	GTCC - Spring League 2026	12	TENNIS
B	24327399	1	Nizam royal knights	Sattireddy Nalmala  (wk)	1	3	0	0	33.33	RHB	c MOHAMMED MANNAN ALI b Mohammed Emad	128334	1973340	GTCC - Spring League 2026	12	TENNIS
B	24327399	1	Nizam royal knights	Sampath Kantimahanthi	6	9	1	0	66.67	LHB	c MOHAMMED MANNAN ALI b Hassan khulaidi	30048429	1973340	GTCC - Spring League 2026	12	TENNIS
B	24327399	1	Nizam royal knights	Raghu Reddy	9	7	0	1	128.57	RHB	c Mohammed Salman b Sam	15998250	1973340	GTCC - Spring League 2026	12	TENNIS
B	24327399	1	Nizam royal knights	Anvesh Reddy  (c)	0	1	0	0	0.00	RHB	b Sam	30346362	1973340	GTCC - Spring League 2026	12	TENNIS
B	24327399	1	Nizam royal knights	Rajpal Reddy	1	1	0	0	100.00	RHB	not out	22695075	1973340	GTCC - Spring League 2026	12	TENNIS
B	24327399	1	Nizam royal knights	Maniteja Yerra	3	3	0	0	100.00	RHB	run out Syed Azeem Uddin	22695071	1973340	GTCC - Spring League 2026	12	TENNIS
W	24327399	1	Downtown Hunterz	Mohammed Salman	2	0	12	1	6	0	0	2	1	6.00	41768685	1973340	GTCC - Spring League 2026	12	TENNIS
W	24327399	1	Downtown Hunterz	Mohammed Khulaidi	3	0	13	2	10	0	0	1	0	4.33	31096973	1973340	GTCC - Spring League 2026	12	TENNIS
W	24327399	1	Downtown Hunterz	Hassan khulaidi	2	0	12	1	5	1	0	1	0	6.00	31856676	1973340	GTCC - Spring League 2026	12	TENNIS
W	24327399	1	Downtown Hunterz	Sam	3	0	16	4	12	1	1	2	0	5.33	42529904	1973340	GTCC - Spring League 2026	12	TENNIS
W	24327399	1	Downtown Hunterz	Mohammed Emad	2	0	9	1	5	0	0	2	0	4.50	31856679	1973340	GTCC - Spring League 2026	12	TENNIS
B	24327399	2	Downtown Hunterz	MOHAMMED MANNAN ALI	13	17	1	0	76.47	RHB	c Maniteja Yerra b Sampath Kantimahanthi	41759501	1973340	GTCC - Spring League 2026	12	TENNIS
B	24327399	2	Downtown Hunterz	Syed Azeem Uddin	3	4	0	0	75.00	RHB	c Raghu Reddy b SaiKumar Kothakapu	16455606	1973340	GTCC - Spring League 2026	12	TENNIS
B	24327399	2	Downtown Hunterz	Sam	8	10	1	0	80.00	RHB	b Maniteja Yerra	42529904	1973340	GTCC - Spring League 2026	12	TENNIS
B	24327399	2	Downtown Hunterz	Mohammed Ateeq	14	8	3	0	175.00	LHB	c Naveen Reddy b Sampath Kantimahanthi	18497213	1973340	GTCC - Spring League 2026	12	TENNIS
B	24327399	2	Downtown Hunterz	Mohammed Khulaidi	12	5	1	1	240.00	RHB	not out	31096973	1973340	GTCC - Spring League 2026	12	TENNIS
B	24327399	2	Downtown Hunterz	Irfan Mohammed  (wk)	8	5	0	1	160.00	RHB	not out	15608701	1973340	GTCC - Spring League 2026	12	TENNIS
W	24327399	2	Nizam royal knights	Maniteja Yerra	3	0	15	1	8	1	0	0	0	5.00	22695071	1973340	GTCC - Spring League 2026	12	TENNIS
W	24327399	2	Nizam royal knights	SaiKumar Kothakapu	2	0	13	1	6	2	0	1	0	6.50	27674048	1973340	GTCC - Spring League 2026	12	TENNIS
W	24327399	2	Nizam royal knights	Pranay Reddy	1.1	0	13	0	3	2	0	2	0	11.14	18543580	1973340	GTCC - Spring League 2026	12	TENNIS
W	24327399	2	Nizam royal knights	Sampath Kantimahanthi	1	0	12	2	2	1	1	0	0	12.00	30048429	1973340	GTCC - Spring League 2026	12	TENNIS
W	24327399	2	Nizam royal knights	Kishore DK	1	0	10	0	3	0	1	2	0	10.00	21832964	1973340	GTCC - Spring League 2026	12	TENNIS
B	24327391	1	TCF DCC	Rushi Mannepalli	20	13	2	0	153.85	RHB	c Prasanth Alakkottu padmakumar b Jobish Jose	14762497	1973340	GTCC - Spring League 2026	12	TENNIS
B	24327391	1	TCF DCC	Rahush	19	17	0	1	111.76	RHB	b Ditto Jose	1050410	1973340	GTCC - Spring League 2026	12	TENNIS
B	24327391	1	TCF DCC	Sudheer Aki  (c)	34	24	1	2	141.67	RHB	b Ditto Jose	14762522	1973340	GTCC - Spring League 2026	12	TENNIS
B	24327391	1	TCF DCC	Aftab	6	2	0	1	300.00	RHB	c Prasanth Alakkottu padmakumar b Ditto Jose	1541269	1973340	GTCC - Spring League 2026	12	TENNIS
B	24327391	1	TCF DCC	Abhinay	15	11	1	0	136.36	RHB	not out	104346	1973340	GTCC - Spring League 2026	12	TENNIS
B	24327391	1	TCF DCC	Teja Kokkula  (wk)	6	4	0	1	150.00	RHB	b Ditto Jose	14055267	1973340	GTCC - Spring League 2026	12	TENNIS
B	24327391	1	TCF DCC	Chandan Volkaji	2	2	0	0	100.00	RHB	c Sajeer Fakarudeen b Ditto Jose	31779636	1973340	GTCC - Spring League 2026	12	TENNIS
W	24327391	1	Phoenix Youngsters	Jobish Jose	3	0	29	1	6	2	1	1	0	9.67	41882341	1973340	GTCC - Spring League 2026	12	TENNIS
W	24327391	1	Phoenix Youngsters	Dheeraj Antony Phoenix 2025  (c)	2	0	19	0	2	0	1	2	0	9.50	39626145	1973340	GTCC - Spring League 2026	12	TENNIS
W	24327391	1	Phoenix Youngsters	Sajeer Fakarudeen	2	0	16	0	3	0	0	1	0	8.00	19803532	1973340	GTCC - Spring League 2026	12	TENNIS
W	24327391	1	Phoenix Youngsters	Arun Raj Somasekharan Nair	2	0	19	0	6	1	1	1	1	9.50	21088621	1973340	GTCC - Spring League 2026	12	TENNIS
W	24327391	1	Phoenix Youngsters	Ditto Jose	3	0	25	5	8	1	2	0	0	8.33	27671072	1973340	GTCC - Spring League 2026	12	TENNIS
B	24327391	2	Phoenix Youngsters	Sajeer Fakarudeen	0	3	0	0	0.00	RHB	c Rushi Mannepalli b Akhil Reddy	19803532	1973340	GTCC - Spring League 2026	12	TENNIS
B	24327391	2	Phoenix Youngsters	Dheeraj Antony Phoenix 2025  (c)	17	11	0	1	154.55	RHB	c Sudheer Aki b Praveen Reddy	39626145	1973340	GTCC - Spring League 2026	12	TENNIS
B	24327391	2	Phoenix Youngsters	Sanjay S  (wk)	2	4	0	0	50.00	RHB	c&b Praveen Reddy	27671100	1973340	GTCC - Spring League 2026	12	TENNIS
B	24327391	2	Phoenix Youngsters	Shobith Balakrishnan	18	12	0	1	150.00	RHB	run out Sudheer Aki / Teja Kokkula	27727065	1973340	GTCC - Spring League 2026	12	TENNIS
B	24327391	2	Phoenix Youngsters	Akhil Mathew	8	10	0	0	80.00	RHB	c Gowtham Vemareddy b JayaKrishna Gujjari	21845898	1973340	GTCC - Spring League 2026	12	TENNIS
B	24327391	2	Phoenix Youngsters	Jim	3	6	0	0	50.00	RHB	run out JayaKrishna Gujjari / Gowtham Vemareddy	22022144	1973340	GTCC - Spring League 2026	12	TENNIS
B	24327391	2	Phoenix Youngsters	Prasanth Alakkottu padmakumar	4	8	0	0	50.00	RHB	c Sudheer Aki b Sankethreddy	20873375	1973340	GTCC - Spring League 2026	12	TENNIS
B	24327391	2	Phoenix Youngsters	Christo Joseph	10	14	0	1	71.43	RHB	not out	30469742	1973340	GTCC - Spring League 2026	12	TENNIS
B	24327391	2	Phoenix Youngsters	Arun Raj Somasekharan Nair	0	1	0	0	0.00	RHB	c †Teja Kokkula b Sankethreddy	21088621	1973340	GTCC - Spring League 2026	12	TENNIS
B	24327391	2	Phoenix Youngsters	Ditto Jose	6	4	0	0	150.00	RHB	not out	27671072	1973340	GTCC - Spring League 2026	12	TENNIS
W	24327391	2	TCF DCC	Akhil Reddy	2	0	15	1	4	0	1	0	0	7.50	5549928	1973340	GTCC - Spring League 2026	12	TENNIS
W	24327391	2	TCF DCC	Praveen Reddy	2	0	9	2	5	0	0	0	0	4.50	5413093	1973340	GTCC - Spring League 2026	12	TENNIS
W	24327391	2	TCF DCC	Sankethreddy	2	0	9	2	6	0	0	0	1	4.50	39355221	1973340	GTCC - Spring League 2026	12	TENNIS
W	24327391	2	TCF DCC	JayaKrishna Gujjari	3	0	24	1	8	0	2	0	0	8.00	1225653	1973340	GTCC - Spring League 2026	12	TENNIS
W	24327391	2	TCF DCC	Gowtham Vemareddy	2	0	10	0	7	0	0	4	0	5.00	14762600	1973340	GTCC - Spring League 2026	12	TENNIS
W	24327391	2	TCF DCC	Sudheer Aki  (c)	1	0	7	0	2	0	0	1	0	7.00	14762522	1973340	GTCC - Spring League 2026	12	TENNIS
B	24327394	1	North Star T12	Raghavendra Naik	13	16	0	1	81.25	RHB	b NIRANJAN GOTTIPATI	15832543	1973340	GTCC - Spring League 2026	12	TENNIS
B	24327394	1	North Star T12	Nilay Shah	2	4	0	0	50.00	RHB	c †Sampath kumar madala b Srujan Gandla	31954578	1973340	GTCC - Spring League 2026	12	TENNIS
B	24327394	1	North Star T12	Jaideep (JD)  (wk)	9	12	0	0	75.00	RHB	c Sujay Shetty b Abdul Tauseef	9081230	1973340	GTCC - Spring League 2026	12	TENNIS
B	24327394	1	North Star T12	Ashish Khattar	20	12	2	1	166.67	RHB	c Abdul Tauseef b Srikanth Kommineni	16183456	1973340	GTCC - Spring League 2026	12	TENNIS
B	24327394	1	North Star T12	Hardik Gohil	4	9	0	0	44.44	RHB	run out † Sampath kumar madala / † Sampath kumar madala	31945568	1973340	GTCC - Spring League 2026	12	TENNIS
B	24327394	1	North Star T12	Bhuvan Anand  (c)	2	4	0	0	50.00	RHB	c Abdul Tauseef b Srujan Gandla	16145433	1973340	GTCC - Spring League 2026	12	TENNIS
B	24327394	1	North Star T12	Devesh Cricket	24	10	0	3	240.00	RHB	c †Sampath kumar madala b Abdul Tauseef	40652754	1973340	GTCC - Spring League 2026	12	TENNIS
B	24327394	1	North Star T12	Srikanth Lahoti	2	3	0	0	66.67	RHB	c Junaid Khan b NIRANJAN GOTTIPATI	4155955	1973340	GTCC - Spring League 2026	12	TENNIS
B	24327394	1	North Star T12	Suhas Acharya	2	2	0	0	100.00	RHB	not out	21540128	1973340	GTCC - Spring League 2026	12	TENNIS
B	24327394	1	North Star T12	Praveen	3	2	0	0	150.00	RHB	not out	21660645	1973340	GTCC - Spring League 2026	12	TENNIS
W	24327394	1	Team Phoenix	Srujan Gandla	3	1	3	2	16	0	0	1	0	1.00	23847345	1973340	GTCC - Spring League 2026	12	TENNIS
W	24327394	1	Team Phoenix	Mahendra Pullaganti	1	0	17	0	0	0	1	1	2	17.00	29518729	1973340	GTCC - Spring League 2026	12	TENNIS
W	24327394	1	Team Phoenix	NIRANJAN GOTTIPATI	3	0	20	2	5	1	0	1	0	6.67	39257621	1973340	GTCC - Spring League 2026	12	TENNIS
W	24327394	1	Team Phoenix	Tharun kumar Jalli	1	0	6	0	4	1	0	1	0	6.00	29519121	1973340	GTCC - Spring League 2026	12	TENNIS
W	24327394	1	Team Phoenix	Srikanth Kommineni	2	0	34	1	2	0	4	1	0	17.00	29518721	1973340	GTCC - Spring League 2026	12	TENNIS
W	24327394	1	Team Phoenix	Abdul Tauseef	2	0	8	2	6	0	0	0	0	4.00	45592058	1973340	GTCC - Spring League 2026	12	TENNIS
B	24327394	2	Team Phoenix	Junaid Khan	3	9	0	0	33.33	RHB	c&b Ashish Khattar	41651972	1973340	GTCC - Spring League 2026	12	TENNIS
B	24327394	2	Team Phoenix	Sujay Shetty	1	2	0	0	50.00	RHB	run out Vishad Bajaj / Ashish Khattar	6592436	1973340	GTCC - Spring League 2026	12	TENNIS
B	24327394	2	Team Phoenix	Tharun kumar Jalli	0	1	0	0	0.00	RHB	run out Bhuvan Anand / † Jaideep (JD)	29519121	1973340	GTCC - Spring League 2026	12	TENNIS
B	24327394	2	Team Phoenix	Sampath kumar madala  (c & wk)	71	25	1	10	284.00	RHB	not out	15283339	1973340	GTCC - Spring League 2026	12	TENNIS
B	24327394	2	Team Phoenix	Rajkumar Bingi	6	11	0	0	54.55	RHB	c †Jaideep (JD) b Bhuvan Anand	15000727	1973340	GTCC - Spring League 2026	12	TENNIS
B	24327394	2	Team Phoenix	Mahendra Pullaganti	7	13	0	0	53.85	RHB	not out	29518729	1973340	GTCC - Spring League 2026	12	TENNIS
W	24327394	2	North Star T12	Vishad Bajaj	3	1	10	0	13	0	1	0	0	3.33	49944061	1973340	GTCC - Spring League 2026	12	TENNIS
W	24327394	2	North Star T12	Ashish Khattar	3	0	28	1	8	1	2	2	0	9.33	16183456	1973340	GTCC - Spring League 2026	12	TENNIS
W	24327394	2	North Star T12	Suhas Acharya	1	0	13	0	3	0	2	0	0	13.00	21540128	1973340	GTCC - Spring League 2026	12	TENNIS
W	24327394	2	North Star T12	Bhuvan Anand  (c)	1	0	14	1	2	0	2	0	0	14.00	16145433	1973340	GTCC - Spring League 2026	12	TENNIS
W	24327394	2	North Star T12	Nilay Shah	1	0	15	0	1	0	2	0	0	15.00	31954578	1973340	GTCC - Spring League 2026	12	TENNIS
W	24327394	2	North Star T12	Raghavendra Naik	1.1	0	10	0	2	0	1	0	0	8.57	15832543	1973340	GTCC - Spring League 2026	12	TENNIS
B	24327411	1	Thunder Strikers	Ronak Patel	4	5	0	0	80.00	RHB	b Abhishek Vij	40650973	1973340	GTCC - Spring League 2026	12	TENNIS
B	24327411	1	Thunder Strikers	MOHSIN SAIYAD	13	14	0	1	92.86	RHB	run out Mohamed Shahin Aziz / Gurman Singh	22900753	1973340	GTCC - Spring League 2026	12	TENNIS
B	24327411	1	Thunder Strikers	Kunal Shah	0	2	0	0	0.00	RHB	c Gurman Singh b Abhishek Vij	15481956	1973340	GTCC - Spring League 2026	12	TENNIS
B	24327411	1	Thunder Strikers	Neel patel	4	5	0	0	80.00	RHB	run out Gurman Singh / Gurman Singh	32608795	1973340	GTCC - Spring League 2026	12	TENNIS
B	24327411	1	Thunder Strikers	Nish patel	9	11	1	0	81.82	RHB	c Abhinandan Sathyanarayan b Akash Bhalla	31956115	1973340	GTCC - Spring League 2026	12	TENNIS
B	24327411	1	Thunder Strikers	Mitalkumar Patel  (c)	0	1	0	0	0.00	RHB	c Sukhpreet Singh b Akash Bhalla	30057585	1973340	GTCC - Spring League 2026	12	TENNIS
B	24327411	1	Thunder Strikers	Krish Patel	5	16	0	0	31.25	RHB	retired out	38660099	1973340	GTCC - Spring League 2026	12	TENNIS
B	24327411	1	Thunder Strikers	Jainam	5	7	0	0	71.43	RHB	run out Balkar singh / Balkar singh	15997981	1973340	GTCC - Spring League 2026	12	TENNIS
B	24327411	1	Thunder Strikers	Parth Patel	10	6	0	1	166.67	RHB	c Neeraj Jindal b Mohamed Shahin Aziz	30757797	1973340	GTCC - Spring League 2026	12	TENNIS
B	24327411	1	Thunder Strikers	Darshit Patel	4	3	0	0	133.33	LHB	not out	27673702	1973340	GTCC - Spring League 2026	12	TENNIS
B	24327411	1	Thunder Strikers	Nikhil Jakhar	0	1	0	0	0.00	RHB	run out Gurman Singh / Gurman Singh	30808520	1973340	GTCC - Spring League 2026	12	TENNIS
W	24327411	1	Whitby warriors	Balkar singh	3	0	11	0	10	0	0	2	0	3.67	41693676	1973340	GTCC - Spring League 2026	12	TENNIS
W	24327411	1	Whitby warriors	Abhishek Vij	2	0	9	2	8	0	0	1	0	4.50	30087208	1973340	GTCC - Spring League 2026	12	TENNIS
W	24327411	1	Whitby warriors	Sukhpreet Singh	0	0	1	0	0	0	0	1	0	0.00	50096375	1973340	GTCC - Spring League 2026	12	TENNIS
W	24327411	1	Whitby warriors	Mohamed Shahin Aziz	1.5	0	19	1	5	0	2	2	0	10.36	50141899	1973340	GTCC - Spring League 2026	12	TENNIS
W	24327411	1	Whitby warriors	Neeraj Jindal	2	0	9	0	5	0	0	0	0	4.50	50089490	1973340	GTCC - Spring League 2026	12	TENNIS
W	24327411	1	Whitby warriors	Akash Bhalla  (c)	3	0	11	2	11	1	0	0	0	3.67	10133419	1973340	GTCC - Spring League 2026	12	TENNIS
B	24327411	2	Whitby warriors	Harmanpreet Singh	0	2	0	0	0.00	RHB	c Jainam b Darshit Patel	50094181	1973340	GTCC - Spring League 2026	12	TENNIS
B	24327411	2	Whitby warriors	Karmuhilan chellakkannu	4	7	0	0	57.14	RHB	c Kevin Shah b Parth Patel	39647385	1973340	GTCC - Spring League 2026	12	TENNIS
B	24327411	2	Whitby warriors	Abhinandan Sathyanarayan	8	8	1	0	100.00	RHB	run out Kevin Shah / Jainam	30087211	1973340	GTCC - Spring League 2026	12	TENNIS
B	24327411	2	Whitby warriors	Pulkit Malhotra	16	17	0	0	94.12	RHB	c Nish patel b Darshit Patel	30168192	1973340	GTCC - Spring League 2026	12	TENNIS
B	24327411	2	Whitby warriors	Neeraj Jindal	25	18	0	2	138.89	RHB	not out	50089490	1973340	GTCC - Spring League 2026	12	TENNIS
B	24327411	2	Whitby warriors	Balkar singh	0	2	0	0	0.00	RHB	run out Krish Patel / Jainam	41693676	1973340	GTCC - Spring League 2026	12	TENNIS
B	24327411	2	Whitby warriors	Akash Bhalla  (c)	2	3	0	0	66.67	RHB	not out	10133419	1973340	GTCC - Spring League 2026	12	TENNIS
W	24327411	2	Thunder Strikers	Darshit Patel	3	0	9	2	11	0	0	0	0	3.00	27673702	1973340	GTCC - Spring League 2026	12	TENNIS
W	24327411	2	Thunder Strikers	Nish patel	2.3	0	8	0	7	0	0	0	0	3.20	31956115	1973340	GTCC - Spring League 2026	12	TENNIS
W	24327411	2	Thunder Strikers	Parth Patel	2	0	22	1	3	1	1	3	0	11.00	30757797	1973340	GTCC - Spring League 2026	12	TENNIS
W	24327411	2	Thunder Strikers	Nikhil Jakhar	1	0	14	0	1	0	1	1	0	14.00	30808520	1973340	GTCC - Spring League 2026	12	TENNIS
W	24327411	2	Thunder Strikers	Kunal Shah	1	0	8	0	1	0	0	2	0	8.00	15481956	1973340	GTCC - Spring League 2026	12	TENNIS
B	24327406	1	Friends United	Saurav  (c)	0	2	0	0	0.00	RHB	c Yash Vandra b Naitik Patel	38188893	1973340	GTCC - Spring League 2026	12	TENNIS
B	24327406	1	Friends United	Chetan	10	5	1	1	200.00	RHB	c Ali Haider b Yash Vandra	22115674	1973340	GTCC - Spring League 2026	12	TENNIS
B	24327406	1	Friends United	Amandeep Singh	6	14	0	0	42.86	RHB	c Tazeemahamed Shaikh b Ayaan Shaikh	39148817	1973340	GTCC - Spring League 2026	12	TENNIS
B	24327406	1	Friends United	Aashish TIWARI  (wk)	12	19	1	0	63.16	RHB	retired hurt	822337	1973340	GTCC - Spring League 2026	12	TENNIS
B	24327406	1	Friends United	Navdeep Singh	7	10	0	0	70.00	RHB	b Yash Vandra	39095211	1973340	GTCC - Spring League 2026	12	TENNIS
B	24327406	1	Friends United	Karan Bajwa	20	10	0	3	200.00	RHB	c Ali Haider b Naitik Patel	6249085	1973340	GTCC - Spring League 2026	12	TENNIS
B	24327406	1	Friends United	Jasmeet Singh	5	7	0	0	71.43	RHB	not out	39297037	1973340	GTCC - Spring League 2026	12	TENNIS
B	24327406	1	Friends United	Ashu Sharma	12	8	0	0	150.00	RHB	run out Ali Haider / Abhiram AS	6562419	1973340	GTCC - Spring League 2026	12	TENNIS
W	24327406	1	FERAL XI	Naitik Patel	3	0	21	2	13	2	1	3	1	7.00	49883245	1973340	GTCC - Spring League 2026	12	TENNIS
W	24327406	1	FERAL XI	Yash Vandra	3	0	29	2	4	0	2	0	0	9.67	50353197	1973340	GTCC - Spring League 2026	12	TENNIS
W	24327406	1	FERAL XI	Ayaan Shaikh	2	0	7	1	8	0	0	3	0	3.50	42302314	1973340	GTCC - Spring League 2026	12	TENNIS
W	24327406	1	FERAL XI	Adnan khan 	2	0	10	0	6	0	0	0	1	5.00	42302317	1973340	GTCC - Spring League 2026	12	TENNIS
W	24327406	1	FERAL XI	Kushal Reddy  (c)	2	0	19	0	6	0	1	5	1	9.50	15283637	1973340	GTCC - Spring League 2026	12	TENNIS
B	24327406	2	FERAL XI	Ali Haider	9	16	0	0	56.25	RHB	c Harmanjot Singh b Jasmeet Singh	50175932	1973340	GTCC - Spring League 2026	12	TENNIS
B	24327406	2	FERAL XI	Fardeen Khan	8	8	1	0	100.00	RHB	c Chetan b Karan Bajwa	27729185	1973340	GTCC - Spring League 2026	12	TENNIS
B	24327406	2	FERAL XI	Abhiram AS	8	7	2	0	114.29	RHB	b Karan Bajwa	32212089	1973340	GTCC - Spring League 2026	12	TENNIS
B	24327406	2	FERAL XI	Yash Vandra	9	14	1	0	64.29	LHB	b Chetan	50353197	1973340	GTCC - Spring League 2026	12	TENNIS
B	24327406	2	FERAL XI	Tazeemahamed Shaikh	1	1	0	0	100.00	RHB	run out Gurpreet singh / Aashish TIWARI	49882750	1973340	GTCC - Spring League 2026	12	TENNIS
B	24327406	2	FERAL XI	Raja Sekhar Reddy Gantla  (wk)	4	7	0	0	57.14	RHB	c Karan Bajwa b Ashu Sharma	15282981	1973340	GTCC - Spring League 2026	12	TENNIS
B	24327406	2	FERAL XI	Kushal Reddy  (c)	1	5	0	0	20.00	RHB	c †Aashish TIWARI b Ashu Sharma	15283637	1973340	GTCC - Spring League 2026	12	TENNIS
B	24327406	2	FERAL XI	Naitik Patel	7	14	0	0	50.00	RHB	not out	49883245	1973340	GTCC - Spring League 2026	12	TENNIS
B	24327406	2	FERAL XI	Manikandan Kolanjinathan	0	1	0	0	0.00	RHB	run out Gurpreet singh / Navdeep Singh	49884058	1973340	GTCC - Spring League 2026	12	TENNIS
B	24327406	2	FERAL XI	Adnan khan 	0	0	0	0	0.00	RHB	not out	42302317	1973340	GTCC - Spring League 2026	12	TENNIS
W	24327406	2	Friends United	Navdeep Singh	3	0	12	0	10	0	0	0	1	4.00	39095211	1973340	GTCC - Spring League 2026	12	TENNIS
W	24327406	2	Friends United	Jasmeet Singh	2	0	16	1	5	2	0	2	0	8.00	39297037	1973340	GTCC - Spring League 2026	12	TENNIS
W	24327406	2	Friends United	Karan Bajwa	3	0	16	2	10	2	0	2	0	5.33	6249085	1973340	GTCC - Spring League 2026	12	TENNIS
W	24327406	2	Friends United	Gurpreet singh	1	0	8	0	4	0	0	4	0	8.00	41628752	1973340	GTCC - Spring League 2026	12	TENNIS
W	24327406	2	Friends United	Chetan	1	0	7	1	4	0	0	5	0	7.00	22115674	1973340	GTCC - Spring League 2026	12	TENNIS
W	24327406	2	Friends United	Ashu Sharma	2	0	4	2	10	0	0	2	0	2.00	6562419	1973340	GTCC - Spring League 2026	12	TENNIS
B	24557643	1	Markham Challengers-GTCC	JIBIN	14	11	0	1	127.27	RHB	c †Anup john b Jinesh Joy	9386022	1973340	GTCC - Spring League 2026	12	TENNIS
B	24557643	1	Markham Challengers-GTCC	Akhil Varghese  (wk)	3	9	0	0	33.33	RHB	c Anto Paul b Praveen Mathew	21088781	1973340	GTCC - Spring League 2026	12	TENNIS
B	24557643	1	Markham Challengers-GTCC	Vishal Sharma	7	8	1	0	87.50	LHB	c Charles Sebastian b Ginil Joseph	50639638	1973340	GTCC - Spring League 2026	12	TENNIS
B	24557643	1	Markham Challengers-GTCC	SIDHARTH  (c)	8	7	0	1	114.29	RHB	b Jinesh Joy	9386087	1973340	GTCC - Spring League 2026	12	TENNIS
B	24557643	1	Markham Challengers-GTCC	Navaneeth Suresh	6	9	0	0	66.67	RHB	c †Anup john b Julious M	14020477	1973340	GTCC - Spring League 2026	12	TENNIS
B	24557643	1	Markham Challengers-GTCC	Anandhu R	30	17	3	1	176.47	RHB	not out	21088770	1973340	GTCC - Spring League 2026	12	TENNIS
B	24557643	1	Markham Challengers-GTCC	Gokulraj Venugopal	14	11	1	0	127.27	RHB	not out	16136970	1973340	GTCC - Spring League 2026	12	TENNIS
W	24557643	1	GTA Avengers	Praveen Mathew	3	0	16	1	10	1	0	2	0	5.33	27671093	1973340	GTCC - Spring League 2026	12	TENNIS
W	24557643	1	GTA Avengers	Ginil Joseph	3	0	20	1	8	2	0	0	0	6.67	27672341	1973340	GTCC - Spring League 2026	12	TENNIS
W	24557643	1	GTA Avengers	Charles Sebastian	2	0	14	0	5	0	1	1	0	7.00	39645887	1973340	GTCC - Spring League 2026	12	TENNIS
W	24557643	1	GTA Avengers	Jinesh Joy	2	0	24	2	5	1	1	6	0	12.00	19807001	1973340	GTCC - Spring League 2026	12	TENNIS
W	24557643	1	GTA Avengers	Julious M	2	0	19	1	4	1	1	2	0	9.50	39411092	1973340	GTCC - Spring League 2026	12	TENNIS
B	24557643	2	GTA Avengers	Shebin Babu	0	1	0	0	0.00	RHB	c SIDHARTH b Ebin Thankachan	9470252	1973340	GTCC - Spring League 2026	12	TENNIS
B	24557643	2	GTA Avengers	Ginil Joseph	1	5	0	0	20.00	RHB	retired hurt	27672341	1973340	GTCC - Spring League 2026	12	TENNIS
B	24557643	2	GTA Avengers	Charles Sebastian	17	18	0	0	94.44	LHB	c Ciril John b Vishal Sharma	39645887	1973340	GTCC - Spring League 2026	12	TENNIS
B	24557643	2	GTA Avengers	Anto Paul	13	15	0	1	86.67	RHB	c †Akhil Varghese b Ebin Thankachan	21754688	1973340	GTCC - Spring League 2026	12	TENNIS
B	24557643	2	GTA Avengers	Anup john  (c & wk)	5	6	0	0	83.33	RHB	c JIBIN b LIJON JOSE	39644296	1973340	GTCC - Spring League 2026	12	TENNIS
B	24557643	2	GTA Avengers	Julious M	8	7	0	1	114.29	RHB	not out	39411092	1973340	GTCC - Spring League 2026	12	TENNIS
B	24557643	2	GTA Avengers	Laju Joseph	1	6	0	0	16.67	RHB	c Gokulraj Venugopal b Manu Rajan	39644279	1973340	GTCC - Spring League 2026	12	TENNIS
B	24557643	2	GTA Avengers	Jinesh Joy	3	3	0	0	100.00	RHB	run out Mohamed Muhsin / † Akhil Varghese	19807001	1973340	GTCC - Spring League 2026	12	TENNIS
B	24557643	2	GTA Avengers	Tijo Zacharia	7	8	0	0	87.50	RHB	c †Akhil Varghese b Gokulraj Venugopal	39644323	1973340	GTCC - Spring League 2026	12	TENNIS
B	24557643	2	GTA Avengers	Roshen daniel	0	1	0	0	0.00	RHB	c Ebin Thankachan b Gokulraj Venugopal	39644356	1973340	GTCC - Spring League 2026	12	TENNIS
B	24557643	2	GTA Avengers	Subhash Kottoor	2	2	0	0	100.00	RHB	not out	39644493	1973340	GTCC - Spring League 2026	12	TENNIS
W	24557643	2	Markham Challengers-GTCC	Ebin Thankachan	2	0	12	2	8	0	1	2	0	6.00	21088814	1973340	GTCC - Spring League 2026	12	TENNIS
W	24557643	2	Markham Challengers-GTCC	Ciril John	1	0	5	0	3	0	0	1	0	5.00	32838270	1973340	GTCC - Spring League 2026	12	TENNIS
W	24557643	2	Markham Challengers-GTCC	SIDHARTH  (c)	1	0	9	0	0	0	0	1	0	9.00	9386087	1973340	GTCC - Spring League 2026	12	TENNIS
W	24557643	2	Markham Challengers-GTCC	Manu Rajan	2	0	10	1	7	0	0	3	0	5.00	23101507	1973340	GTCC - Spring League 2026	12	TENNIS
W	24557643	2	Markham Challengers-GTCC	Vishal Sharma	1	0	4	1	3	0	0	0	0	4.00	50639638	1973340	GTCC - Spring League 2026	12	TENNIS
W	24557643	2	Markham Challengers-GTCC	Mohamed Muhsin	2	0	5	0	7	0	0	0	0	2.50	14452372	1973340	GTCC - Spring League 2026	12	TENNIS
W	24557643	2	Markham Challengers-GTCC	LIJON JOSE	1	0	4	1	2	0	0	0	0	4.00	21802533	1973340	GTCC - Spring League 2026	12	TENNIS
W	24557643	2	Markham Challengers-GTCC	JIBIN	1	0	13	0	1	0	1	2	0	13.00	9386022	1973340	GTCC - Spring League 2026	12	TENNIS
W	24557643	2	Markham Challengers-GTCC	Gokulraj Venugopal	1	0	4	2	4	0	0	0	0	4.00	16136970	1973340	GTCC - Spring League 2026	12	TENNIS
B	24327444	1	Mask XI	Shashank Mishra  (c)	1	4	0	0	25.00	RHB	c †Kripal K S b Christo Joy	15406334	1973340	GTCC - Spring League 2026	12	TENNIS
B	24327444	1	Mask XI	Shahrukh Khan	1	4	0	0	25.00	RHB	c Vaishnav b Christo Joy	31050554	1973340	GTCC - Spring League 2026	12	TENNIS
B	24327444	1	Mask XI	Ravi Kiran	53	28	2	4	189.29	RHB	c Ashish Shahji b Akhil	42956756	1973340	GTCC - Spring League 2026	12	TENNIS
B	24327444	1	Mask XI	Jatibrata Acharya	4	7	0	0	57.14	RHB	c †Kripal K S b Christo Joy	31908570	1973340	GTCC - Spring League 2026	12	TENNIS
B	24327444	1	Mask XI	Chaitanya Thangeda	2	3	0	0	66.67	RHB	c Jackson Ouseph b Nidhil	23290327	1973340	GTCC - Spring League 2026	12	TENNIS
B	24327444	1	Mask XI	Alok Mishra	2	7	0	0	28.57	RHB	c Jackson Ouseph b Abi Antony	14450770	1973340	GTCC - Spring League 2026	12	TENNIS
B	24327444	1	Mask XI	Roshan Tripathy	1	2	0	0	50.00	RHB	c †Kripal K S b Ashish Shahji	15931269	1973340	GTCC - Spring League 2026	12	TENNIS
B	24327444	1	Mask XI	Subham Rout	0	1	0	0	0.00	RHB	b Ashish Shahji	41248473	1973340	GTCC - Spring League 2026	12	TENNIS
B	24327444	1	Mask XI	Pratik Patnaik	3	6	0	0	50.00	RHB	c Jackson Ouseph b Abi Antony	597794	1973340	GTCC - Spring League 2026	12	TENNIS
B	24327444	1	Mask XI	Rajeev Mohanan	0	1	0	0	0.00	RHB	c Abin Mathew b Akhil	49944841	1973340	GTCC - Spring League 2026	12	TENNIS
B	24327444	1	Mask XI	Parag	1	2	0	0	50.00	RHB	not out	3752313	1973340	GTCC - Spring League 2026	12	TENNIS
W	24327444	1	Red Wings	Nidhil	3	0	16	1	9	0	1	0	0	5.33	28117737	1973340	GTCC - Spring League 2026	12	TENNIS
W	24327444	1	Red Wings	Christo Joy  (c)	3	0	17	3	11	1	1	1	0	5.67	30376963	1973340	GTCC - Spring League 2026	12	TENNIS
W	24327444	1	Red Wings	Ashish Shahji	2	0	21	2	2	1	0	1	1	10.50	29592609	1973340	GTCC - Spring League 2026	12	TENNIS
W	24327444	1	Red Wings	Abi Antony	1.4	0	16	2	6	0	2	1	0	9.60	23202311	1973340	GTCC - Spring League 2026	12	TENNIS
W	24327444	1	Red Wings	Akhil	1	0	2	2	4	0	0	0	0	2.00	30322919	1973340	GTCC - Spring League 2026	12	TENNIS
B	24327444	2	Red Wings	Kripal K S	13	7	3	0	185.71	RHB	c Chaitanya Thangeda b Shahrukh Khan	21940499	1973340	GTCC - Spring League 2026	12	TENNIS
B	24327444	2	Red Wings	Jackson Ouseph	38	23	2	3	165.22	RHB	c&b Shahrukh Khan	21818163	1973340	GTCC - Spring League 2026	12	TENNIS
B	24327444	2	Red Wings	Christo Joy  (c)	17	6	1	2	283.33	RHB	not out	30376963	1973340	GTCC - Spring League 2026	12	TENNIS
B	24327444	2	Red Wings	Kashif Minhaj	1	2	0	0	50.00	RHB	c Chaitanya Thangeda b Pratik Patnaik	30376502	1973340	GTCC - Spring League 2026	12	TENNIS
B	24327444	2	Red Wings	Manu Thomas	6	1	0	1	600.00	LHB	not out	40879277	1973340	GTCC - Spring League 2026	12	TENNIS
W	24327444	2	Mask XI	Shashank Mishra  (c)	2	0	14	0	7	1	0	1	1	7.00	15406334	1973340	GTCC - Spring League 2026	12	TENNIS
W	24327444	2	Mask XI	Chaitanya Thangeda	1	0	13	0	2	1	1	0	0	13.00	23290327	1973340	GTCC - Spring League 2026	12	TENNIS
W	24327444	2	Mask XI	Shahrukh Khan	2	0	24	2	5	4	1	0	0	12.00	31050554	1973340	GTCC - Spring League 2026	12	TENNIS
W	24327444	2	Mask XI	Roshan Tripathy	1	0	20	0	1	0	3	0	0	20.00	15931269	1973340	GTCC - Spring League 2026	12	TENNIS
W	24327444	2	Mask XI	Pratik Patnaik	0.2	0	6	1	1	0	1	0	0	18.00	597794	1973340	GTCC - Spring League 2026	12	TENNIS
B	24327441	1	Friends XI	Harish Thunga  (c)	13	12	1	0	108.33	RHB	c †Kaushik Jagadeesan b Babu	31956278	1973340	GTCC - Spring League 2026	12	TENNIS
B	24327441	1	Friends XI	Viral Patel	2	5	0	0	40.00	RHB	c †Kaushik Jagadeesan b Joydip kirtunia	15815175	1973340	GTCC - Spring League 2026	12	TENNIS
B	24327441	1	Friends XI	Rajat Lath	38	26	3	2	146.15	RHB	c Arunachalam DhakshinaMurthy b MAHESH THUMMALA	22378270	1973340	GTCC - Spring League 2026	12	TENNIS
B	24327441	1	Friends XI	Japan babu	4	3	0	0	133.33	RHB	b Adhithyan Haridas	39090306	1973340	GTCC - Spring League 2026	12	TENNIS
B	24327441	1	Friends XI	Dharmendra Singh parihar	8	7	1	0	114.29	RHB	c †Kaushik Jagadeesan b Adhithyan Haridas	23337498	1973340	GTCC - Spring League 2026	12	TENNIS
B	24327441	1	Friends XI	Justus Charles	4	5	0	0	80.00	RHB	c Babu b MAHESH THUMMALA	16786226	1973340	GTCC - Spring League 2026	12	TENNIS
B	24327441	1	Friends XI	Hardav Patel	0	1	0	0	0.00	RHB	c Sujith Kumar b MAHESH THUMMALA	34835781	1973340	GTCC - Spring League 2026	12	TENNIS
B	24327441	1	Friends XI	Neeladri Dey	9	8	0	1	112.50	RHB	c Rubaiat Rabby b Joydip kirtunia	31989572	1973340	GTCC - Spring League 2026	12	TENNIS
B	24327441	1	Friends XI	Charan Shekar  (wk)	3	2	0	0	150.00	RHB	not out	6268008	1973340	GTCC - Spring League 2026	12	TENNIS
B	24327441	1	Friends XI	Hardip Vasava	0	1	0	0	0.00	RHB	c Joydip kirtunia b MAHESH THUMMALA	675278	1973340	GTCC - Spring League 2026	12	TENNIS
B	24327441	1	Friends XI	Eshan Anandappa	3	3	0	0	100.00	RHB	not out	39357554	1973340	GTCC - Spring League 2026	12	TENNIS
W	24327441	1	Toronto valiant knights	Joydip kirtunia	3	0	16	2	11	0	1	0	1	5.33	49764760	1973340	GTCC - Spring League 2026	12	TENNIS
W	24327441	1	Toronto valiant knights	Babu	2	0	16	1	5	2	0	0	0	8.00	30498481	1973340	GTCC - Spring League 2026	12	TENNIS
W	24327441	1	Toronto valiant knights	Naga Praveen	2	0	19	0	4	1	1	1	0	9.50	23358772	1973340	GTCC - Spring League 2026	12	TENNIS
W	24327441	1	Toronto valiant knights	Adhithyan Haridas	3	0	26	2	7	2	1	1	0	8.67	42770103	1973340	GTCC - Spring League 2026	12	TENNIS
W	24327441	1	Toronto valiant knights	MAHESH THUMMALA	2	0	13	4	6	0	0	3	0	6.50	23337751	1973340	GTCC - Spring League 2026	12	TENNIS
B	24327441	2	Toronto valiant knights	Arunachalam DhakshinaMurthy	15	11	1	1	136.36	RHB	b Eshan Anandappa	39493811	1973340	GTCC - Spring League 2026	12	TENNIS
B	24327441	2	Toronto valiant knights	Rubaiat Rabby	12	14	0	1	85.71	RHB	c Rajat Lath b Dharmendra Singh parihar	15564727	1973340	GTCC - Spring League 2026	12	TENNIS
B	24327441	2	Toronto valiant knights	Sujith Kumar	9	14	0	0	64.29	RHB	b Harish Thunga	15333613	1973340	GTCC - Spring League 2026	12	TENNIS
B	24327441	2	Toronto valiant knights	Adhithyan Haridas	3	6	0	0	50.00	RHB	c †Charan Shekar b Harish Thunga	42770103	1973340	GTCC - Spring League 2026	12	TENNIS
B	24327441	2	Toronto valiant knights	Naveen Manivannan	7	13	0	0	53.85	RHB	not out	41868061	1973340	GTCC - Spring League 2026	12	TENNIS
B	24327441	2	Toronto valiant knights	Naga Praveen	11	11	1	0	100.00	LHB	c&b Rajat Lath	23358772	1973340	GTCC - Spring League 2026	12	TENNIS
B	24327441	2	Toronto valiant knights	Siranjeevi nandagopal	4	4	1	0	100.00	RHB	not out	32560733	1973340	GTCC - Spring League 2026	12	TENNIS
W	24327441	2	Friends XI	Eshan Anandappa	2	0	10	1	8	0	1	0	0	5.00	39357554	1973340	GTCC - Spring League 2026	12	TENNIS
W	24327441	2	Friends XI	Hardip Vasava	2	0	21	0	2	1	1	1	1	10.50	675278	1973340	GTCC - Spring League 2026	12	TENNIS
W	24327441	2	Friends XI	Rajat Lath	3	0	13	1	12	1	0	1	0	4.33	22378270	1973340	GTCC - Spring League 2026	12	TENNIS
W	24327441	2	Friends XI	Harish Thunga  (c)	3	0	11	2	9	0	0	0	0	3.67	31956278	1973340	GTCC - Spring League 2026	12	TENNIS
W	24327441	2	Friends XI	Dharmendra Singh parihar	2	0	9	1	7	1	0	0	0	4.50	23337498	1973340	GTCC - Spring League 2026	12	TENNIS
B	24327437	1	Red Dragons	Abhi K	54	41	6	0	131.71	RHB	c Harpreet Parmar b Parry	42838777	1973340	GTCC - Spring League 2026	12	TENNIS
B	24327437	1	Red Dragons	Ram K	4	11	0	0	36.36	RHB	b Abhi dhami	50378644	1973340	GTCC - Spring League 2026	12	TENNIS
B	24327437	1	Red Dragons	Ashok Balakrishnan	13	15	2	0	86.67	RHB	retired hurt	39878064	1973340	GTCC - Spring League 2026	12	TENNIS
B	24327437	1	Red Dragons	Venkatesh	6	5	0	0	120.00	LHB	not out	3615414	1973340	GTCC - Spring League 2026	12	TENNIS
W	24327437	1	Golden City	Harmeet Singh	2	0	14	0	5	2	0	0	0	7.00	39255428	1973340	GTCC - Spring League 2026	12	TENNIS
W	24327437	1	Golden City	Abhi dhami	3	0	13	1	10	1	0	2	0	4.33	42525345	1973340	GTCC - Spring League 2026	12	TENNIS
W	24327437	1	Golden City	Shaibaz Khan	3	0	18	0	5	1	0	0	0	6.00	41537512	1973340	GTCC - Spring League 2026	12	TENNIS
W	24327437	1	Golden City	Jasraj Singh	1	0	14	0	1	2	0	2	0	14.00	42437530	1973340	GTCC - Spring League 2026	12	TENNIS
W	24327437	1	Golden City	Abhishek Thakur	2	0	14	0	5	1	0	2	0	7.00	39122063	1973340	GTCC - Spring League 2026	12	TENNIS
W	24327437	1	Golden City	Parry  (c)	1	0	11	1	1	1	0	1	0	11.00	38211758	1973340	GTCC - Spring League 2026	12	TENNIS
B	24327437	2	Golden City	Parry  (c)	2	4	0	0	50.00	RHB	c †Suresh Sekar b Ashok Balakrishnan	38211758	1973340	GTCC - Spring League 2026	12	TENNIS
B	24327437	2	Golden City	Abhi dhami	0	1	0	0	0.00	RHB	c Abhi K b Ashok Balakrishnan	42525345	1973340	GTCC - Spring League 2026	12	TENNIS
B	24327437	2	Golden City	Jagjeet singh	9	11	1	0	81.82	RHB	c †Suresh Sekar b Vijay K	49882883	1973340	GTCC - Spring League 2026	12	TENNIS
B	24327437	2	Golden City	Jasraj Singh	0	3	0	0	0.00	RHB	c Abhi K b Vijay K	42437530	1973340	GTCC - Spring League 2026	12	TENNIS
B	24327437	2	Golden City	Manjinder Brar	0	2	0	0	0.00	RHB	c Ashok Balakrishnan b Vijay K	39147760	1973340	GTCC - Spring League 2026	12	TENNIS
B	24327437	2	Golden City	Shaibaz Khan	7	5	0	1	140.00	RHB	run out Vinoth G / Suresh Sekar	41537512	1973340	GTCC - Spring League 2026	12	TENNIS
B	24327437	2	Golden City	Abhishek Thakur	45	31	0	6	145.16	LHB	c Vinoth G b Vijay K	39122063	1973340	GTCC - Spring League 2026	12	TENNIS
B	24327437	2	Golden City	Abhy	3	9	0	0	33.33	RHB	c Venkatesh b Damu	39113369	1973340	GTCC - Spring League 2026	12	TENNIS
B	24327437	2	Golden City	Harpreet Parmar	4	4	0	0	100.00	RHB	not out	42046780	1973340	GTCC - Spring League 2026	12	TENNIS
B	24327437	2	Golden City	Sumit	3	5	0	0	60.00	RHB	not out	13339410	1973340	GTCC - Spring League 2026	12	TENNIS
W	24327437	2	Red Dragons	Ashok Balakrishnan	2	0	10	2	7	1	0	0	0	5.00	39878064	1973340	GTCC - Spring League 2026	12	TENNIS
W	24327437	2	Red Dragons	Vijay K	3	0	17	4	13	0	1	4	2	5.67	23322068	1973340	GTCC - Spring League 2026	12	TENNIS
W	24327437	2	Red Dragons	Abhi K	2	0	32	0	6	0	4	3	1	16.00	42838777	1973340	GTCC - Spring League 2026	12	TENNIS
W	24327437	2	Red Dragons	Damu	3	0	5	1	14	0	0	1	0	1.67	4135864	1973340	GTCC - Spring League 2026	12	TENNIS
W	24327437	2	Red Dragons	Saurabh Singh	2	0	21	0	4	0	2	1	0	10.50	42838591	1973340	GTCC - Spring League 2026	12	TENNIS
B	24327453	1	Maratha Warriors - GTCC	Mohit Palkar  (c)	14	13	1	1	107.69	RHB	c †Manikandan b Sethu Rama Lingam	30088867	1973340	GTCC - Spring League 2026	12	TENNIS
B	24327453	1	Maratha Warriors - GTCC	Jinto Eliyas  (wk)	6	6	1	0	100.00	LHB	run out Sasidharan	21834838	1973340	GTCC - Spring League 2026	12	TENNIS
B	24327453	1	Maratha Warriors - GTCC	Shantanu VedePatil	12	18	1	0	66.67	RHB	b Sasidharan	32590912	1973340	GTCC - Spring League 2026	12	TENNIS
B	24327453	1	Maratha Warriors - GTCC	Sai Prakash Balamandakottam	1	3	0	0	33.33	RHB	c Harishankar Srinivasan b Sasidharan	9729000	1973340	GTCC - Spring League 2026	12	TENNIS
B	24327453	1	Maratha Warriors - GTCC	Nikhil Rana	3	4	0	0	75.00	RHB	c Sasidharan b Umesh Yadav	32554738	1973340	GTCC - Spring League 2026	12	TENNIS
B	24327453	1	Maratha Warriors - GTCC	Kunal Ghaware	29	17	2	1	170.59	RHB	not out	32815971	1973340	GTCC - Spring League 2026	12	TENNIS
B	24327453	1	Maratha Warriors - GTCC	Maulin Chaudhari	0	1	0	0	0.00	LHB	c †Manikandan b Sasidharan	42132895	1973340	GTCC - Spring League 2026	12	TENNIS
B	24327453	1	Maratha Warriors - GTCC	Keval Kadam	2	2	0	0	100.00	RHB	run out Vignesh G	9175068	1973340	GTCC - Spring League 2026	12	TENNIS
B	24327453	1	Maratha Warriors - GTCC	Ashish Tamboli	6	8	0	0	75.00	RHB	not out	23037953	1973340	GTCC - Spring League 2026	12	TENNIS
W	24327453	1	PONGO BIFFERS	Krishna Singh	3	0	16	0	11	1	0	5	0	5.33	21628344	1973340	GTCC - Spring League 2026	12	TENNIS
W	24327453	1	PONGO BIFFERS	Harishankar Srinivasan	2	0	22	0	4	2	1	0	0	11.00	9992183	1973340	GTCC - Spring League 2026	12	TENNIS
W	24327453	1	PONGO BIFFERS	Sethu Rama Lingam	2	0	16	1	5	1	0	3	0	8.00	29326915	1973340	GTCC - Spring League 2026	12	TENNIS
W	24327453	1	PONGO BIFFERS	Sasidharan	2	0	11	3	8	1	0	2	0	5.50	16108054	1973340	GTCC - Spring League 2026	12	TENNIS
W	24327453	1	PONGO BIFFERS	Umesh Yadav	2	0	14	1	5	0	1	1	0	7.00	23099562	1973340	GTCC - Spring League 2026	12	TENNIS
W	24327453	1	PONGO BIFFERS	Senthil Chittibabu	1	0	5	0	1	0	0	0	0	5.00	30516417	1973340	GTCC - Spring League 2026	12	TENNIS
B	24327453	2	PONGO BIFFERS	Manikandan	5	9	0	0	55.56	RHB	c Ashish Tamboli b Vijay Barve	31192382	1973340	GTCC - Spring League 2026	12	TENNIS
B	24327453	2	PONGO BIFFERS	Praveen  (c)	20	27	1	0	74.07	RHB	b Nikhil Rana	23099183	1973340	GTCC - Spring League 2026	12	TENNIS
B	24327453	2	PONGO BIFFERS	Sasidharan	0	2	0	0	0.00	RHB	c Sai Prakash Balamandakottam b Vijay Barve	16108054	1973340	GTCC - Spring League 2026	12	TENNIS
B	24327453	2	PONGO BIFFERS	Thanigai Vel	12	19	0	0	63.16	RHB	c Nikhil Rana b Mohit Palkar	23107178	1973340	GTCC - Spring League 2026	12	TENNIS
B	24327453	2	PONGO BIFFERS	Harishankar Srinivasan	0	3	0	0	0.00	RHB	b Keval Kadam	9992183	1973340	GTCC - Spring League 2026	12	TENNIS
B	24327453	2	PONGO BIFFERS	Vignesh G	5	7	0	0	71.43	RHB	c Nikhil Rana b Kunal Ghaware	23101534	1973340	GTCC - Spring League 2026	12	TENNIS
B	24327453	2	PONGO BIFFERS	Krishna Singh	1	1	0	0	100.00	RHB	not out	21628344	1973340	GTCC - Spring League 2026	12	TENNIS
B	24327453	2	PONGO BIFFERS	Senthil Chittibabu	0	1	0	0	0.00	RHB	c †Jinto Eliyas b Kunal Ghaware	30516417	1973340	GTCC - Spring League 2026	12	TENNIS
B	24327453	2	PONGO BIFFERS	Umesh Yadav	0	3	0	0	0.00	RHB	c&b Kunal Ghaware	23099562	1973340	GTCC - Spring League 2026	12	TENNIS
B	24327453	2	PONGO BIFFERS	Mayil Vaganan	1	1	0	0	100.00	RHB	not out	31905928	1973340	GTCC - Spring League 2026	12	TENNIS
W	24327453	2	Maratha Warriors - GTCC	Nikhil Rana	3	0	12	1	9	0	0	1	0	4.00	32554738	1973340	GTCC - Spring League 2026	12	TENNIS
W	24327453	2	Maratha Warriors - GTCC	Vijay Barve	3	0	11	2	13	0	0	3	1	3.67	22417217	1973340	GTCC - Spring League 2026	12	TENNIS
W	24327453	2	Maratha Warriors - GTCC	Sai Prakash Balamandakottam	2	0	14	0	4	1	0	1	0	7.00	9729000	1973340	GTCC - Spring League 2026	12	TENNIS
W	24327453	2	Maratha Warriors - GTCC	Keval Kadam	2	0	9	1	5	0	0	0	0	4.50	9175068	1973340	GTCC - Spring League 2026	12	TENNIS
W	24327453	2	Maratha Warriors - GTCC	Mohit Palkar  (c)	1	0	8	1	3	0	0	4	0	8.00	30088867	1973340	GTCC - Spring League 2026	12	TENNIS
W	24327453	2	Maratha Warriors - GTCC	Kunal Ghaware	1	0	1	3	5	0	0	0	0	1.00	32815971	1973340	GTCC - Spring League 2026	12	TENNIS
B	24327450	1	Nizam royal knights	Naveen Reddy	14	15	1	0	93.33	RHB	c Srini Vas b Abhi K	15711723	1973340	GTCC - Spring League 2026	12	TENNIS
B	24327450	1	Nizam royal knights	Srikanth Reddy P	0	2	0	0	0.00	RHB	b Ashok Balakrishnan	9118169	1973340	GTCC - Spring League 2026	12	TENNIS
B	24327450	1	Nizam royal knights	Charith Reddy	2	2	0	0	100.00	RHB	c Srini Vas b Ashok Balakrishnan	16203159	1973340	GTCC - Spring League 2026	12	TENNIS
B	24327450	1	Nizam royal knights	Raghu Reddy	1	2	0	0	50.00	RHB	c Gayatri Das G b Vijay K	15998250	1973340	GTCC - Spring League 2026	12	TENNIS
B	24327450	1	Nizam royal knights	Pranay Reddy	35	22	3	2	159.09	RHB	c Ashok Balakrishnan b Vijay K	18543580	1973340	GTCC - Spring League 2026	12	TENNIS
B	24327450	1	Nizam royal knights	Sattireddy Nalmala	23	14	1	2	164.29	RHB	not out	128334	1973340	GTCC - Spring League 2026	12	TENNIS
B	24327450	1	Nizam royal knights	Anvesh Reddy  (c)	7	7	1	0	100.00	RHB	c&b Lakku	30346362	1973340	GTCC - Spring League 2026	12	TENNIS
B	24327450	1	Nizam royal knights	Ashok Vatrapu	20	10	1	2	200.00	RHB	not out	21362452	1973340	GTCC - Spring League 2026	12	TENNIS
W	24327450	1	Red Dragons	Ashok Balakrishnan	3	0	28	2	7	1	2	3	0	9.33	39878064	1973340	GTCC - Spring League 2026	12	TENNIS
W	24327450	1	Red Dragons	Vijay K	3	0	19	2	8	0	1	2	0	6.33	23322068	1973340	GTCC - Spring League 2026	12	TENNIS
W	24327450	1	Red Dragons	Lakku	2	0	15	1	6	1	0	3	0	7.50	9736741	1973340	GTCC - Spring League 2026	12	TENNIS
W	24327450	1	Red Dragons	Gayatri Das G	1	0	15	0	3	2	1	0	1	15.00	9736753	1973340	GTCC - Spring League 2026	12	TENNIS
W	24327450	1	Red Dragons	Saurabh Singh	1	0	9	0	4	0	1	1	0	9.00	42838591	1973340	GTCC - Spring League 2026	12	TENNIS
W	24327450	1	Red Dragons	Abhi K	1	0	13	1	2	1	1	0	0	13.00	42838777	1973340	GTCC - Spring League 2026	12	TENNIS
W	24327450	1	Red Dragons	Srini Vas	1	0	15	0	1	2	0	1	1	15.00	19804600	1973340	GTCC - Spring League 2026	12	TENNIS
B	24327450	2	Red Dragons	Venkatesh	5	8	0	0	62.50	LHB	c Naveen Reddy b Ashok Vatrapu	3615414	1973340	GTCC - Spring League 2026	12	TENNIS
B	24327450	2	Red Dragons	Abhi K	18	25	0	1	72.00	RHB	c Anvesh Reddy b Pranay Reddy	42838777	1973340	GTCC - Spring League 2026	12	TENNIS
B	24327450	2	Red Dragons	Ram K	3	11	0	0	27.27	RHB	retired out	50378644	1973340	GTCC - Spring League 2026	12	TENNIS
B	24327450	2	Red Dragons	Lakku	1	3	0	0	33.33	RHB	run out Rajpal Reddy / Pranay Reddy	9736741	1973340	GTCC - Spring League 2026	12	TENNIS
B	24327450	2	Red Dragons	Suresh Sekar	22	12	0	3	183.33	RHB	c Pranay Reddy b Raghu Reddy	42851790	1973340	GTCC - Spring League 2026	12	TENNIS
B	24327450	2	Red Dragons	Gayatri Das G	3	7	0	0	42.86	RHB	b Pranay Reddy	9736753	1973340	GTCC - Spring League 2026	12	TENNIS
B	24327450	2	Red Dragons	Srini Vas	1	4	0	0	25.00	RHB	not out	19804600	1973340	GTCC - Spring League 2026	12	TENNIS
B	24327450	2	Red Dragons	Vijay Rajendran	1	2	0	0	50.00	RHB	not out	42854431	1973340	GTCC - Spring League 2026	12	TENNIS
W	24327450	2	Nizam royal knights	Maniteja Yerra	2	0	4	0	9	0	0	0	0	2.00	22695071	1973340	GTCC - Spring League 2026	12	TENNIS
W	24327450	2	Nizam royal knights	Ashok Vatrapu	3	0	8	1	11	0	0	0	0	2.67	21362452	1973340	GTCC - Spring League 2026	12	TENNIS
W	24327450	2	Nizam royal knights	Ranjeeth Reddy M	2	0	14	0	5	0	1	0	0	7.00	15998037	1973340	GTCC - Spring League 2026	12	TENNIS
W	24327450	2	Nizam royal knights	Pranay Reddy	3	1	6	2	14	0	0	2	0	2.00	18543580	1973340	GTCC - Spring League 2026	12	TENNIS
W	24327450	2	Nizam royal knights	Raghu Reddy	2	0	25	1	4	0	3	1	0	12.50	15998250	1973340	GTCC - Spring League 2026	12	TENNIS
B	24327447	1	Phoenix Youngsters	Shobith Balakrishnan	10	6	1	1	166.67	RHB	c Sampath Reddy b Luxminarayanan Venkatapathy	27727065	1973340	GTCC - Spring League 2026	12	TENNIS
B	24327447	1	Phoenix Youngsters	Dheeraj Antony Phoenix 2025	0	1	0	0	0.00	RHB	b Hardip Vasava	39626145	1973340	GTCC - Spring League 2026	12	TENNIS
B	24327447	1	Phoenix Youngsters	Vipin Vijayan	30	18	2	2	166.67	RHB	b Balaji Vijayakumar	21088452	1973340	GTCC - Spring League 2026	12	TENNIS
B	24327447	1	Phoenix Youngsters	Sanjay S  (wk)	15	12	0	2	125.00	RHB	c Luxminarayanan Venkatapathy b Balaji Vijayakumar	27671100	1973340	GTCC - Spring League 2026	12	TENNIS
B	24327447	1	Phoenix Youngsters	Aravind Arun Nair	43	25	1	4	172.00	RHB	not out	14575138	1973340	GTCC - Spring League 2026	12	TENNIS
B	24327447	1	Phoenix Youngsters	Anu Krishnan	0	1	0	0	0.00	RHB	c †Charan Shekar b Krutarth	9017665	1973340	GTCC - Spring League 2026	12	TENNIS
B	24327447	1	Phoenix Youngsters	Prasanth Pillai	6	9	1	0	66.67	RHB	not out	27671092	1973340	GTCC - Spring League 2026	12	TENNIS
W	24327447	1	Friends XI	Luxminarayanan Venkatapathy	3	0	24	1	8	3	1	0	0	8.00	19801237	1973340	GTCC - Spring League 2026	12	TENNIS
W	24327447	1	Friends XI	Hardip Vasava	2	0	26	1	6	0	4	0	0	13.00	675278	1973340	GTCC - Spring League 2026	12	TENNIS
W	24327447	1	Friends XI	Balaji Vijayakumar	2	0	14	2	5	1	0	3	0	7.00	23028656	1973340	GTCC - Spring League 2026	12	TENNIS
W	24327447	1	Friends XI	Harish Thunga  (c)	3	0	19	0	9	0	1	1	0	6.33	31956278	1973340	GTCC - Spring League 2026	12	TENNIS
W	24327447	1	Friends XI	Krutarth	2	0	27	1	5	1	3	2	0	13.50	31851733	1973340	GTCC - Spring League 2026	12	TENNIS
B	24327447	2	Friends XI	Viral Patel	16	11	1	1	145.45	RHB	c Christo Joseph b Aravind Arun Nair	15815175	1973340	GTCC - Spring League 2026	12	TENNIS
B	24327447	2	Friends XI	Japan babu	0	1	0	0	0.00	RHB	b Nirmal Joseph Abraham	39090306	1973340	GTCC - Spring League 2026	12	TENNIS
B	24327447	2	Friends XI	Dharmendra Singh parihar	5	6	0	0	83.33	RHB	c Shobith Balakrishnan b Ditto Jose	23337498	1973340	GTCC - Spring League 2026	12	TENNIS
B	24327447	2	Friends XI	Sampath Reddy	7	6	0	1	116.67	RHB	hit wkt b Anu Krishnan	31956295	1973340	GTCC - Spring League 2026	12	TENNIS
B	24327447	2	Friends XI	Harish Thunga  (c)	0	3	0	0	0.00	RHB	c †Sanjay S b Aravind Arun Nair	31956278	1973340	GTCC - Spring League 2026	12	TENNIS
B	24327447	2	Friends XI	Hardav Patel	5	7	0	0	71.43	RHB	c Dheeraj Antony Phoenix 2025 b Aravind Arun Nair	34835781	1973340	GTCC - Spring League 2026	12	TENNIS
B	24327447	2	Friends XI	Sagar Setia	6	7	0	0	85.71	RHB	b Anu Krishnan	39089956	1973340	GTCC - Spring League 2026	12	TENNIS
B	24327447	2	Friends XI	Hardip Vasava	1	2	0	0	50.00	RHB	c †Sanjay S b Anu Krishnan	675278	1973340	GTCC - Spring League 2026	12	TENNIS
B	24327447	2	Friends XI	Charan Shekar  (wk)	10	15	1	0	66.67	RHB	not out	6268008	1973340	GTCC - Spring League 2026	12	TENNIS
B	24327447	2	Friends XI	Luxminarayanan Venkatapathy	19	11	2	1	172.73	RHB	c Nirmal Joseph Abraham b Dheeraj Antony Phoenix 2025	19801237	1973340	GTCC - Spring League 2026	12	TENNIS
B	24327447	2	Friends XI	Balaji Vijayakumar	0	1	0	0	0.00	RHB	c&b Dheeraj Antony Phoenix 2025	23028656	1973340	GTCC - Spring League 2026	12	TENNIS
W	24327447	2	Phoenix Youngsters	Nirmal Joseph Abraham	2	0	19	1	4	1	1	3	0	9.50	9001596	1973340	GTCC - Spring League 2026	12	TENNIS
W	24327447	2	Phoenix Youngsters	Ditto Jose  (c)	1	0	4	1	3	0	0	0	0	4.00	27671072	1973340	GTCC - Spring League 2026	12	TENNIS
W	24327447	2	Phoenix Youngsters	Aravind Arun Nair	3	0	13	3	9	0	0	2	0	4.33	14575138	1973340	GTCC - Spring League 2026	12	TENNIS
W	24327447	2	Phoenix Youngsters	Anu Krishnan	3	0	16	3	10	0	1	1	1	5.33	9017665	1973340	GTCC - Spring League 2026	12	TENNIS
W	24327447	2	Phoenix Youngsters	Subin Scaria	2	0	27	0	3	3	1	2	1	13.50	23271843	1973340	GTCC - Spring League 2026	12	TENNIS
W	24327447	2	Phoenix Youngsters	Dheeraj Antony Phoenix 2025	0.2	0	0	2	2	0	0	0	0	0.00	39626145	1973340	GTCC - Spring League 2026	12	TENNIS
B	24327465	1	PONGO BIFFERS	Manikandan  (wk)	15	23	0	0	65.22	RHB	b Jaison Varghese	31192382	1973340	GTCC - Spring League 2026	12	TENNIS
B	24327465	1	PONGO BIFFERS	Mayil Vaganan	8	14	0	0	57.14	RHB	c Indrajith Das b Rakesh	31905928	1973340	GTCC - Spring League 2026	12	TENNIS
B	24327465	1	PONGO BIFFERS	Sasidharan	5	4	0	0	125.00	RHB	c Yadukumar Jayakumar b Ashin	16108054	1973340	GTCC - Spring League 2026	12	TENNIS
B	24327465	1	PONGO BIFFERS	Praveen  (c)	0	1	0	0	0.00	RHB	c Raj Pradeep Rajendran b Ashin	23099183	1973340	GTCC - Spring League 2026	12	TENNIS
B	24327465	1	PONGO BIFFERS	Ramesh Babu	0	2	0	0	0.00	RHB	c †Siva Ganesh Medisetti b Ashin	23100817	1973340	GTCC - Spring League 2026	12	TENNIS
B	24327465	1	PONGO BIFFERS	Harishankar Srinivasan	4	6	0	0	66.67	RHB	c Sachin Satheesan b Yadukumar Jayakumar	9992183	1973340	GTCC - Spring League 2026	12	TENNIS
B	24327465	1	PONGO BIFFERS	Vignesh G	10	10	0	0	100.00	RHB	c †Siva Ganesh Medisetti b Raj Pradeep Rajendran	23101534	1973340	GTCC - Spring League 2026	12	TENNIS
B	24327465	1	PONGO BIFFERS	Chandramenan Sivakumar	7	8	0	0	87.50	RHB	not out	10882019	1973340	GTCC - Spring League 2026	12	TENNIS
B	24327465	1	PONGO BIFFERS	Prabhu Adithya S	3	5	0	0	60.00	RHB	not out	225031	1973340	GTCC - Spring League 2026	12	TENNIS
W	24327465	1	Markham Shots	Sachin Satheesan	2	0	7	0	7	0	0	0	0	3.50	49913756	1973340	GTCC - Spring League 2026	12	TENNIS
W	24327465	1	Markham Shots	Yadukumar Jayakumar	3	0	16	1	8	0	0	1	1	5.33	41966225	1973340	GTCC - Spring League 2026	12	TENNIS
W	24327465	1	Markham Shots	Ashin  (c)	3	0	12	3	9	0	0	1	0	4.00	9861238	1973340	GTCC - Spring League 2026	12	TENNIS
W	24327465	1	Markham Shots	Rakesh	1	0	8	1	2	0	0	1	0	8.00	25399146	1973340	GTCC - Spring League 2026	12	TENNIS
W	24327465	1	Markham Shots	Jaison Varghese	1	0	5	1	3	0	0	0	0	5.00	49882924	1973340	GTCC - Spring League 2026	12	TENNIS
W	24327465	1	Markham Shots	Raj Pradeep Rajendran	2	0	8	1	7	0	0	0	0	4.00	42165773	1973340	GTCC - Spring League 2026	12	TENNIS
B	24327465	2	Markham Shots	Yadukumar Jayakumar	0	3	0	0	0.00	RHB	b Krishna Singh	41966225	1973340	GTCC - Spring League 2026	12	TENNIS
B	24327465	2	Markham Shots	Jaison Varghese	2	4	0	0	50.00	RHB	c Ramesh Babu b Krishna Singh	49882924	1973340	GTCC - Spring League 2026	12	TENNIS
B	24327465	2	Markham Shots	Soumya 	0	2	0	0	0.00	RHB	c †Manikandan b Krishna Singh	50178459	1973340	GTCC - Spring League 2026	12	TENNIS
B	24327465	2	Markham Shots	Siva Ganesh Medisetti  (wk)	12	14	0	0	85.71	RHB	run out Sasidharan / † Manikandan	49884027	1973340	GTCC - Spring League 2026	12	TENNIS
B	24327465	2	Markham Shots	Vinu Joy	12	14	1	0	85.71	LHB	c Ramesh Babu b Harishankar Srinivasan	21777638	1973340	GTCC - Spring League 2026	12	TENNIS
B	24327465	2	Markham Shots	Vasanth Paul J	3	6	0	0	50.00	RHB	c †Manikandan b Prabhu Adithya S	31907587	1973340	GTCC - Spring League 2026	12	TENNIS
B	24327465	2	Markham Shots	Raj Pradeep Rajendran	0	1	0	0	0.00	RHB	b Prabhu Adithya S	42165773	1973340	GTCC - Spring League 2026	12	TENNIS
B	24327465	2	Markham Shots	Ashin  (c)	17	17	2	0	100.00	RHB	not out	9861238	1973340	GTCC - Spring League 2026	12	TENNIS
B	24327465	2	Markham Shots	Indrajith Das	1	2	0	0	50.00	RHB	b Prabhu Adithya S	24120932	1973340	GTCC - Spring League 2026	12	TENNIS
B	24327465	2	Markham Shots	Sachin Satheesan	2	4	0	0	50.00	RHB	not out	49913756	1973340	GTCC - Spring League 2026	12	TENNIS
W	24327465	2	PONGO BIFFERS	Krishna Singh	2	0	7	3	8	0	0	1	0	3.50	21628344	1973340	GTCC - Spring League 2026	12	TENNIS
W	24327465	2	PONGO BIFFERS	Harishankar Srinivasan	3	0	13	1	8	0	0	2	0	4.33	9992183	1973340	GTCC - Spring League 2026	12	TENNIS
W	24327465	2	PONGO BIFFERS	Prabhu Adithya S	3	0	11	3	10	0	0	2	0	3.67	225031	1973340	GTCC - Spring League 2026	12	TENNIS
W	24327465	2	PONGO BIFFERS	Chandramenan Sivakumar	1.1	0	9	0	1	0	0	2	0	7.71	10882019	1973340	GTCC - Spring League 2026	12	TENNIS
W	24327465	2	PONGO BIFFERS	Manikandan	1	0	3	0	3	0	0	0	0	3.00	31192382	1973340	GTCC - Spring League 2026	12	TENNIS
W	24327465	2	PONGO BIFFERS	Sasidharan	1	0	15	0	2	3	0	1	0	15.00	16108054	1973340	GTCC - Spring League 2026	12	TENNIS
B	24327461	1	Whitby warriors	Karmuhilan chellakkannu	6	8	1	0	75.00	RHB	run out Parth Parekh / Amitkumar Gupta	39647385	1973340	GTCC - Spring League 2026	12	TENNIS
B	24327461	1	Whitby warriors	Rajiv Mishra	14	16	0	1	87.50	RHB	c Varun Gupta b Parth Parekh	50068951	1973340	GTCC - Spring League 2026	12	TENNIS
B	24327461	1	Whitby warriors	Pulkit Malhotra  (wk)	22	25	2	1	88.00	RHB	c Parth Parekh b Utkarsh Siingh	30168192	1973340	GTCC - Spring League 2026	12	TENNIS
B	24327461	1	Whitby warriors	Tarun jaswal	0	2	0	0	0.00	RHB	c Girish Shivnani b Parth Parekh	30147776	1973340	GTCC - Spring League 2026	12	TENNIS
B	24327461	1	Whitby warriors	Mohamed Shahin Aziz Khan	3	5	0	0	60.00	RHB	run out Parth Parekh / Parth Parekh	50141899	1973340	GTCC - Spring League 2026	12	TENNIS
B	24327461	1	Whitby warriors	Harmanpreet Singh	17	5	1	2	340.00	RHB	c †Amitkumar Gupta b Ashwin Shankar	50094181	1973340	GTCC - Spring League 2026	12	TENNIS
B	24327461	1	Whitby warriors	Sukhpreet Singh	1	3	0	0	33.33	RHB	c †Amitkumar Gupta b Ashwin Shankar	50096375	1973340	GTCC - Spring League 2026	12	TENNIS
B	24327461	1	Whitby warriors	Azizullah Banozai	1	4	0	0	25.00		st †Amitkumar Gupta b Utkarsh Siingh	50069400	1973340	GTCC - Spring League 2026	12	TENNIS
B	24327461	1	Whitby warriors	Balkar singh	6	2	1	0	300.00	RHB	not out	41693676	1973340	GTCC - Spring League 2026	12	TENNIS
B	24327461	1	Whitby warriors	Akish walia	0	3	0	0	0.00	LHB	st †Amitkumar Gupta b Utkarsh Siingh	50073324	1973340	GTCC - Spring League 2026	12	TENNIS
W	24327461	1	Durham United	Kunal Chopra	3	0	17	0	10	2	0	0	1	5.67	16694647	1973340	GTCC - Spring League 2026	12	TENNIS
W	24327461	1	Durham United	Ashwin Shankar	3	0	17	2	10	1	1	0	0	5.67	21750405	1973340	GTCC - Spring League 2026	12	TENNIS
W	24327461	1	Durham United	Parth Parekh	2	0	11	2	9	0	1	1	0	5.50	21056998	1973340	GTCC - Spring League 2026	12	TENNIS
W	24327461	1	Durham United	Varun Gupta	2	0	13	0	6	2	0	1	0	6.50	19810223	1973340	GTCC - Spring League 2026	12	TENNIS
W	24327461	1	Durham United	Utkarsh Siingh	2	0	16	3	8	0	2	1	0	8.00	15282905	1973340	GTCC - Spring League 2026	12	TENNIS
B	24327461	2	Durham United	Amitkumar Gupta  (wk)	7	11	1	0	63.64	RHB	run out Rajiv Mishra / Rajiv Mishra	40436326	1973340	GTCC - Spring League 2026	12	TENNIS
B	24327461	2	Durham United	Abhishek Koneri	13	13	1	0	100.00	RHB	c †Pulkit Malhotra b Tarun jaswal	9779769	1973340	GTCC - Spring League 2026	12	TENNIS
B	24327461	2	Durham United	Nikhil Tyagi	23	21	0	1	109.52	LHB	c Tarun jaswal b Rahul Kalra	169825	1973340	GTCC - Spring League 2026	12	TENNIS
B	24327461	2	Durham United	Varun Gupta	1	3	0	0	33.33	RHB	c Mohamed Shahin Aziz Khan b Akash Bhalla	19810223	1973340	GTCC - Spring League 2026	12	TENNIS
B	24327461	2	Durham United	Girish Shivnani  (c)	23	15	2	1	153.33	RHB	not out	5624526	1973340	GTCC - Spring League 2026	12	TENNIS
B	24327461	2	Durham United	Kunal Chopra	1	1	0	0	100.00	RHB	not out	16694647	1973340	GTCC - Spring League 2026	12	TENNIS
W	24327461	2	Whitby warriors	Rahul Kalra	3	0	14	1	8	1	0	0	0	4.67	10138742	1973340	GTCC - Spring League 2026	12	TENNIS
W	24327461	2	Whitby warriors	Balkar singh	2	0	9	0	5	0	0	0	0	4.50	41693676	1973340	GTCC - Spring League 2026	12	TENNIS
W	24327461	2	Whitby warriors	Tarun jaswal	2	0	14	1	4	1	0	2	0	7.00	30147776	1973340	GTCC - Spring League 2026	12	TENNIS
W	24327461	2	Whitby warriors	Sukhpreet Singh	1	0	10	0	2	0	1	1	0	10.00	50096375	1973340	GTCC - Spring League 2026	12	TENNIS
W	24327461	2	Whitby warriors	Akash Bhalla  (c)	1.4	0	14	1	3	1	0	4	0	8.40	10133419	1973340	GTCC - Spring League 2026	12	TENNIS
W	24327461	2	Whitby warriors	Akish walia	1	0	14	0	1	1	1	0	0	14.00	50073324	1973340	GTCC - Spring League 2026	12	TENNIS
B	24557645	1	Markham Challengers-GTCC	Akhil Varghese  (wk)	39	16	1	5	243.75	RHB	c Nish patel b Meet R Patel	21088781	1973340	GTCC - Spring League 2026	12	TENNIS
B	24557645	1	Markham Challengers-GTCC	Abhinandh Abhi	9	7	1	0	128.57	RHB	b Neel patel	21201797	1973340	GTCC - Spring League 2026	12	TENNIS
B	24557645	1	Markham Challengers-GTCC	Gokulraj Venugopal	6	16	0	0	37.50	RHB	c MOHSIN SAIYAD b Nish patel	16136970	1973340	GTCC - Spring League 2026	12	TENNIS
B	24557645	1	Markham Challengers-GTCC	Anandhu R	1	5	0	0	20.00	RHB	c MOHSIN SAIYAD b Darshit Patel	21088770	1973340	GTCC - Spring League 2026	12	TENNIS
B	24557645	1	Markham Challengers-GTCC	JIBIN	1	6	0	0	16.67	RHB	c MOHSIN SAIYAD b Nikhil Jakhar	9386022	1973340	GTCC - Spring League 2026	12	TENNIS
B	24557645	1	Markham Challengers-GTCC	SHEFFIN MOIDEEN	20	14	0	2	142.86	RHB	c †Ronak Patel b Ravikumar Kantaria	8295773	1973340	GTCC - Spring League 2026	12	TENNIS
B	24557645	1	Markham Challengers-GTCC	SIDHARTH  (c)	5	5	0	0	100.00	RHB	c Nivrut Patel b Darshit Patel	9386087	1973340	GTCC - Spring League 2026	12	TENNIS
B	24557645	1	Markham Challengers-GTCC	Daries Antony	4	3	0	0	133.33	RHB	run out Shiv Gaurd / † Ronak Patel	21106964	1973340	GTCC - Spring League 2026	12	TENNIS
B	24557645	1	Markham Challengers-GTCC	Milton p mathew	5	2	0	0	250.00	RHB	run out Nish patel / Ravikumar Kantaria	31969836	1973340	GTCC - Spring League 2026	12	TENNIS
B	24557645	1	Markham Challengers-GTCC	Manu Rajan	1	1	0	0	100.00	RHB	not out	23101507	1973340	GTCC - Spring League 2026	12	TENNIS
W	24557645	1	Thunder Strikers	Darshit Patel	3	0	22	2	8	0	2	0	0	7.33	27673702	1973340	GTCC - Spring League 2026	12	TENNIS
W	24557645	1	Thunder Strikers	Kunal Shah	2	0	30	0	3	1	3	0	1	15.00	15481956	1973340	GTCC - Spring League 2026	12	TENNIS
W	24557645	1	Thunder Strikers	Neel patel	1	0	3	1	5	0	0	0	1	3.00	32608795	1973340	GTCC - Spring League 2026	12	TENNIS
W	24557645	1	Thunder Strikers	Meet R Patel	1	0	21	1	2	1	2	2	0	21.00	24017729	1973340	GTCC - Spring League 2026	12	TENNIS
W	24557645	1	Thunder Strikers	Nikhil Jakhar	2	0	10	1	5	0	0	2	1	5.00	30808520	1973340	GTCC - Spring League 2026	12	TENNIS
W	24557645	1	Thunder Strikers	Nish patel  (c)	2	0	5	1	8	0	0	0	0	2.50	31956115	1973340	GTCC - Spring League 2026	12	TENNIS
W	24557645	1	Thunder Strikers	Ravikumar Kantaria	1	0	9	1	1	0	0	0	0	9.00	27672729	1973340	GTCC - Spring League 2026	12	TENNIS
B	24557645	2	Thunder Strikers	Ronak Patel  (wk)	33	17	4	2	194.12	RHB	c SIDHARTH b Manu Rajan	40650973	1973340	GTCC - Spring League 2026	12	TENNIS
B	24557645	2	Thunder Strikers	Shiv Gaurd	10	14	1	0	71.43	LHB	c †Akhil Varghese b Daries Antony	18269589	1973340	GTCC - Spring League 2026	12	TENNIS
B	24557645	2	Thunder Strikers	Neel patel	12	10	1	1	120.00	RHB	b SIDHARTH	32608795	1973340	GTCC - Spring League 2026	12	TENNIS
B	24557645	2	Thunder Strikers	Kunal Shah	19	10	1	1	190.00	RHB	c †Akhil Varghese b Daries Antony	15481956	1973340	GTCC - Spring League 2026	12	TENNIS
B	24557645	2	Thunder Strikers	Nivrut Patel	8	9	1	0	88.89	RHB	not out	49914684	1973340	GTCC - Spring League 2026	12	TENNIS
B	24557645	2	Thunder Strikers	Nish patel  (c)	6	2	0	1	300.00	RHB	c †Akhil Varghese b Daries Antony	31956115	1973340	GTCC - Spring League 2026	12	TENNIS
B	24557645	2	Thunder Strikers	MOHSIN SAIYAD	2	4	0	0	50.00	RHB	c †Akhil Varghese b Daries Antony	22900753	1973340	GTCC - Spring League 2026	12	TENNIS
B	24557645	2	Thunder Strikers	Nikhil Jakhar	1	1	0	0	100.00	RHB	not out	30808520	1973340	GTCC - Spring League 2026	12	TENNIS
W	24557645	2	Markham Challengers-GTCC	Abhinandh Abhi	2	0	31	0	4	3	2	1	1	15.50	21201797	1973340	GTCC - Spring League 2026	12	TENNIS
W	24557645	2	Markham Challengers-GTCC	Gokulraj Venugopal	1	0	11	0	2	1	0	2	0	11.00	16136970	1973340	GTCC - Spring League 2026	12	TENNIS
W	24557645	2	Markham Challengers-GTCC	Manu Rajan	3	0	15	1	11	2	0	2	0	5.00	23101507	1973340	GTCC - Spring League 2026	12	TENNIS
W	24557645	2	Markham Challengers-GTCC	Daries Antony	3	0	26	4	9	0	2	2	0	8.67	21106964	1973340	GTCC - Spring League 2026	12	TENNIS
W	24557645	2	Markham Challengers-GTCC	LIJON JOSE	1	0	11	0	3	1	1	0	0	11.00	21802533	1973340	GTCC - Spring League 2026	12	TENNIS
W	24557645	2	Markham Challengers-GTCC	SIDHARTH  (c)	1	0	7	1	3	1	0	0	0	7.00	9386087	1973340	GTCC - Spring League 2026	12	TENNIS
B	24327479	1	The Tandoori Titans	Parth Patel	0	1	0	0	0.00	LHB	c Ashish Tamboli b Nikhil Rana	9962141	1973340	GTCC - Spring League 2026	12	TENNIS
B	24327479	1	The Tandoori Titans	Hashpreet Sandhu	35	34	1	0	102.94	RHB	run out Mohit Palkar / Noble Sebastian	41351955	1973340	GTCC - Spring League 2026	12	TENNIS
B	24327479	1	The Tandoori Titans	Himil Patel	5	3	1	0	166.67	LHB	c †Mohit Palkar b Nikhil Rana	41364005	1973340	GTCC - Spring League 2026	12	TENNIS
B	24327479	1	The Tandoori Titans	Kandarp Suthar	1	4	0	0	25.00	RHB	b Arun Baby	31328000	1973340	GTCC - Spring League 2026	12	TENNIS
B	24327479	1	The Tandoori Titans	Vaidik KK	20	12	1	2	166.67	RHB	c Maulin Chaudhari b Vijay Barve	49884139	1973340	GTCC - Spring League 2026	12	TENNIS
B	24327479	1	The Tandoori Titans	Karan Patel	5	8	0	0	62.50	LHB	c Arun Baby b Noble Sebastian	41407268	1973340	GTCC - Spring League 2026	12	TENNIS
B	24327479	1	The Tandoori Titans	Vrushi Patel	1	2	0	0	50.00	RHB	run out Maulin Chaudhari / Mohit Palkar	5339085	1973340	GTCC - Spring League 2026	12	TENNIS
B	24327479	1	The Tandoori Titans	Vignesh	3	6	0	0	50.00	RHB	run out Vijay Barve / Arun Baby	47833536	1973340	GTCC - Spring League 2026	12	TENNIS
B	24327479	1	The Tandoori Titans	Deep Patel  (c)	1	1	0	0	100.00	RHB	not out	41631561	1973340	GTCC - Spring League 2026	12	TENNIS
B	24327479	1	The Tandoori Titans	Ravi Solanki  (wk)	2	1	0	0	200.00	LHB	not out	41304812	1973340	GTCC - Spring League 2026	12	TENNIS
W	24327479	1	Maratha Warriors - GTCC	Nikhil Rana	3	0	14	2	8	1	0	1	0	4.67	32554738	1973340	GTCC - Spring League 2026	12	TENNIS
W	24327479	1	Maratha Warriors - GTCC	Arun Baby	2	0	15	1	3	1	0	0	0	7.50	27672366	1973340	GTCC - Spring League 2026	12	TENNIS
W	24327479	1	Maratha Warriors - GTCC	Muhammad faiz	2	0	14	0	6	0	1	1	0	7.00	21835498	1973340	GTCC - Spring League 2026	12	TENNIS
W	24327479	1	Maratha Warriors - GTCC	Vijay Barve	2	0	14	1	6	0	1	0	0	7.00	22417217	1973340	GTCC - Spring League 2026	12	TENNIS
W	24327479	1	Maratha Warriors - GTCC	Niroop Pulayanoor	1	0	9	0	1	1	0	1	0	9.00	20875581	1973340	GTCC - Spring League 2026	12	TENNIS
W	24327479	1	Maratha Warriors - GTCC	Noble Sebastian	2	0	11	1	5	0	0	1	0	5.50	6299371	1973340	GTCC - Spring League 2026	12	TENNIS
B	24327479	2	Maratha Warriors - GTCC	Vivin Thomas	3	5	0	0	60.00	RHB	c Vignesh b Shubham Acharya	21919124	1973340	GTCC - Spring League 2026	12	TENNIS
B	24327479	2	Maratha Warriors - GTCC	Jinto Eliyas	36	37	3	0	97.30	LHB	b Vaidik KK	21834838	1973340	GTCC - Spring League 2026	12	TENNIS
B	24327479	2	Maratha Warriors - GTCC	Mohit Palkar  (c)	2	2	0	0	100.00	RHB	b Kandarp Suthar	30088867	1973340	GTCC - Spring League 2026	12	TENNIS
B	24327479	2	Maratha Warriors - GTCC	Nikhil Rana	23	16	0	3	143.75	RHB	c  b Parth Patel	32554738	1973340	GTCC - Spring League 2026	12	TENNIS
B	24327479	2	Maratha Warriors - GTCC	Noble Sebastian	0	1	0	0	0.00	LHB	c Hashpreet Sandhu b Vaidik KK	6299371	1973340	GTCC - Spring League 2026	12	TENNIS
B	24327479	2	Maratha Warriors - GTCC	Maulin Chaudhari	0	2	0	0	0.00	LHB	c †Ravi Solanki b Vaidik KK	42132895	1973340	GTCC - Spring League 2026	12	TENNIS
B	24327479	2	Maratha Warriors - GTCC	Niroop Pulayanoor	2	2	0	0	100.00	RHB	run out Kandarp Suthar	20875581	1973340	GTCC - Spring League 2026	12	TENNIS
B	24327479	2	Maratha Warriors - GTCC	Arun Baby	3	3	0	0	100.00	RHB	not out	27672366	1973340	GTCC - Spring League 2026	12	TENNIS
B	24327479	2	Maratha Warriors - GTCC	Ashish Tamboli	1	2	0	0	50.00	RHB	not out	23037953	1973340	GTCC - Spring League 2026	12	TENNIS
W	24327479	2	The Tandoori Titans	Shubham Acharya	2	0	17	1	5	2	0	1	0	8.50	41347123	1973340	GTCC - Spring League 2026	12	TENNIS
W	24327479	2	The Tandoori Titans	Kandarp Suthar	2	0	6	1	8	0	0	1	0	3.00	31328000	1973340	GTCC - Spring League 2026	12	TENNIS
W	24327479	2	The Tandoori Titans	Vaidik KK	3	0	15	3	10	1	0	0	1	5.00	49884139	1973340	GTCC - Spring League 2026	12	TENNIS
W	24327479	2	The Tandoori Titans	Hashpreet Sandhu	2.3	0	26	0	4	0	2	1	0	10.40	41351955	1973340	GTCC - Spring League 2026	12	TENNIS
W	24327479	2	The Tandoori Titans	Parth Patel	2	0	12	1	7	0	1	2	0	6.00	9962141	1973340	GTCC - Spring League 2026	12	TENNIS
B	24557646	1	Durham United	Abhishek Koneri	1	3	0	0	33.33	RHB	c Gokulraj Venugopal b Ebin Thankachan	9779769	1973340	GTCC - Spring League 2026	12	TENNIS
B	24557646	1	Durham United	Amitkumar Gupta	1	2	0	0	50.00	RHB	c Manu Rajan b LIJON JOSE	40436326	1973340	GTCC - Spring League 2026	12	TENNIS
B	24557646	1	Durham United	Nikhil Tyagi  (wk)	2	5	0	0	40.00	LHB	c Hari b LIJON JOSE	169825	1973340	GTCC - Spring League 2026	12	TENNIS
B	24557646	1	Durham United	Kunal Chopra	4	8	0	0	50.00	RHB	c Ebin Thankachan b Sethu	16694647	1973340	GTCC - Spring League 2026	12	TENNIS
B	24557646	1	Durham United	Kush Batra	8	16	0	0	50.00	RHB	c SHEFFIN MOIDEEN b Sethu	33199195	1973340	GTCC - Spring League 2026	12	TENNIS
B	24557646	1	Durham United	Jijo mathew	1	2	0	0	50.00	RHB	c Ebin Thankachan b Sethu	20885047	1973340	GTCC - Spring League 2026	12	TENNIS
B	24557646	1	Durham United	Parth Parekh	10	15	0	0	66.67	RHB	run out Gokulraj Venugopal / Gokulraj Venugopal	21056998	1973340	GTCC - Spring League 2026	12	TENNIS
B	24557646	1	Durham United	Girish Shivnani  (c)	3	7	0	0	42.86	RHB	b Ebin Thankachan	5624526	1973340	GTCC - Spring League 2026	12	TENNIS
B	24557646	1	Durham United	Piyush Thakur	4	9	0	0	44.44	RHB	b LIJON JOSE	19808534	1973340	GTCC - Spring League 2026	12	TENNIS
B	24557646	1	Durham United	Prateek Jain	3	5	0	0	60.00	RHB	b Manu Rajan	40568075	1973340	GTCC - Spring League 2026	12	TENNIS
B	24557646	1	Durham United	Libin George	0	0	0	0	0.00	RHB	not out	31114901	1973340	GTCC - Spring League 2026	12	TENNIS
W	24557646	1	Markham Challengers-GTCC	Ebin Thankachan	2	0	6	2	8	0	0	0	1	3.00	21088814	1973340	GTCC - Spring League 2026	12	TENNIS
W	24557646	1	Markham Challengers-GTCC	LIJON JOSE	2	0	7	3	6	0	0	1	0	3.50	21802533	1973340	GTCC - Spring League 2026	12	TENNIS
W	24557646	1	Markham Challengers-GTCC	SIDHARTH	1	0	3	0	3	0	0	0	0	3.00	9386087	1973340	GTCC - Spring League 2026	12	TENNIS
W	24557646	1	Markham Challengers-GTCC	Gokulraj Venugopal	1	0	2	0	5	0	0	0	0	2.00	16136970	1973340	GTCC - Spring League 2026	12	TENNIS
W	24557646	1	Markham Challengers-GTCC	Milton p mathew	1	0	4	0	3	0	0	1	0	4.00	31969836	1973340	GTCC - Spring League 2026	12	TENNIS
W	24557646	1	Markham Challengers-GTCC	Sethu	1	0	4	3	3	0	0	0	0	4.00	13651398	1973340	GTCC - Spring League 2026	12	TENNIS
W	24557646	1	Markham Challengers-GTCC	Navaneeth Suresh	1	0	4	0	3	0	0	0	0	4.00	14020477	1973340	GTCC - Spring League 2026	12	TENNIS
W	24557646	1	Markham Challengers-GTCC	Hari	1	0	4	0	3	0	0	0	0	4.00	39829299	1973340	GTCC - Spring League 2026	12	TENNIS
W	24557646	1	Markham Challengers-GTCC	Manu Rajan  (c)	1.5	0	6	1	5	0	0	0	0	3.27	23101507	1973340	GTCC - Spring League 2026	12	TENNIS
B	24557646	2	Markham Challengers-GTCC	Anandhu R	4	4	0	0	100.00	RHB	c Libin George b Kunal Chopra	21088770	1973340	GTCC - Spring League 2026	12	TENNIS
B	24557646	2	Markham Challengers-GTCC	Akhil Joseph	2	6	0	0	33.33	RHB	c Parth Parekh b Piyush Thakur	22020223	1973340	GTCC - Spring League 2026	12	TENNIS
B	24557646	2	Markham Challengers-GTCC	SHEFFIN MOIDEEN	0	3	0	0	0.00	RHB	c †Nikhil Tyagi b Kunal Chopra	8295773	1973340	GTCC - Spring League 2026	12	TENNIS
B	24557646	2	Markham Challengers-GTCC	Navaneeth Suresh	2	9	0	0	22.22	RHB	c †Nikhil Tyagi b Kunal Chopra	14020477	1973340	GTCC - Spring League 2026	12	TENNIS
B	24557646	2	Markham Challengers-GTCC	Milton p mathew	5	12	0	0	41.67	RHB	c †Nikhil Tyagi b Kush Batra	31969836	1973340	GTCC - Spring League 2026	12	TENNIS
B	24557646	2	Markham Challengers-GTCC	Hari	3	14	0	0	21.43	LHB	c Piyush Thakur b Kush Batra	39829299	1973340	GTCC - Spring League 2026	12	TENNIS
B	24557646	2	Markham Challengers-GTCC	Gokulraj Venugopal	1	5	0	0	20.00	RHB	c Abhishek Koneri b Parth Parekh	16136970	1973340	GTCC - Spring League 2026	12	TENNIS
B	24557646	2	Markham Challengers-GTCC	SIDHARTH	1	5	0	0	20.00	RHB	c Piyush Thakur b Libin George	9386087	1973340	GTCC - Spring League 2026	12	TENNIS
B	24557646	2	Markham Challengers-GTCC	Ebin Thankachan	6	7	0	0	85.71	RHB	c&b Kush Batra	21088814	1973340	GTCC - Spring League 2026	12	TENNIS
B	24557646	2	Markham Challengers-GTCC	Manu Rajan  (c & wk)	3	6	0	0	50.00	RHB	c Prateek Jain b Libin George	23101507	1973340	GTCC - Spring League 2026	12	TENNIS
B	24557646	2	Markham Challengers-GTCC	LIJON JOSE	0	0	0	0	0.00	RHB	not out	21802533	1973340	GTCC - Spring League 2026	12	TENNIS
W	24557646	2	Durham United	Kunal Chopra	3	1	6	3	15	0	0	0	0	2.00	16694647	1973340	GTCC - Spring League 2026	12	TENNIS
W	24557646	2	Durham United	Piyush Thakur	2	0	6	1	7	0	0	0	0	3.00	19808534	1973340	GTCC - Spring League 2026	12	TENNIS
W	24557646	2	Durham United	Kush Batra	3	0	13	3	11	0	0	4	0	4.33	33199195	1973340	GTCC - Spring League 2026	12	TENNIS
W	24557646	2	Durham United	Parth Parekh	2	1	3	1	10	0	0	0	0	1.50	21056998	1973340	GTCC - Spring League 2026	12	TENNIS
W	24557646	2	Durham United	Libin George	1.5	0	4	2	9	0	0	1	0	2.18	31114901	1973340	GTCC - Spring League 2026	12	TENNIS
B	24327469	1	TCF DCC	Teja Kokkula  (wk)	3	4	0	0	75.00	RHB	b Luxminarayanan Venkatapathy	14055267	1973340	GTCC - Spring League 2026	12	TENNIS
B	24327469	1	TCF DCC	Rushi Mannepalli	40	35	1	0	114.29	RHB	c Hardip Vasava b Luxminarayanan Venkatapathy	14762497	1973340	GTCC - Spring League 2026	12	TENNIS
B	24327469	1	TCF DCC	Sudheer Aki  (c)	0	1	0	0	0.00	RHB	c Balaji Vijayakumar b Luxminarayanan Venkatapathy	14762522	1973340	GTCC - Spring League 2026	12	TENNIS
B	24327469	1	TCF DCC	Leela Ashok	9	13	0	0	69.23	RHB	c †Justus Charles b Harish Thunga	14762797	1973340	GTCC - Spring League 2026	12	TENNIS
B	24327469	1	TCF DCC	Aftab	2	4	0	0	50.00	RHB	b Luxminarayanan Venkatapathy	1541269	1973340	GTCC - Spring League 2026	12	TENNIS
B	24327469	1	TCF DCC	Abhinay	1	3	0	0	33.33	RHB	c Hardip Vasava b Harish Thunga	104346	1973340	GTCC - Spring League 2026	12	TENNIS
B	24327469	1	TCF DCC	Praveen Reddy	3	6	0	0	50.00	LHB	c †Justus Charles b Balaji Vijayakumar	5413093	1973340	GTCC - Spring League 2026	12	TENNIS
B	24327469	1	TCF DCC	Chandan Volkaji	2	3	0	0	66.67	RHB	c †Justus Charles b Balaji Vijayakumar	31779636	1973340	GTCC - Spring League 2026	12	TENNIS
B	24327469	1	TCF DCC	Rahush	1	1	0	0	100.00	RHB	not out	1050410	1973340	GTCC - Spring League 2026	12	TENNIS
B	24327469	1	TCF DCC	Gowtham Vemareddy	0	1	0	0	0.00	RHB	c Luxminarayanan Venkatapathy b Balaji Vijayakumar	14762600	1973340	GTCC - Spring League 2026	12	TENNIS
B	24327469	1	TCF DCC	Akhil Reddy	2	1	0	0	200.00	RHB	not out	5549928	1973340	GTCC - Spring League 2026	12	TENNIS
W	24327469	1	Friends XI	Luxminarayanan Venkatapathy	3	0	9	4	11	0	0	0	0	3.00	19801237	1973340	GTCC - Spring League 2026	12	TENNIS
W	24327469	1	Friends XI	Samil Vig	1	0	11	0	1	1	0	0	0	11.00	31956279	1973340	GTCC - Spring League 2026	12	TENNIS
W	24327469	1	Friends XI	Hardip Vasava	2	0	14	0	3	0	0	1	0	7.00	675278	1973340	GTCC - Spring League 2026	12	TENNIS
W	24327469	1	Friends XI	Balaji Vijayakumar	2	0	12	3	4	0	0	2	0	6.00	23028656	1973340	GTCC - Spring League 2026	12	TENNIS
W	24327469	1	Friends XI	Harish Thunga  (c)	3	0	14	2	8	0	0	1	0	4.67	31956278	1973340	GTCC - Spring League 2026	12	TENNIS
W	24327469	1	Friends XI	Krutarth	1	0	8	0	1	0	0	1	0	8.00	31851733	1973340	GTCC - Spring League 2026	12	TENNIS
B	24327469	2	Friends XI	Harish Thunga  (c)	0	1	0	0	0.00	RHB	c †Teja Kokkula b Akhil Reddy	31956278	1973340	GTCC - Spring League 2026	12	TENNIS
B	24327469	2	Friends XI	Viral Patel	3	8	0	0	37.50	RHB	c †Teja Kokkula b Sudheer Aki	15815175	1973340	GTCC - Spring League 2026	12	TENNIS
B	24327469	2	Friends XI	Sampath Reddy	1	5	0	0	20.00	RHB	c Gowtham Vemareddy b Sudheer Aki	31956295	1973340	GTCC - Spring League 2026	12	TENNIS
B	24327469	2	Friends XI	Neeladri Dey	4	8	0	0	50.00	RHB	c Rahush b Sudheer Aki	31989572	1973340	GTCC - Spring League 2026	12	TENNIS
B	24327469	2	Friends XI	Charan Shekar	7	15	0	0	46.67	RHB	run out Gowtham Vemareddy	6268008	1973340	GTCC - Spring League 2026	12	TENNIS
B	24327469	2	Friends XI	Justus Charles  (wk)	6	10	0	0	60.00	RHB	run out Rahush / † Teja Kokkula	16786226	1973340	GTCC - Spring League 2026	12	TENNIS
B	24327469	2	Friends XI	Dharmendra Singh parihar	0	1	0	0	0.00	RHB	b JayaKrishna Gujjari	23337498	1973340	GTCC - Spring League 2026	12	TENNIS
B	24327469	2	Friends XI	Hardip Vasava	5	11	0	0	45.45	RHB	c Teja Kokkula b Rushi Mannepalli	675278	1973340	GTCC - Spring League 2026	12	TENNIS
B	24327469	2	Friends XI	Luxminarayanan Venkatapathy	1	4	0	0	25.00	RHB	c †Teja Kokkula b Leela Ashok	19801237	1973340	GTCC - Spring League 2026	12	TENNIS
B	24327469	2	Friends XI	Samil Vig	6	8	0	0	75.00	RHB	run out Akhil Reddy	31956279	1973340	GTCC - Spring League 2026	12	TENNIS
B	24327469	2	Friends XI	Krutarth	0	1	0	0	0.00	LHB	not out	31851733	1973340	GTCC - Spring League 2026	12	TENNIS
W	24327469	2	TCF DCC	Akhil Reddy	2	0	6	1	6	0	0	0	0	3.00	5549928	1973340	GTCC - Spring League 2026	12	TENNIS
W	24327469	2	TCF DCC	Sudheer Aki  (c)	2	0	4	3	10	0	0	1	0	2.00	14762522	1973340	GTCC - Spring League 2026	12	TENNIS
W	24327469	2	TCF DCC	Praveen Reddy	2	0	4	0	8	0	0	0	0	2.00	5413093	1973340	GTCC - Spring League 2026	12	TENNIS
W	24327469	2	TCF DCC	JayaKrishna Gujjari	2	0	10	1	5	0	0	1	0	5.00	1225653	1973340	GTCC - Spring League 2026	12	TENNIS
W	24327469	2	TCF DCC	Gowtham Vemareddy	2	0	3	0	9	0	0	0	0	1.50	14762600	1973340	GTCC - Spring League 2026	12	TENNIS
W	24327469	2	TCF DCC	Leela Ashok	1	0	8	1	2	0	0	2	0	8.00	14762797	1973340	GTCC - Spring League 2026	12	TENNIS
W	24327469	2	TCF DCC	Rushi Mannepalli	1	0	2	1	4	0	0	0	0	2.00	14762497	1973340	GTCC - Spring League 2026	12	TENNIS
B	24327487	1	Team Phoenix	Sampath kumar madala  (c & wk)	17	19	2	0	89.47	RHB	c Kashif Minhaj b Vishnu Nair	15283339	1973340	GTCC - Spring League 2026	12	TENNIS
B	24327487	1	Team Phoenix	Junaid Khan	7	8	1	0	87.50	RHB	b Christo Joy	41651972	1973340	GTCC - Spring League 2026	12	TENNIS
B	24327487	1	Team Phoenix	Tharun kumar Jalli	20	19	1	1	105.26	RHB	c Jackson Ouseph b Akhil	29519121	1973340	GTCC - Spring League 2026	12	TENNIS
B	24327487	1	Team Phoenix	Srujan Gandla	4	8	0	0	50.00	LHB	run out Kashif Minhaj	23847345	1973340	GTCC - Spring League 2026	12	TENNIS
B	24327487	1	Team Phoenix	Vinod Goud Boyapalli	1	3	0	0	33.33	RHB	b Christo Joy	32071427	1973340	GTCC - Spring League 2026	12	TENNIS
B	24327487	1	Team Phoenix	Rajkumar Bingi	1	3	0	0	33.33	RHB	run out Kripal K S	15000727	1973340	GTCC - Spring League 2026	12	TENNIS
B	24327487	1	Team Phoenix	Mahendra Pullaganti	5	10	0	0	50.00	RHB	not out	29518729	1973340	GTCC - Spring League 2026	12	TENNIS
B	24327487	1	Team Phoenix	NIRANJAN GOTTIPATI	4	4	0	0	100.00	RHB	not out	39257621	1973340	GTCC - Spring League 2026	12	TENNIS
W	24327487	1	Red Wings	Nidhil	3	0	17	0	9	2	0	1	0	5.67	28117737	1973340	GTCC - Spring League 2026	12	TENNIS
W	24327487	1	Red Wings	Christo Joy  (c)	3	0	12	2	11	1	0	2	0	4.00	30376963	1973340	GTCC - Spring League 2026	12	TENNIS
W	24327487	1	Red Wings	Abi Antony	2	0	14	0	5	0	1	2	0	7.00	23202311	1973340	GTCC - Spring League 2026	12	TENNIS
W	24327487	1	Red Wings	Vishnu Nair	2	0	9	1	5	0	0	1	1	4.50	21754141	1973340	GTCC - Spring League 2026	12	TENNIS
W	24327487	1	Red Wings	Akhil	2	0	17	1	5	1	0	2	1	8.50	30322919	1973340	GTCC - Spring League 2026	12	TENNIS
B	24327487	2	Red Wings	Kripal K S	5	4	1	0	125.00	RHB	c Ganesh Rayapati b Srujan Gandla	21940499	1973340	GTCC - Spring League 2026	12	TENNIS
B	24327487	2	Red Wings	Jackson Ouseph	29	17	2	1	170.59	RHB	c †Sampath kumar madala b Junaid Jr	21818163	1973340	GTCC - Spring League 2026	12	TENNIS
B	24327487	2	Red Wings	Benson Baby	2	5	0	0	40.00	RHB	b Srujan Gandla	30375428	1973340	GTCC - Spring League 2026	12	TENNIS
B	24327487	2	Red Wings	Vaishnav	8	6	0	1	133.33	RHB	c †Sampath kumar madala b Junaid Jr	31247987	1973340	GTCC - Spring League 2026	12	TENNIS
B	24327487	2	Red Wings	Kashif Minhaj	13	14	0	0	92.86	RHB	not out	30376502	1973340	GTCC - Spring League 2026	12	TENNIS
B	24327487	2	Red Wings	Manu Thomas	0	1	0	0	0.00	LHB	c Srujan Gandla b Junaid Jr	40879277	1973340	GTCC - Spring League 2026	12	TENNIS
B	24327487	2	Red Wings	Vishnu Nair	5	7	0	0	71.43	RHB	b Srujan Gandla	21754141	1973340	GTCC - Spring League 2026	12	TENNIS
B	24327487	2	Red Wings	Akshay Kumar	0	2	0	0	0.00	RHB	run out Mahendra Pullaganti	31836652	1973340	GTCC - Spring League 2026	12	TENNIS
B	24327487	2	Red Wings	Christo Joy  (c)	4	3	1	0	133.33	RHB	not out	30376963	1973340	GTCC - Spring League 2026	12	TENNIS
W	24327487	2	Team Phoenix	Junaid Jr	3	0	16	3	8	1	0	0	0	5.33	42515948	1973340	GTCC - Spring League 2026	12	TENNIS
W	24327487	2	Team Phoenix	Srujan Gandla	3	0	17	3	13	1	1	2	0	5.67	23847345	1973340	GTCC - Spring League 2026	12	TENNIS
W	24327487	2	Team Phoenix	NIRANJAN GOTTIPATI	2	0	15	0	5	0	0	4	0	7.50	39257621	1973340	GTCC - Spring League 2026	12	TENNIS
W	24327487	2	Team Phoenix	Junaid Khan	1.5	0	24	0	3	2	1	0	0	13.09	41651972	1973340	GTCC - Spring League 2026	12	TENNIS
B	24327491	1	Mask XI	Jatibrata Acharya	30	19	5	0	157.89	RHB	hit wkt b Anil Kumar Reddy	31908570	1973340	GTCC - Spring League 2026	12	TENNIS
B	24327491	1	Mask XI	Subham Rout	1	2	0	0	50.00	RHB	c †Chaitanya Koppala b Deepak Manukonda	41248473	1973340	GTCC - Spring League 2026	12	TENNIS
B	24327491	1	Mask XI	Shahrukh Khan	20	15	0	2	133.33	RHB	c Deepak Manukonda b Ananda Reddy Yarradoddi	31050554	1973340	GTCC - Spring League 2026	12	TENNIS
B	24327491	1	Mask XI	Shashank Mishra  (c)	0	2	0	0	0.00	RHB	c Mohan Chandra b Ananda Reddy Yarradoddi	15406334	1973340	GTCC - Spring League 2026	12	TENNIS
B	24327491	1	Mask XI	Ravi Kiran	52	25	1	5	208.00	RHB	not out	42956756	1973340	GTCC - Spring League 2026	12	TENNIS
B	24327491	1	Mask XI	Roshan Tripathy	3	9	0	0	33.33	RHB	b Ananda Reddy Yarradoddi	15931269	1973340	GTCC - Spring League 2026	12	TENNIS
B	24327491	1	Mask XI	Rajeev Mohanan	1	2	0	0	50.00	RHB	not out	49944841	1973340	GTCC - Spring League 2026	12	TENNIS
W	24327491	1	TCF	Sharath Reddy Kongari	2	0	22	0	5	4	0	0	0	11.00	23027924	1973340	GTCC - Spring League 2026	12	TENNIS
W	24327491	1	TCF	Deepak Manukonda	3	0	30	1	5	1	2	0	1	10.00	21933613	1973340	GTCC - Spring League 2026	12	TENNIS
W	24327491	1	TCF	Anil Kumar Reddy	2	0	19	1	5	0	2	1	0	9.50	5563797	1973340	GTCC - Spring League 2026	12	TENNIS
W	24327491	1	TCF	Ananda Reddy Yarradoddi  (c)	3	0	19	3	9	1	1	1	0	6.33	21776986	1973340	GTCC - Spring League 2026	12	TENNIS
W	24327491	1	TCF	Prajeeth Reddy	2	0	26	0	4	0	2	5	1	13.00	49074855	1973340	GTCC - Spring League 2026	12	TENNIS
B	24327491	2	TCF	Anil Kumar Reddy	31	23	3	2	134.78	RHB	st †Alok Mishra b Roshan Tripathy	5563797	1973340	GTCC - Spring League 2026	12	TENNIS
B	24327491	2	TCF	Ananda Reddy Yarradoddi  (c)	8	6	1	0	133.33	RHB	c Ravi Kiran b Shashank Mishra	21776986	1973340	GTCC - Spring League 2026	12	TENNIS
B	24327491	2	TCF	Mohan Chandra	3	8	0	0	37.50	RHB	c †Alok Mishra b Chaitanya Thangeda	9325557	1973340	GTCC - Spring League 2026	12	TENNIS
B	24327491	2	TCF	Madhav	3	5	0	0	60.00	RHB	c Shahrukh Khan b M.s.Muthu	14174243	1973340	GTCC - Spring League 2026	12	TENNIS
B	24327491	2	TCF	Deepak Manukonda	5	5	0	0	100.00	RHB	c Shahrukh Khan b Roshan Tripathy	21933613	1973340	GTCC - Spring League 2026	12	TENNIS
B	24327491	2	TCF	Sharath Reddy Kongari	12	9	1	0	133.33	RHB	run out Shashank Mishra	23027924	1973340	GTCC - Spring League 2026	12	TENNIS
B	24327491	2	TCF	Sai Anudeep Pokala	10	10	1	0	100.00	RHB	not out	9118088	1973340	GTCC - Spring League 2026	12	TENNIS
B	24327491	2	TCF	Rajasekhar Reddy Guntaka	0	1	0	0	0.00	RHB	b Shahrukh Khan	23028048	1973340	GTCC - Spring League 2026	12	TENNIS
B	24327491	2	TCF	Girish Kumar Reddy	3	5	0	0	60.00	RHB	not out	50378712	1973340	GTCC - Spring League 2026	12	TENNIS
W	24327491	2	Mask XI	Shashank Mishra  (c)	2	0	15	1	5	1	0	1	0	7.50	15406334	1973340	GTCC - Spring League 2026	12	TENNIS
W	24327491	2	Mask XI	Shahrukh Khan	2	0	17	1	5	3	0	1	0	8.50	31050554	1973340	GTCC - Spring League 2026	12	TENNIS
W	24327491	2	Mask XI	Chaitanya Thangeda	3	0	7	1	12	0	0	1	0	2.33	23290327	1973340	GTCC - Spring League 2026	12	TENNIS
W	24327491	2	Mask XI	Roshan Tripathy	3	0	24	2	8	1	2	0	0	8.00	15931269	1973340	GTCC - Spring League 2026	12	TENNIS
W	24327491	2	Mask XI	M.s.Muthu	2	0	17	1	3	1	0	2	0	8.50	2210064	1973340	GTCC - Spring League 2026	12	TENNIS
B	24327482	1	Maratha Warriors - GTCC	Mohit Palkar  (c)	7	7	0	0	100.00	RHB	c Dharmik Patel b Sukhpal Singh	30088867	1973340	GTCC - Spring League 2026	12	TENNIS
B	24327482	1	Maratha Warriors - GTCC	Jinto Eliyas  (wk)	10	14	0	1	71.43	LHB	c †Ravi b Sukhpal Singh	21834838	1973340	GTCC - Spring League 2026	12	TENNIS
B	24327482	1	Maratha Warriors - GTCC	Vishnu Ravi	0	2	0	0	0.00	RHB	run out Ravi	21587173	1973340	GTCC - Spring League 2026	12	TENNIS
B	24327482	1	Maratha Warriors - GTCC	Nikhil Rana	16	9	2	1	177.78	RHB	c Dharmik Patel b Muhammad Bilal Munir	32554738	1973340	GTCC - Spring League 2026	12	TENNIS
B	24327482	1	Maratha Warriors - GTCC	Arun Baby	43	18	1	5	238.89	RHB	run out Appu G	27672366	1973340	GTCC - Spring League 2026	12	TENNIS
B	24327482	1	Maratha Warriors - GTCC	Kunal Ghaware	12	10	0	1	120.00	RHB	c †Dev Sardar b Jaimin Kapdi	32815971	1973340	GTCC - Spring League 2026	12	TENNIS
B	24327482	1	Maratha Warriors - GTCC	Digil davis	8	10	0	1	80.00	RHB	not out	21961653	1973340	GTCC - Spring League 2026	12	TENNIS
B	24327482	1	Maratha Warriors - GTCC	Vivin Thomas	2	2	0	0	100.00	RHB	run out † Dev Sardar	21919124	1973340	GTCC - Spring League 2026	12	TENNIS
W	24327482	1	PYO13	Muhammad Bilal Munir	3	0	19	1	9	0	1	3	0	6.33	41772649	1973340	GTCC - Spring League 2026	12	TENNIS
W	24327482	1	PYO13	Sukhpal Singh	3	0	21	2	11	2	1	2	0	7.00	41804896	1973340	GTCC - Spring League 2026	12	TENNIS
W	24327482	1	PYO13	Ankur Sharma	1	0	16	0	1	0	2	0	0	16.00	7889875	1973340	GTCC - Spring League 2026	12	TENNIS
W	24327482	1	PYO13	Appu G	1	0	23	0	1	1	3	0	0	23.00	50020845	1973340	GTCC - Spring League 2026	12	TENNIS
W	24327482	1	PYO13	Ravi	2	0	12	0	5	0	1	0	0	6.00	1153446	1973340	GTCC - Spring League 2026	12	TENNIS
W	24327482	1	PYO13	Jaimin Kapdi	2	0	13	1	5	0	1	1	0	6.50	39359870	1973340	GTCC - Spring League 2026	12	TENNIS
B	24327482	2	PYO13	Utsav sutariya {US}	0	4	0	0	0.00	RHB	c Arun Baby b Nikhil Rana	7067699	1973340	GTCC - Spring League 2026	12	TENNIS
B	24327482	2	PYO13	Jaimin Kapdi	3	4	0	0	75.00	RHB	c Josmy Manuel b Nikhil Rana	39359870	1973340	GTCC - Spring League 2026	12	TENNIS
B	24327482	2	PYO13	Harjot Singh Toor	0	4	0	0	0.00	RHB	c Vivin Thomas b Josmy Manuel	41538204	1973340	GTCC - Spring League 2026	12	TENNIS
B	24327482	2	PYO13	Kushal Desai	0	1	0	0	0.00	RHB	c Nikhil Rana b Josmy Manuel	31956726	1973340	GTCC - Spring League 2026	12	TENNIS
B	24327482	2	PYO13	Ravi	27	15	1	2	180.00	RHB	run out Vishv Chaudhari / Digil davis	1153446	1973340	GTCC - Spring League 2026	12	TENNIS
B	24327482	2	PYO13	Muhammad Bilal Munir	4	6	0	0	66.67	RHB	c Josmy Manuel b Digil davis	41772649	1973340	GTCC - Spring League 2026	12	TENNIS
B	24327482	2	PYO13	Dharmik Patel	15	11	1	1	136.36	RHB	b Digil davis	23033837	1973340	GTCC - Spring League 2026	12	TENNIS
B	24327482	2	PYO13	Prince  (c)	23	15	0	3	153.33	RHB	b Nikhil Rana	23202334	1973340	GTCC - Spring League 2026	12	TENNIS
B	24327482	2	PYO13	Dev Sardar	0	1	0	0	0.00	RHB	c †Jinto Eliyas b Digil davis	11402008	1973340	GTCC - Spring League 2026	12	TENNIS
B	24327482	2	PYO13	Appu G	2	6	0	0	33.33	RHB	not out	50020845	1973340	GTCC - Spring League 2026	12	TENNIS
B	24327482	2	PYO13	Ankur Sharma	12	5	0	2	240.00	RHB	b Josmy Manuel	7889875	1973340	GTCC - Spring League 2026	12	TENNIS
W	24327482	2	Maratha Warriors - GTCC	Nikhil Rana	3	0	19	3	12	0	2	2	0	6.33	32554738	1973340	GTCC - Spring League 2026	12	TENNIS
W	24327482	2	Maratha Warriors - GTCC	Josmy Manuel	2	0	12	3	9	0	1	4	0	6.00	20873909	1973340	GTCC - Spring League 2026	12	TENNIS
W	24327482	2	Maratha Warriors - GTCC	Noble Sebastian	1	0	14	0	2	1	1	2	0	14.00	6299371	1973340	GTCC - Spring League 2026	12	TENNIS
W	24327482	2	Maratha Warriors - GTCC	Vishv Chaudhari	3	0	35	0	5	0	3	2	0	11.67	24787292	1973340	GTCC - Spring League 2026	12	TENNIS
W	24327482	2	Maratha Warriors - GTCC	Digil davis	2	0	6	3	10	1	0	1	0	3.00	21961653	1973340	GTCC - Spring League 2026	12	TENNIS
W	24327482	2	Maratha Warriors - GTCC	Arun Baby	1	0	13	0	1	0	1	2	0	13.00	27672366	1973340	GTCC - Spring League 2026	12	TENNIS
B	24326784	1	GTA Avengers	Ramkumar Pandarathil	5	10	0	0	50.00	RHB	c&b Kunal Chopra	14295929	1973340	GTCC - Spring League 2026	12	TENNIS
B	24326784	1	GTA Avengers	Vivin Lukose	8	11	1	0	72.73	RHB	c Girish Shivnani b Piyush Thakur	39645250	1973340	GTCC - Spring League 2026	12	TENNIS
B	24326784	1	GTA Avengers	Subhash Kottoor	6	7	1	0	85.71	RHB	b Kush Batra	39644493	1973340	GTCC - Spring League 2026	12	TENNIS
B	24326784	1	GTA Avengers	Anto Paul	13	12	0	1	108.33	RHB	c Kunal Chopra b Parth Parekh	21754688	1973340	GTCC - Spring League 2026	12	TENNIS
B	24326784	1	GTA Avengers	Julious M	2	6	0	0	33.33	RHB	c †Amitkumar Gupta b Kush Batra	39411092	1973340	GTCC - Spring League 2026	12	TENNIS
B	24326784	1	GTA Avengers	Anup john  (c)	13	12	1	0	108.33	RHB	run out Nikhil Tyagi	39644296	1973340	GTCC - Spring League 2026	12	TENNIS
B	24326784	1	GTA Avengers	Tojo Zach	6	8	0	0	75.00	RHB	c †Amitkumar Gupta b Utkarsh Siingh	39705824	1973340	GTCC - Spring League 2026	12	TENNIS
B	24326784	1	GTA Avengers	Jinesh Joy	1	2	0	0	50.00	RHB	run out Kunal Chopra	19807001	1973340	GTCC - Spring League 2026	12	TENNIS
B	24326784	1	GTA Avengers	Tijo Zacharia	1	2	0	0	50.00	RHB	not out	39644323	1973340	GTCC - Spring League 2026	12	TENNIS
B	24326784	1	GTA Avengers	Jithin Johnson	1	2	0	0	50.00	RHB	st †Amitkumar Gupta b Utkarsh Siingh	39705826	1973340	GTCC - Spring League 2026	12	TENNIS
W	24326784	1	Durham United	Kunal Chopra	3	0	9	1	9	0	0	0	0	3.00	16694647	1973340	GTCC - Spring League 2026	12	TENNIS
W	24326784	1	Durham United	Piyush Thakur	3	0	17	1	8	1	0	1	0	5.67	19808534	1973340	GTCC - Spring League 2026	12	TENNIS
W	24326784	1	Durham United	Kush Batra	2	0	14	2	5	1	0	3	0	7.00	33199195	1973340	GTCC - Spring League 2026	12	TENNIS
W	24326784	1	Durham United	Parth Parekh	2	0	13	1	6	0	1	2	0	6.50	21056998	1973340	GTCC - Spring League 2026	12	TENNIS
W	24326784	1	Durham United	Utkarsh Siingh	2	0	10	2	7	1	0	1	0	5.00	15282905	1973340	GTCC - Spring League 2026	12	TENNIS
B	24326784	2	Durham United	Karan Singh	0	5	0	0	0.00	RHB	b Jinesh Joy	40567977	1973340	GTCC - Spring League 2026	12	TENNIS
B	24326784	2	Durham United	Abhishek Koneri	21	25	1	1	84.00	RHB	c Jinesh Joy b Anto Paul	9779769	1973340	GTCC - Spring League 2026	12	TENNIS
B	24326784	2	Durham United	Nikhil Tyagi	4	6	0	0	66.67	LHB	c Sreeraj Ravi b Julious M	169825	1973340	GTCC - Spring League 2026	12	TENNIS
B	24326784	2	Durham United	Girish Shivnani  (c)	0	6	0	0	0.00	RHB	b Sreeraj Ravi	5624526	1973340	GTCC - Spring League 2026	12	TENNIS
B	24326784	2	Durham United	Prateek Jain	12	16	0	0	75.00	RHB	retired hurt	40568075	1973340	GTCC - Spring League 2026	12	TENNIS
B	24326784	2	Durham United	Piyush Thakur	0	5	0	0	0.00	RHB	c Sreeraj Ravi b Anto Paul	19808534	1973340	GTCC - Spring League 2026	12	TENNIS
B	24326784	2	Durham United	Jijo mathew	7	4	0	1	175.00	RHB	not out	20885047	1973340	GTCC - Spring League 2026	12	TENNIS
B	24326784	2	Durham United	Amitkumar Gupta  (wk)	1	2	0	0	50.00	RHB	c Julious M b Ginil Joseph	40436326	1973340	GTCC - Spring League 2026	12	TENNIS
B	24326784	2	Durham United	Kunal Chopra	2	3	0	0	66.67	RHB	b Ginil Joseph	16694647	1973340	GTCC - Spring League 2026	12	TENNIS
B	24326784	2	Durham United	Kush Batra	1	1	0	0	100.00	RHB	not out	33199195	1973340	GTCC - Spring League 2026	12	TENNIS
W	24326784	2	GTA Avengers	Jinesh Joy	2	0	12	1	9	0	1	4	0	6.00	19807001	1973340	GTCC - Spring League 2026	12	TENNIS
W	24326784	2	GTA Avengers	Ginil Joseph	3	0	22	2	10	1	1	2	0	7.33	27672341	1973340	GTCC - Spring League 2026	12	TENNIS
W	24326784	2	GTA Avengers	Julious M	2	0	9	1	8	0	0	2	1	4.50	39411092	1973340	GTCC - Spring League 2026	12	TENNIS
W	24326784	2	GTA Avengers	Sreeraj Ravi	3	0	9	1	10	0	0	0	0	3.00	27672562	1973340	GTCC - Spring League 2026	12	TENNIS
W	24326784	2	GTA Avengers	Anto Paul	2	0	5	2	7	0	0	0	0	2.50	21754688	1973340	GTCC - Spring League 2026	12	TENNIS
B	25566784	1	Red Wings	Abhishek Rathnasingh	10	12	2	0	83.33	RHB	c Mohit Palkar b Nikhil Rana	21828705	1973340	GTCC - Spring League 2026	12	TENNIS
B	25566784	1	Red Wings	Jephin Saji	0	2	0	0	0.00	RHB	c †Jinto Eliyas b Arun Baby	30393564	1973340	GTCC - Spring League 2026	12	TENNIS
B	25566784	1	Red Wings	Christo Joy  (c)	34	10	1	5	340.00	RHB	c&b Vishv Chaudhari	30376963	1973340	GTCC - Spring League 2026	12	TENNIS
B	25566784	1	Red Wings	Abdul	14	8	2	1	175.00	RHB	c Kunal Ghaware b Pratik Udawant	28445292	1973340	GTCC - Spring League 2026	12	TENNIS
B	25566784	1	Red Wings	Vishnu Nair	0	2	0	0	0.00	RHB	c Nikhil Rana b Pratik Udawant	21754141	1973340	GTCC - Spring League 2026	12	TENNIS
B	25566784	1	Red Wings	Kripal K S	12	11	1	1	109.09	RHB	c&b Pratik Udawant	21940499	1973340	GTCC - Spring League 2026	12	TENNIS
B	25566784	1	Red Wings	Benson Baby	14	9	2	0	155.56	RHB	run out Kunal Ghaware	30375428	1973340	GTCC - Spring League 2026	12	TENNIS
B	25566784	1	Red Wings	Vaishnav	19	21	1	2	90.48	RHB	not out	31247987	1973340	GTCC - Spring League 2026	12	TENNIS
W	25566784	1	Maratha Warriors - GTCC	Nikhil Rana	3	0	19	1	10	3	0	2	0	6.33	32554738	1973340	GTCC - Spring League 2026	12	TENNIS
W	25566784	1	Maratha Warriors - GTCC	Arun Baby	2	0	35	1	5	2	3	6	1	17.50	27672366	1973340	GTCC - Spring League 2026	12	TENNIS
W	25566784	1	Maratha Warriors - GTCC	Vishv Chaudhari	2	0	32	1	6	1	4	2	1	16.00	24787292	1973340	GTCC - Spring League 2026	12	TENNIS
W	25566784	1	Maratha Warriors - GTCC	Tanishq B	2	0	17	0	7	2	1	1	0	8.50	23168646	1973340	GTCC - Spring League 2026	12	TENNIS
W	25566784	1	Maratha Warriors - GTCC	Pratik Udawant	3	0	15	3	13	1	1	1	1	5.00	31286233	1973340	GTCC - Spring League 2026	12	TENNIS
B	25566784	2	Maratha Warriors - GTCC	Mohit Palkar	6	4	1	0	150.00	RHB	c †Abhishek Rathnasingh b Nidhil	30088867	1973340	GTCC - Spring League 2026	12	TENNIS
B	25566784	2	Maratha Warriors - GTCC	Jinto Eliyas	11	8	2	0	137.50	LHB	c †Abhishek Rathnasingh b Akhil	21834838	1973340	GTCC - Spring League 2026	12	TENNIS
B	25566784	2	Maratha Warriors - GTCC	Vineesh  M	87	20	2	13	435.00	RHB	not out	27672383	1973340	GTCC - Spring League 2026	12	TENNIS
B	25566784	2	Maratha Warriors - GTCC	Nikhil Rana	3	4	0	0	75.00	RHB	c Abdul b Christo Joy	32554738	1973340	GTCC - Spring League 2026	12	TENNIS
B	25566784	2	Maratha Warriors - GTCC	Kunal Ghaware	7	4	0	0	175.00	RHB	not out	32815971	1973340	GTCC - Spring League 2026	12	TENNIS
W	25566784	2	Red Wings	Nidhil	2	0	21	1	4	4	0	0	0	10.50	28117737	1973340	GTCC - Spring League 2026	12	TENNIS
W	25566784	2	Red Wings	Christo Joy  (c)	2	0	42	1	4	1	5	3	1	21.00	30376963	1973340	GTCC - Spring League 2026	12	TENNIS
W	25566784	2	Red Wings	Akhil	1	0	17	1	3	0	2	4	0	17.00	30322919	1973340	GTCC - Spring League 2026	12	TENNIS
W	25566784	2	Red Wings	Kripal K S	1	0	31	0	1	0	4	2	0	31.00	21940499	1973340	GTCC - Spring League 2026	12	TENNIS
W	25566784	2	Red Wings	Vishnu Nair	0.3	0	13	0	0	0	2	0	0	26.00	21754141	1973340	GTCC - Spring League 2026	12	TENNIS
B	24327496	1	Red Dragons	Ram K	10	12	1	0	83.33	RHB	run out Abhishek Chennamaneni / Anudeep Kona	50378644	1973340	GTCC - Spring League 2026	12	TENNIS
B	24327496	1	Red Dragons	Gayatri Das G	5	12	0	0	41.67	RHB	c Santosh Cheruku b Harish Pannala(TPG)	9736753	1973340	GTCC - Spring League 2026	12	TENNIS
B	24327496	1	Red Dragons	Suresh Sekar	6	14	0	0	42.86	RHB	c Subbu Pakalapati b Manpreet Singh	42851790	1973340	GTCC - Spring League 2026	12	TENNIS
B	24327496	1	Red Dragons	Venkatesh	0	2	0	0	0.00	LHB	c Varun Jampani b Gunasekhar Enugu	3615414	1973340	GTCC - Spring League 2026	12	TENNIS
B	24327496	1	Red Dragons	Abhi K	30	18	1	3	166.67	RHB	c Anudeep Kona b Subbu Pakalapati	42838777	1973340	GTCC - Spring League 2026	12	TENNIS
B	24327496	1	Red Dragons	Ravikumar Swaminathan	0	1	0	0	0.00	RHB	run out Harish Pannala(TPG) / Harish Pannala(TPG)	29716954	1973340	GTCC - Spring League 2026	12	TENNIS
B	24327496	1	Red Dragons	Lakku	5	3	1	0	166.67	RHB	c Harish Pannala(TPG) b Vinit B	9736741	1973340	GTCC - Spring League 2026	12	TENNIS
B	24327496	1	Red Dragons	Ashok Balakrishnan	1	3	0	0	33.33	RHB	st †Varun Jampani b Subbu Pakalapati	39878064	1973340	GTCC - Spring League 2026	12	TENNIS
B	24327496	1	Red Dragons	Sarav Kandaswamy  (c)	3	5	0	0	60.00	RHB	run out Vinit B / † Varun Jampani	42838749	1973340	GTCC - Spring League 2026	12	TENNIS
B	24327496	1	Red Dragons	Srini Vas	1	2	0	0	50.00	RHB	not out	19804600	1973340	GTCC - Spring League 2026	12	TENNIS
W	24327496	1	TRAILBLAZERS GTCC	Anudeep Kona	2	0	7	0	6	0	0	0	0	3.50	39057187	1973340	GTCC - Spring League 2026	12	TENNIS
W	24327496	1	TRAILBLAZERS GTCC	Subbu Pakalapati	3	0	20	2	10	2	1	1	0	6.67	132243	1973340	GTCC - Spring League 2026	12	TENNIS
W	24327496	1	TRAILBLAZERS GTCC	Harish Pannala(TPG)	3	0	12	1	10	0	0	3	0	4.00	3052877	1973340	GTCC - Spring League 2026	12	TENNIS
W	24327496	1	TRAILBLAZERS GTCC	Gunasekhar Enugu	1	0	6	1	4	0	0	3	0	6.00	50181359	1973340	GTCC - Spring League 2026	12	TENNIS
W	24327496	1	TRAILBLAZERS GTCC	Manpreet Singh	1	0	3	1	3	0	0	0	0	3.00	39218409	1973340	GTCC - Spring League 2026	12	TENNIS
W	24327496	1	TRAILBLAZERS GTCC	Mahesh Pillai	1	0	8	0	2	1	0	0	0	8.00	23600180	1973340	GTCC - Spring League 2026	12	TENNIS
W	24327496	1	TRAILBLAZERS GTCC	Vinit B	1	0	13	1	3	0	2	0	0	13.00	15282968	1973340	GTCC - Spring League 2026	12	TENNIS
B	24327496	2	TRAILBLAZERS GTCC	Bharath Reddy	23	20	1	1	115.00	RHB	c&b Saurabh Singh	5949924	1973340	GTCC - Spring League 2026	12	TENNIS
B	24327496	2	TRAILBLAZERS GTCC	Varun Jampani  (c & wk)	16	22	1	0	72.73	RHB	b Lakku	15282785	1973340	GTCC - Spring League 2026	12	TENNIS
B	24327496	2	TRAILBLAZERS GTCC	Anudeep Kona	22	15	0	2	146.67	RHB	not out	39057187	1973340	GTCC - Spring League 2026	12	TENNIS
B	24327496	2	TRAILBLAZERS GTCC	Abhishek Chennamaneni	1	2	0	0	50.00	RHB	b Lakku	2982610	1973340	GTCC - Spring League 2026	12	TENNIS
B	24327496	2	TRAILBLAZERS GTCC	Santosh Cheruku	2	5	0	0	40.00	RHB	c Srini Vas b Vijay K	15282824	1973340	GTCC - Spring League 2026	12	TENNIS
B	24327496	2	TRAILBLAZERS GTCC	Harish Pannala(TPG)	0	1	0	0	0.00	RHB	c&b Vijay K	3052877	1973340	GTCC - Spring League 2026	12	TENNIS
B	24327496	2	TRAILBLAZERS GTCC	Manpreet Singh	1	1	0	0	100.00	LHB	not out	39218409	1973340	GTCC - Spring League 2026	12	TENNIS
W	24327496	2	Red Dragons	Ashok Balakrishnan	2	0	6	0	9	1	0	0	0	3.00	39878064	1973340	GTCC - Spring League 2026	12	TENNIS
W	24327496	2	Red Dragons	Gayatri Das G	1	0	13	0	0	0	1	0	0	13.00	9736753	1973340	GTCC - Spring League 2026	12	TENNIS
W	24327496	2	Red Dragons	Lakku	3	0	18	2	8	0	1	2	0	6.00	9736741	1973340	GTCC - Spring League 2026	12	TENNIS
W	24327496	2	Red Dragons	Vijay K	3	0	17	2	8	1	0	2	0	5.67	23322068	1973340	GTCC - Spring League 2026	12	TENNIS
W	24327496	2	Red Dragons	Saurabh Singh	2	0	16	1	4	0	1	1	0	8.00	42838591	1973340	GTCC - Spring League 2026	12	TENNIS
W	24327496	2	Red Dragons	Sarav Kandaswamy  (c)	0	0	1	0	0	0	0	1	0	0.00	42838749	1973340	GTCC - Spring League 2026	12	TENNIS
B	25451642	1	Maratha Warriors - GTCC	Mohit Palkar	3	3	0	0	100.00	RHB	c †Abhy b Abhishek Thakur	30088867	1973340	GTCC - Spring League 2026	12	TENNIS
B	25451642	1	Maratha Warriors - GTCC	Jinto Eliyas	66	37	8	1	178.38	LHB	not out	21834838	1973340	GTCC - Spring League 2026	12	TENNIS
B	25451642	1	Maratha Warriors - GTCC	Arun Baby	0	2	0	0	0.00	RHB	b Abhishek Thakur	27672366	1973340	GTCC - Spring League 2026	12	TENNIS
B	25451642	1	Maratha Warriors - GTCC	Nikhil Rana	45	17	2	5	264.71	RHB	c Abhi dhami b Harmeet Singh	32554738	1973340	GTCC - Spring League 2026	12	TENNIS
B	25451642	1	Maratha Warriors - GTCC	Kunal Ghaware	6	10	0	0	60.00	RHB	c Parry b Abhi dhami	32815971	1973340	GTCC - Spring League 2026	12	TENNIS
B	25451642	1	Maratha Warriors - GTCC	Vineesh  M  (wk)	6	5	0	1	120.00	RHB	c Parry b Abhishek Thakur	27672383	1973340	GTCC - Spring League 2026	12	TENNIS
B	25451642	1	Maratha Warriors - GTCC	Vinay Ogirala	1	1	0	0	100.00	RHB	not out	27673726	1973340	GTCC - Spring League 2026	12	TENNIS
W	25451642	1	Golden City	Abhy	0	0	0	0	0	0	0	0	0	0.00	39113369	1973340	GTCC - Spring League 2026	12	TENNIS
W	25451642	1	Golden City	Ragu Sharma	2	0	25	0	4	3	0	2	1	12.50	39147762	1973340	GTCC - Spring League 2026	12	TENNIS
W	25451642	1	Golden City	Abhishek Thakur	3	0	24	3	7	1	1	1	0	8.00	39122063	1973340	GTCC - Spring League 2026	12	TENNIS
W	25451642	1	Golden City	Abhi dhami	3	0	36	1	8	4	2	2	0	12.00	42525345	1973340	GTCC - Spring League 2026	12	TENNIS
W	25451642	1	Golden City	Harmeet Singh	2	0	24	1	4	2	1	2	0	12.00	39255428	1973340	GTCC - Spring League 2026	12	TENNIS
W	25451642	1	Golden City	Jasraj Singh	1	0	19	0	0	1	2	0	0	19.00	42437530	1973340	GTCC - Spring League 2026	12	TENNIS
W	25451642	1	Golden City	Mohit K	1	0	15	0	2	0	1	2	2	15.00	39112810	1973340	GTCC - Spring League 2026	12	TENNIS
B	25451642	2	Golden City	Parry  (c)	1	4	0	0	25.00	RHB	c Mohit Palkar b Arun Baby	38211758	1973340	GTCC - Spring League 2026	12	TENNIS
B	25451642	2	Golden City	Sarbjeet Singh	10	11	1	1	90.91	RHB	run out Vinay Ogirala / Arun Baby	39121302	1973340	GTCC - Spring League 2026	12	TENNIS
B	25451642	2	Golden City	Abhi dhami	8	6	1	0	133.33	RHB	b Arun Baby	42525345	1973340	GTCC - Spring League 2026	12	TENNIS
B	25451642	2	Golden City	Abhy  (wk)	0	4	0	0	0.00	RHB	b Nikhil Rana	39113369	1973340	GTCC - Spring League 2026	12	TENNIS
B	25451642	2	Golden City	Abhishek Thakur	22	15	3	1	146.67	LHB	c Kunal Ghaware b Tanishq B	39122063	1973340	GTCC - Spring League 2026	12	TENNIS
B	25451642	2	Golden City	Harpreet Parmar	2	8	0	0	25.00	RHB	st †Vineesh  M b Ajit Parab	42046780	1973340	GTCC - Spring League 2026	12	TENNIS
B	25451642	2	Golden City	Jasraj Singh	3	5	0	0	60.00	RHB	c Kunal Ghaware b Tanishq B	42437530	1973340	GTCC - Spring League 2026	12	TENNIS
B	25451642	2	Golden City	Manjinder Brar	0	2	0	0	0.00	RHB	b Tanishq B	39147760	1973340	GTCC - Spring League 2026	12	TENNIS
B	25451642	2	Golden City	Harmeet Singh	4	3	1	0	133.33	RHB	b Tanishq B	39255428	1973340	GTCC - Spring League 2026	12	TENNIS
B	25451642	2	Golden City	Mohit K	0	0	0	0	0.00	RHB	not out	39112810	1973340	GTCC - Spring League 2026	12	TENNIS
B	25451642	2	Golden City	Ragu Sharma	0	2	0	0	0.00	RHB	b Ajit Parab	39147762	1973340	GTCC - Spring League 2026	12	TENNIS
W	25451642	2	Maratha Warriors - GTCC	Nikhil Rana	3	0	12	1	14	2	0	2	0	4.00	32554738	1973340	GTCC - Spring League 2026	12	TENNIS
W	25451642	2	Maratha Warriors - GTCC	Arun Baby	2	0	19	2	6	2	1	0	0	9.50	27672366	1973340	GTCC - Spring League 2026	12	TENNIS
W	25451642	2	Maratha Warriors - GTCC	Vishv Chaudhari	2	0	9	0	9	1	0	0	1	4.50	24787292	1973340	GTCC - Spring League 2026	12	TENNIS
W	25451642	2	Maratha Warriors - GTCC	Tanishq B	2	0	16	4	9	1	1	2	1	8.00	23168646	1973340	GTCC - Spring League 2026	12	TENNIS
W	25451642	2	Maratha Warriors - GTCC	Ajit Parab	0.4	0	0	2	4	0	0	0	0	0.00	23168749	1973340	GTCC - Spring League 2026	12	TENNIS
B	25504466	1	TCF DCC	Sudheer Aki  (c)	71	38	5	5	186.84	RHB	c †Sampath kumar madala b Abdul Tauseef	14762522	1973340	GTCC - Spring League 2026	12	TENNIS
B	25504466	1	TCF DCC	Rushi Mannepalli	19	13	3	0	146.15	RHB	c Junaid Khan b Srujan Gandla	14762497	1973340	GTCC - Spring League 2026	12	TENNIS
B	25504466	1	TCF DCC	Abhinay	16	12	1	1	133.33	RHB	run out Deepak Sai Valluru / Abdul Tauseef	104346	1973340	GTCC - Spring League 2026	12	TENNIS
B	25504466	1	TCF DCC	Aftab	2	2	0	0	100.00	RHB	c †Sampath kumar madala b Abdul Tauseef	1541269	1973340	GTCC - Spring League 2026	12	TENNIS
B	25504466	1	TCF DCC	Teja Kokkula  (wk)	2	2	0	0	100.00	RHB	run out † Sampath kumar madala / Junaid Khan	14055267	1973340	GTCC - Spring League 2026	12	TENNIS
B	25504466	1	TCF DCC	Rahush	4	3	1	0	133.33	RHB	c Abdul Tauseef b Junaid Khan	1050410	1973340	GTCC - Spring League 2026	12	TENNIS
B	25504466	1	TCF DCC	Chandan Volkaji	0	1	0	0	0.00	RHB	c Deepak Sai Valluru b Junaid Khan	31779636	1973340	GTCC - Spring League 2026	12	TENNIS
B	25504466	1	TCF DCC	Praveen Reddy	1	1	0	0	100.00	LHB	run out Abdul Tauseef / † Sampath kumar madala	5413093	1973340	GTCC - Spring League 2026	12	TENNIS
B	25504466	1	TCF DCC	Gowtham Vemareddy	1	1	0	0	100.00	RHB	not out	14762600	1973340	GTCC - Spring League 2026	12	TENNIS
W	25504466	1	Team Phoenix	Abdul Tauseef	2	0	16	2	5	2	0	1	0	8.00	45592058	1973340	GTCC - Spring League 2026	12	TENNIS
W	25504466	1	Team Phoenix	Junaid Jr	2	0	20	0	3	2	1	0	0	10.00	42515948	1973340	GTCC - Spring League 2026	12	TENNIS
W	25504466	1	Team Phoenix	Uday Sai Reddy	1	0	15	0	2	3	0	1	0	15.00	29479079	1973340	GTCC - Spring League 2026	12	TENNIS
W	25504466	1	Team Phoenix	Srujan Gandla	3	0	28	1	8	1	3	0	0	9.33	23847345	1973340	GTCC - Spring League 2026	12	TENNIS
W	25504466	1	Team Phoenix	Junaid Khan	2	0	17	2	4	1	0	2	0	8.50	41651972	1973340	GTCC - Spring League 2026	12	TENNIS
W	25504466	1	Team Phoenix	Srikanth Kommineni	2	0	26	0	4	1	2	1	1	13.00	29518721	1973340	GTCC - Spring League 2026	12	TENNIS
B	25504466	2	Team Phoenix	Junaid Khan	12	5	3	0	240.00	RHB	c Gowtham Vemareddy b Akhil Reddy	41651972	1973340	GTCC - Spring League 2026	12	TENNIS
B	25504466	2	Team Phoenix	Sujay Shetty	9	18	0	1	50.00	RHB	c Rushi Mannepalli b Sankethreddy	6592436	1973340	GTCC - Spring League 2026	12	TENNIS
B	25504466	2	Team Phoenix	Abdul Tauseef	6	4	0	1	150.00	RHB	c&b Sudheer Aki	45592058	1973340	GTCC - Spring League 2026	12	TENNIS
B	25504466	2	Team Phoenix	Sampath kumar madala  (c & wk)	13	10	3	0	130.00	RHB	c Abhinay b JayaKrishna Gujjari	15283339	1973340	GTCC - Spring League 2026	12	TENNIS
B	25504466	2	Team Phoenix	Junaid Jr	0	1	0	0	0.00	RHB	c †Teja Kokkula b JayaKrishna Gujjari	42515948	1973340	GTCC - Spring League 2026	12	TENNIS
B	25504466	2	Team Phoenix	Tharun kumar Jalli	10	16	1	0	62.50	RHB	hit wkt b Gowtham Vemareddy	29519121	1973340	GTCC - Spring League 2026	12	TENNIS
B	25504466	2	Team Phoenix	Mahendra Pullaganti	0	2	0	0	0.00	RHB	c Abhinay b Sankethreddy	29518729	1973340	GTCC - Spring League 2026	12	TENNIS
B	25504466	2	Team Phoenix	Deepak Sai Valluru	11	13	0	0	84.62	RHB	not out	29478648	1973340	GTCC - Spring League 2026	12	TENNIS
B	25504466	2	Team Phoenix	Srikanth Kommineni	0	1	0	0	0.00	RHB	c Abhinay b Rushi Mannepalli	29518721	1973340	GTCC - Spring League 2026	12	TENNIS
B	25504466	2	Team Phoenix	Uday Sai Reddy	1	3	0	0	33.33	RHB	not out	29479079	1973340	GTCC - Spring League 2026	12	TENNIS
W	25504466	2	TCF DCC	Akhil Reddy	2	1	13	1	9	3	0	1	0	6.50	5549928	1973340	GTCC - Spring League 2026	12	TENNIS
W	25504466	2	TCF DCC	Sudheer Aki  (c)	1	0	7	1	4	0	1	0	0	7.00	14762522	1973340	GTCC - Spring League 2026	12	TENNIS
W	25504466	2	TCF DCC	Praveen Reddy	2	0	11	0	7	2	0	0	0	5.50	5413093	1973340	GTCC - Spring League 2026	12	TENNIS
W	25504466	2	TCF DCC	JayaKrishna Gujjari	2	0	8	2	8	1	0	1	0	4.00	1225653	1973340	GTCC - Spring League 2026	12	TENNIS
W	25504466	2	TCF DCC	Gowtham Vemareddy	2	0	9	1	7	1	0	0	0	4.50	14762600	1973340	GTCC - Spring League 2026	12	TENNIS
W	25504466	2	TCF DCC	Sankethreddy	2	0	14	2	7	0	1	0	1	7.00	39355221	1973340	GTCC - Spring League 2026	12	TENNIS
W	25504466	2	TCF DCC	Rushi Mannepalli	1	0	3	1	3	0	0	0	0	3.00	14762497	1973340	GTCC - Spring League 2026	12	TENNIS
B	25451650	1	Thunder Strikers	Jainam	8	14	0	0	57.14	RHB	c †Shyam komaravolu b Akshay Beniwal	15997981	1973340	GTCC - Spring League 2026	12	TENNIS
B	25451650	1	Thunder Strikers	Ronak Patel  (wk)	0	4	0	0	0.00	RHB	c Srinath Asopa b Eswar P	40650973	1973340	GTCC - Spring League 2026	12	TENNIS
B	25451650	1	Thunder Strikers	Chintan Ahir	10	8	0	1	125.00	RHB	c Balu b Raghuvardhan Reddy	6269752	1973340	GTCC - Spring League 2026	12	TENNIS
B	25451650	1	Thunder Strikers	Kunal Shah	16	13	2	0	123.08	RHB	run out † Shyam komaravolu	15481956	1973340	GTCC - Spring League 2026	12	TENNIS
B	25451650	1	Thunder Strikers	MOHSIN SAIYAD	26	18	2	1	144.44	RHB	not out	22900753	1973340	GTCC - Spring League 2026	12	TENNIS
B	25451650	1	Thunder Strikers	Shiv Gaurd	13	12	1	0	108.33	LHB	c †Shyam komaravolu b Akshay Beniwal	18269589	1973340	GTCC - Spring League 2026	12	TENNIS
B	25451650	1	Thunder Strikers	Nish patel	3	3	0	0	100.00	RHB	not out	31956115	1973340	GTCC - Spring League 2026	12	TENNIS
W	25451650	1	Marvels	Eswar P	3	0	7	1	14	1	0	0	0	2.33	22652758	1973340	GTCC - Spring League 2026	12	TENNIS
W	25451650	1	Marvels	Akshay Beniwal	3	0	17	2	11	0	0	4	0	5.67	23591120	1973340	GTCC - Spring League 2026	12	TENNIS
W	25451650	1	Marvels	Raghuvardhan Reddy	2	0	16	1	4	2	0	0	0	8.00	15600146	1973340	GTCC - Spring League 2026	12	TENNIS
W	25451650	1	Marvels	Jagadeesh Kona	1	0	11	0	2	0	1	1	0	11.00	49883760	1973340	GTCC - Spring League 2026	12	TENNIS
W	25451650	1	Marvels	Mahesh shetty nani	2	0	20	0	3	2	0	0	0	10.00	31475597	1973340	GTCC - Spring League 2026	12	TENNIS
W	25451650	1	Marvels	Rohit Chahal	1	0	10	0	2	0	1	0	0	10.00	23545274	1973340	GTCC - Spring League 2026	12	TENNIS
B	25451650	2	Marvels	Shyam komaravolu	16	13	1	1	123.08	RHB	c †Jainam b Chintan Ahir	31366180	1973340	GTCC - Spring League 2026	12	TENNIS
B	25451650	2	Marvels	Rohit Chahal	4	3	1	0	133.33	LHB	run out Chintan Ahir	23545274	1973340	GTCC - Spring League 2026	12	TENNIS
B	25451650	2	Marvels	Srinath Asopa	4	6	0	0	66.67	LHB	c Shiv Gaurd b Kunal Shah	31710694	1973340	GTCC - Spring League 2026	12	TENNIS
B	25451650	2	Marvels	Akshay Beniwal	0	2	0	0	0.00	RHB	c Mitalkumar Patel b Kunal Shah	23591120	1973340	GTCC - Spring League 2026	12	TENNIS
B	25451650	2	Marvels	Murali krishna	1	10	0	0	10.00	RHB	c †Ronak Patel b Nish patel	21441516	1973340	GTCC - Spring League 2026	12	TENNIS
B	25451650	2	Marvels	Balu	3	4	0	0	75.00	RHB	c Darshit Patel b Kunal Shah	3592747	1973340	GTCC - Spring League 2026	12	TENNIS
B	25451650	2	Marvels	Altaf Ahmed	8	10	1	0	80.00	RHB	c MOHSIN SAIYAD b Nikhil Jakhar	5413138	1973340	GTCC - Spring League 2026	12	TENNIS
B	25451650	2	Marvels	Raghuvardhan Reddy	5	10	0	0	50.00	RHB	b Nikhil Jakhar	15600146	1973340	GTCC - Spring League 2026	12	TENNIS
B	25451650	2	Marvels	Jitin p  (c)	1	1	0	0	100.00	RHB	not out	21442321	1973340	GTCC - Spring League 2026	12	TENNIS
B	25451650	2	Marvels	Eswar P	1	4	0	0	25.00	RHB	st †Ronak Patel b Nish patel	22652758	1973340	GTCC - Spring League 2026	12	TENNIS
B	25451650	2	Marvels	Mahesh shetty nani	0	1	0	0	0.00	RHB	b Nish patel	31475597	1973340	GTCC - Spring League 2026	12	TENNIS
W	25451650	2	Thunder Strikers	Darshit Patel	2	0	15	0	5	2	0	1	0	7.50	27673702	1973340	GTCC - Spring League 2026	12	TENNIS
W	25451650	2	Thunder Strikers	Kunal Shah	3	0	8	3	14	0	0	2	0	2.67	15481956	1973340	GTCC - Spring League 2026	12	TENNIS
W	25451650	2	Thunder Strikers	Chintan Ahir	2	0	12	1	7	0	1	0	0	6.00	6269752	1973340	GTCC - Spring League 2026	12	TENNIS
W	25451650	2	Thunder Strikers	Nish patel	2.4	0	4	3	13	0	0	1	0	1.50	31956115	1973340	GTCC - Spring League 2026	12	TENNIS
W	25451650	2	Thunder Strikers	Nikhil Jakhar	1	0	10	2	2	1	0	2	0	10.00	30808520	1973340	GTCC - Spring League 2026	12	TENNIS
B	24327352	1	TRAILBLAZERS GTCC	Varun Jampani	34	30	3	0	113.33	RHB	not out	15282785	1973340	GTCC - Spring League 2026	12	TENNIS
B	24327352	1	TRAILBLAZERS GTCC	Santhosh M	7	11	0	0	63.64	RHB	c Kushal Reddy b Naitik Patel	15283061	1973340	GTCC - Spring League 2026	12	TENNIS
B	24327352	1	TRAILBLAZERS GTCC	Anudeep Kona	8	5	0	1	160.00	RHB	c †Raja Sekhar Reddy Gantla b Adnan khan 	41692406	1973340	GTCC - Spring League 2026	12	TENNIS
B	24327352	1	TRAILBLAZERS GTCC	Kareem	3	5	0	0	60.00	RHB	c Adnan khan  b Yash Vandra	15699053	1973340	GTCC - Spring League 2026	12	TENNIS
B	24327352	1	TRAILBLAZERS GTCC	Dinesh k	1	5	0	0	20.00	RHB	c Abhiram AS b Kushal Reddy	15283122	1973340	GTCC - Spring League 2026	12	TENNIS
B	24327352	1	TRAILBLAZERS GTCC	Prudhvi  (wk)	7	5	1	0	140.00	RHB	c (sub) Manikandan Kolanjinathan b Yash Vandra	31235771	1973340	GTCC - Spring League 2026	12	TENNIS
B	24327352	1	TRAILBLAZERS GTCC	Abhishek Chennamaneni	22	9	1	2	244.44	RHB	run out Abhiram AS / Naitik Patel	2982610	1973340	GTCC - Spring League 2026	12	TENNIS
B	24327352	1	TRAILBLAZERS GTCC	Phani  (c)	6	3	1	0	200.00	RHB	c †Raja Sekhar Reddy Gantla b Ayaan Shaikh	132317	1973340	GTCC - Spring League 2026	12	TENNIS
B	24327352	1	TRAILBLAZERS GTCC	Sai Kiran Dande	1	2	0	0	50.00	RHB	not out	5259750	1973340	GTCC - Spring League 2026	12	TENNIS
W	24327352	1	FERAL XI	Naitik Patel	3	0	20	1	10	1	1	4	0	6.67	49883245	1973340	GTCC - Spring League 2026	12	TENNIS
W	24327352	1	FERAL XI	Ayaan Shaikh	3	0	23	1	8	3	0	0	0	7.67	42302314	1973340	GTCC - Spring League 2026	12	TENNIS
W	24327352	1	FERAL XI	Adnan khan 	2	0	14	1	6	0	0	0	2	7.00	42302317	1973340	GTCC - Spring League 2026	12	TENNIS
W	24327352	1	FERAL XI	Yash Vandra	2	0	12	2	5	0	0	1	0	6.00	50353197	1973340	GTCC - Spring League 2026	12	TENNIS
W	24327352	1	FERAL XI	Kushal Reddy  (c)	2	0	29	1	5	2	2	1	1	14.50	15283637	1973340	GTCC - Spring League 2026	12	TENNIS
B	24327352	2	FERAL XI	Tazeemahamed Shaikh	6	4	0	1	150.00	RHB	c †Prudhvi b Anudeep Kona	49882750	1973340	GTCC - Spring League 2026	12	TENNIS
B	24327352	2	FERAL XI	Fardeen Khan	5	5	1	0	100.00	RHB	c Varun Jampani b Pardhu Madarapu	27729185	1973340	GTCC - Spring League 2026	12	TENNIS
B	24327352	2	FERAL XI	Ali Haider	0	2	0	0	0.00	RHB	c †Prudhvi b Anudeep Kona	50175932	1973340	GTCC - Spring League 2026	12	TENNIS
B	24327352	2	FERAL XI	Abhiram AS	15	11	3	0	136.36	RHB	c Dinesh k b Pardhu Madarapu	32212089	1973340	GTCC - Spring League 2026	12	TENNIS
B	24327352	2	FERAL XI	Vigneshwar Reddy	2	5	0	0	40.00	RHB	c Kareem b Anudeep Kona	50218445	1973340	GTCC - Spring League 2026	12	TENNIS
B	24327352	2	FERAL XI	Adnan khan 	0	7	0	0	0.00	RHB	b Abhishek Chennamaneni	42302317	1973340	GTCC - Spring League 2026	12	TENNIS
B	24327352	2	FERAL XI	Kushal Reddy  (c)	12	14	1	0	85.71	RHB	b Kareem	15283637	1973340	GTCC - Spring League 2026	12	TENNIS
B	24327352	2	FERAL XI	Yash Vandra	11	9	1	0	122.22	LHB	c Varun Jampani b Phani	50353197	1973340	GTCC - Spring League 2026	12	TENNIS
B	24327352	2	FERAL XI	Raja Sekhar Reddy Gantla  (wk)	3	4	0	0	75.00	RHB	c Dinesh k b Phani	15282981	1973340	GTCC - Spring League 2026	12	TENNIS
B	24327352	2	FERAL XI	Naitik Patel	20	10	2	1	200.00	RHB	not out	49883245	1973340	GTCC - Spring League 2026	12	TENNIS
B	24327352	2	FERAL XI	Ayaan Shaikh	0	1	0	0	0.00	RHB	not out	42302314	1973340	GTCC - Spring League 2026	12	TENNIS
W	24327352	2	TRAILBLAZERS GTCC	Anudeep Kona	2	1	6	3	11	0	1	0	0	3.00	41692406	1973340	GTCC - Spring League 2026	12	TENNIS
W	24327352	2	TRAILBLAZERS GTCC	Pardhu Madarapu	2	0	12	2	6	2	0	0	0	6.00	15282834	1973340	GTCC - Spring League 2026	12	TENNIS
W	24327352	2	TRAILBLAZERS GTCC	Abhishek Chennamaneni	2	0	12	1	8	2	0	2	0	6.00	2982610	1973340	GTCC - Spring League 2026	12	TENNIS
W	24327352	2	TRAILBLAZERS GTCC	Vinit B	2	0	19	0	3	2	0	2	0	9.50	15282968	1973340	GTCC - Spring League 2026	12	TENNIS
W	24327352	2	TRAILBLAZERS GTCC	Phani  (c)	2	0	10	2	6	1	0	0	0	5.00	132317	1973340	GTCC - Spring League 2026	12	TENNIS
W	24327352	2	TRAILBLAZERS GTCC	Kareem	2	0	19	1	3	1	1	0	0	9.50	15699053	1973340	GTCC - Spring League 2026	12	TENNIS
B	24327355	1	Thunder Strikers	Jainam	64	44	4	2	145.45	RHB	retired out	15997981	1973340	GTCC - Spring League 2026	12	TENNIS
B	24327355	1	Thunder Strikers	Meet Patel	15	16	2	0	93.75	RHB	run out Pavan Kumar / Koustub Manchiraju	50378740	1973340	GTCC - Spring League 2026	12	TENNIS
B	24327355	1	Thunder Strikers	Ritul Makwana	1	3	0	0	33.33	RHB	b Kvs Narayana	23889991	1973340	GTCC - Spring League 2026	12	TENNIS
B	24327355	1	Thunder Strikers	PRATIKKUMAR PATEL	15	8	2	0	187.50	RHB	not out	39147590	1973340	GTCC - Spring League 2026	12	TENNIS
B	24327355	1	Thunder Strikers	Chintan Ahir  (c)	2	3	0	0	66.67	RHB	c Eshwar  b Kvs Narayana	6269752	1973340	GTCC - Spring League 2026	12	TENNIS
B	24327355	1	Thunder Strikers	Nish patel	4	1	1	0	400.00	RHB	not out	31956115	1973340	GTCC - Spring League 2026	12	TENNIS
W	24327355	1	Rising Force XI	Pavan Kumar	3	0	28	0	6	2	1	0	0	9.33	30175034	1973340	GTCC - Spring League 2026	12	TENNIS
W	24327355	1	Rising Force XI	Akhil Nallapu	2	0	13	0	5	1	0	1	1	6.50	20234564	1973340	GTCC - Spring League 2026	12	TENNIS
W	24327355	1	Rising Force XI	Chaitanya Vemavarapu	2	0	22	0	4	1	1	3	0	11.00	21572077	1973340	GTCC - Spring League 2026	12	TENNIS
W	24327355	1	Rising Force XI	Kvs Narayana	3	0	30	2	6	3	0	2	2	10.00	13816654	1973340	GTCC - Spring League 2026	12	TENNIS
W	24327355	1	Rising Force XI	Koustub Manchiraju  (c)	2	0	17	0	3	2	0	0	0	8.50	9406531	1973340	GTCC - Spring League 2026	12	TENNIS
B	24327355	2	Rising Force XI	Rohit L	6	2	0	1	300.00	RHB	c Meet Patel b Darshit Patel	50123336	1973340	GTCC - Spring League 2026	12	TENNIS
B	24327355	2	Rising Force XI	Chaitanya Vemavarapu	1	4	0	0	25.00	RHB	b Nish patel	21572077	1973340	GTCC - Spring League 2026	12	TENNIS
B	24327355	2	Rising Force XI	Kvs Narayana	5	7	0	0	71.43	RHB	b Nikhil Jakhar	13816654	1973340	GTCC - Spring League 2026	12	TENNIS
B	24327355	2	Rising Force XI	Koustub Manchiraju  (c)	22	14	3	0	157.14	LHB	c Kushal Acharya b Meet R Patel	9406531	1973340	GTCC - Spring League 2026	12	TENNIS
B	24327355	2	Rising Force XI	Naveen Kumar	6	5	1	0	120.00	RHB	b Nish patel	39875713	1973340	GTCC - Spring League 2026	12	TENNIS
B	24327355	2	Rising Force XI	Sharath Reddy	5	8	0	0	62.50	RHB	b Nikhil Jakhar	18848533	1973340	GTCC - Spring League 2026	12	TENNIS
B	24327355	2	Rising Force XI	Pavan Kumar	9	10	0	1	90.00	RHB	c Chintan Ahir b Krish Patel	30175034	1973340	GTCC - Spring League 2026	12	TENNIS
B	24327355	2	Rising Force XI	Akhil Rao	1	2	0	0	50.00	RHB	run out Krish Patel / PRATIKKUMAR PATEL	39147418	1973340	GTCC - Spring League 2026	12	TENNIS
B	24327355	2	Rising Force XI	Akhil Nallapu	6	10	0	0	60.00	LHB	not out	20234564	1973340	GTCC - Spring League 2026	12	TENNIS
B	24327355	2	Rising Force XI	Ashwin Moguram	1	4	0	0	25.00	RHB	c Kushal Acharya b Ritul Makwana	21572238	1973340	GTCC - Spring League 2026	12	TENNIS
B	24327355	2	Rising Force XI	JAI	4	7	1	0	57.14	RHB	not out	21573028	1973340	GTCC - Spring League 2026	12	TENNIS
W	24327355	2	Thunder Strikers	Darshit Patel	1	0	13	1	4	0	1	2	1	13.00	27673702	1973340	GTCC - Spring League 2026	12	TENNIS
W	24327355	2	Thunder Strikers	Nikhil Jakhar	2	0	7	2	7	0	0	0	0	3.50	30808520	1973340	GTCC - Spring League 2026	12	TENNIS
W	24327355	2	Thunder Strikers	Nish patel	1	0	6	2	4	1	0	0	0	6.00	31956115	1973340	GTCC - Spring League 2026	12	TENNIS
W	24327355	2	Thunder Strikers	Kushal Acharya	2	0	7	0	8	0	0	2	0	3.50	15998105	1973340	GTCC - Spring League 2026	12	TENNIS
W	24327355	2	Thunder Strikers	Ritul Makwana	2	0	19	1	4	3	0	1	0	9.50	23889991	1973340	GTCC - Spring League 2026	12	TENNIS
W	24327355	2	Thunder Strikers	Krish Patel	2	0	14	1	8	1	1	1	0	7.00	38660099	1973340	GTCC - Spring League 2026	12	TENNIS
W	24327355	2	Thunder Strikers	Meet R Patel	2	0	10	1	7	0	0	3	0	5.00	24017729	1973340	GTCC - Spring League 2026	12	TENNIS
B	24327364	1	Markham Shots	Sreekanth Sugathan  (wk)	1	2	0	0	50.00	LHB	c †Josmy Manuel b Nikhil Rana	8328080	1973340	GTCC - Spring League 2026	12	TENNIS
B	24327364	1	Markham Shots	Rajeev Navayath	0	2	0	0	0.00	RHB	c †Josmy Manuel b Nikhil Rana	9632856	1973340	GTCC - Spring League 2026	12	TENNIS
B	24327364	1	Markham Shots	Vasanth Paul J	2	9	0	0	22.22	RHB	c †Josmy Manuel b Nikhil Rana	31907587	1973340	GTCC - Spring League 2026	12	TENNIS
B	24327364	1	Markham Shots	Vinu Joy	1	4	0	0	25.00	LHB	c †Josmy Manuel b Nikhil Rana	21777638	1973340	GTCC - Spring League 2026	12	TENNIS
B	24327364	1	Markham Shots	Lijo John	7	11	0	0	63.64	RHB	c †Josmy Manuel b Ajit Parab	41976791	1973340	GTCC - Spring League 2026	12	TENNIS
B	24327364	1	Markham Shots	Ajith Kumar AA	4	4	1	0	100.00	RHB	c Mangesh p b Nikhil Rana	21879972	1973340	GTCC - Spring League 2026	12	TENNIS
B	24327364	1	Markham Shots	Jithu Mohan	12	7	0	2	171.43	RHB	c Digil davis b Keval Kadam	9861241	1973340	GTCC - Spring League 2026	12	TENNIS
B	24327364	1	Markham Shots	Ashin  (c)	0	1	0	0	0.00	RHB	run out Sai Prakash Balamandakottam / † Josmy Manuel	9861238	1973340	GTCC - Spring League 2026	12	TENNIS
B	24327364	1	Markham Shots	GISMON ALIAS	0	2	0	0	0.00	RHB	c Vishv Chaudhari b Ajit Parab	50096645	1973340	GTCC - Spring League 2026	12	TENNIS
B	24327364	1	Markham Shots	Robin Panicker	0	2	0	0	0.00	RHB	c Keval Kadam b Ajit Parab	49913691	1973340	GTCC - Spring League 2026	12	TENNIS
B	24327364	1	Markham Shots	Sachin Satheesan	1	2	0	0	50.00	RHB	not out	49913756	1973340	GTCC - Spring League 2026	12	TENNIS
W	24327364	1	Maratha Warriors - GTCC	Nikhil Rana  (c)	3	0	10	5	13	1	0	2	0	3.33	32554738	1973340	GTCC - Spring League 2026	12	TENNIS
W	24327364	1	Maratha Warriors - GTCC	Vishv Chaudhari	2	0	3	0	9	0	0	0	0	1.50	24787292	1973340	GTCC - Spring League 2026	12	TENNIS
W	24327364	1	Maratha Warriors - GTCC	Ajit Parab	1.4	0	7	3	7	0	0	2	0	4.20	23168749	1973340	GTCC - Spring League 2026	12	TENNIS
W	24327364	1	Maratha Warriors - GTCC	Keval Kadam	1	0	12	1	4	0	2	0	0	12.00	9175068	1973340	GTCC - Spring League 2026	12	TENNIS
B	24327364	2	Maratha Warriors - GTCC	Josmy Manuel  (wk)	0	1	0	0	0.00	RHB	c †Sreekanth Sugathan b Ashin	20873909	1973340	GTCC - Spring League 2026	12	TENNIS
B	24327364	2	Maratha Warriors - GTCC	Vineesh  M	0	1	0	0	0.00	RHB	c Ajith Kumar AA b Ashin	27672383	1973340	GTCC - Spring League 2026	12	TENNIS
B	24327364	2	Maratha Warriors - GTCC	Sai Prakash Balamandakottam	18	12	3	0	150.00	RHB	not out	9729000	1973340	GTCC - Spring League 2026	12	TENNIS
B	24327364	2	Maratha Warriors - GTCC	Digil davis	18	6	1	2	300.00	RHB	not out	21961653	1973340	GTCC - Spring League 2026	12	TENNIS
W	24327364	2	Markham Shots	Ashin  (c)	2	0	22	2	5	3	1	1	0	11.00	9861238	1973340	GTCC - Spring League 2026	12	TENNIS
W	24327364	2	Markham Shots	Ajith Kumar AA	1.2	0	15	0	2	1	1	0	0	11.25	21879972	1973340	GTCC - Spring League 2026	12	TENNIS
B	24327360	1	Whitby Thunderbolts Gtcc hard tennis	Anekh Reddy  (c)	52	33	4	4	157.58	RHB	b Nilay Shah	30154781	1973340	GTCC - Spring League 2026	12	TENNIS
B	24327360	1	Whitby Thunderbolts Gtcc hard tennis	Srinivasu.K	9	13	0	0	69.23	RHB	retired hurt	2620753	1973340	GTCC - Spring League 2026	12	TENNIS
B	24327360	1	Whitby Thunderbolts Gtcc hard tennis	Junaid Usmani  (wk)	33	23	3	2	143.48	RHB	not out	15998322	1973340	GTCC - Spring League 2026	12	TENNIS
B	24327360	1	Whitby Thunderbolts Gtcc hard tennis	Dileep Nannore	6	3	1	0	200.00	RHB	c Jaideep (JD) b Bhuvan Anand	15992998	1973340	GTCC - Spring League 2026	12	TENNIS
W	24327360	1	North Star T12	Sanjit Raut	3	0	21	0	10	0	2	1	0	7.00	23646076	1973340	GTCC - Spring League 2026	12	TENNIS
W	24327360	1	North Star T12	Ashish Khattar	1	0	15	0	3	2	1	1	0	15.00	16183456	1973340	GTCC - Spring League 2026	12	TENNIS
W	24327360	1	North Star T12	Raghavendra Naik	2	0	17	0	4	2	0	0	0	8.50	15832543	1973340	GTCC - Spring League 2026	12	TENNIS
W	24327360	1	North Star T12	Vishad Bajaj	1	0	8	0	3	0	1	0	0	8.00	49944061	1973340	GTCC - Spring League 2026	12	TENNIS
W	24327360	1	North Star T12	Bhuvan Anand  (c)	3	0	28	1	8	2	2	0	0	9.33	16145433	1973340	GTCC - Spring League 2026	12	TENNIS
W	24327360	1	North Star T12	Nilay Shah	2	0	15	1	6	2	0	2	0	7.50	31954578	1973340	GTCC - Spring League 2026	12	TENNIS
B	24327360	2	North Star T12	Raghavendra Naik	7	7	1	0	100.00	RHB	c Dileep Nannore b Naren C	15832543	1973340	GTCC - Spring League 2026	12	TENNIS
B	24327360	2	North Star T12	Hardik Gohil	39	22	3	3	177.27	RHB	c Junaid Usmani b Vishnu Pothugunta	31945568	1973340	GTCC - Spring League 2026	12	TENNIS
B	24327360	2	North Star T12	Ashish Khattar	4	6	0	0	66.67	RHB	c Chaitanya Tummala b RamaRao Boyapati	16183456	1973340	GTCC - Spring League 2026	12	TENNIS
B	24327360	2	North Star T12	Jaideep (JD)	8	12	0	0	66.67	RHB	st †Junaid Usmani b Vishnu Pothugunta	9081230	1973340	GTCC - Spring League 2026	12	TENNIS
B	24327360	2	North Star T12	Nilay Shah	17	16	1	1	106.25	RHB	b Dileep Nannore	31954578	1973340	GTCC - Spring League 2026	12	TENNIS
B	24327360	2	North Star T12	Devesh Cricket  (wk)	7	7	0	0	100.00	RHB	not out	40652754	1973340	GTCC - Spring League 2026	12	TENNIS
B	24327360	2	North Star T12	Bhuvan Anand  (c)	4	3	0	0	133.33	RHB	not out	16145433	1973340	GTCC - Spring League 2026	12	TENNIS
W	24327360	2	Whitby Thunderbolts Gtcc hard tennis	Kiran Chigiri	1	0	11	0	2	2	0	0	0	11.00	22537910	1973340	GTCC - Spring League 2026	12	TENNIS
W	24327360	2	Whitby Thunderbolts Gtcc hard tennis	Naren C	2	0	12	1	6	0	1	0	0	6.00	24254648	1973340	GTCC - Spring League 2026	12	TENNIS
W	24327360	2	Whitby Thunderbolts Gtcc hard tennis	Sai Sharan Pandramish	1	0	13	0	2	1	1	0	0	13.00	23646490	1973340	GTCC - Spring League 2026	12	TENNIS
W	24327360	2	Whitby Thunderbolts Gtcc hard tennis	RamaRao Boyapati	2	0	18	1	5	1	1	1	1	9.00	24281581	1973340	GTCC - Spring League 2026	12	TENNIS
W	24327360	2	Whitby Thunderbolts Gtcc hard tennis	Jaswanth Reddy	2	0	16	0	4	0	1	1	0	8.00	22732988	1973340	GTCC - Spring League 2026	12	TENNIS
W	24327360	2	Whitby Thunderbolts Gtcc hard tennis	Vishnu Pothugunta	3	0	17	2	9	0	0	4	0	5.67	19614396	1973340	GTCC - Spring League 2026	12	TENNIS
W	24327360	2	Whitby Thunderbolts Gtcc hard tennis	Dileep Nannore	1	0	6	1	4	1	0	0	0	6.00	15992998	1973340	GTCC - Spring League 2026	12	TENNIS
B	24557642	1	Markham Challengers-GTCC	SIDHARTH  (c)	6	9	0	0	66.67	RHB	c Saksham Arora b Abhishek Vij	9386087	1973340	GTCC - Spring League 2026	12	TENNIS
B	24557642	1	Markham Challengers-GTCC	sebin mathew	0	1	0	0	0.00	RHB	c Sukhpreet Singh b Rahul Kalra	50639978	1973340	GTCC - Spring League 2026	12	TENNIS
B	24557642	1	Markham Challengers-GTCC	SHEFFIN MOIDEEN	23	22	0	2	104.55	RHB	c †Gurman Singh b Abhishek Vij	8295773	1973340	GTCC - Spring League 2026	12	TENNIS
B	24557642	1	Markham Challengers-GTCC	JIBIN	22	12	3	1	183.33	RHB	c †Gurman Singh b Tarun jaswal	9386022	1973340	GTCC - Spring League 2026	12	TENNIS
B	24557642	1	Markham Challengers-GTCC	Gokulraj Venugopal	2	9	0	0	22.22	RHB	b Tarun jaswal	16136970	1973340	GTCC - Spring League 2026	12	TENNIS
B	24557642	1	Markham Challengers-GTCC	Mohamed Muhsin	1	3	0	0	33.33	RHB	b Neeraj Jindal	14452372	1973340	GTCC - Spring League 2026	12	TENNIS
B	24557642	1	Markham Challengers-GTCC	Milton p mathew	8	6	0	1	133.33	RHB	c †Gurman Singh b Akish walia	31969836	1973340	GTCC - Spring League 2026	12	TENNIS
B	24557642	1	Markham Challengers-GTCC	Vishal Sharma	4	7	0	0	57.14	LHB	c Akish walia b Abhishek Vij	50639638	1973340	GTCC - Spring League 2026	12	TENNIS
B	24557642	1	Markham Challengers-GTCC	Manu Rajan  (wk)	0	1	0	0	0.00	RHB	b Akish walia	23101507	1973340	GTCC - Spring League 2026	12	TENNIS
B	24557642	1	Markham Challengers-GTCC	LIJON JOSE	7	2	0	1	350.00	RHB	run out Abhishek Vij / † Gurman Singh	21802533	1973340	GTCC - Spring League 2026	12	TENNIS
B	24557642	1	Markham Challengers-GTCC	Martin Sachin Cricket	1	1	0	0	100.00	RHB	not out	31133138	1973340	GTCC - Spring League 2026	12	TENNIS
W	24557642	1	Whitby warriors	Rahul Kalra	2	0	15	1	4	0	1	1	0	7.50	10138742	1973340	GTCC - Spring League 2026	12	TENNIS
W	24557642	1	Whitby warriors	Tarun jaswal	2	0	12	2	6	0	1	0	0	6.00	30147776	1973340	GTCC - Spring League 2026	12	TENNIS
W	24557642	1	Whitby warriors	Sukhpreet Singh	2	0	20	0	5	3	0	4	0	10.00	50096375	1973340	GTCC - Spring League 2026	12	TENNIS
W	24557642	1	Whitby warriors	Akash Bhalla  (c)	2	0	14	0	6	0	1	3	0	7.00	10133419	1973340	GTCC - Spring League 2026	12	TENNIS
W	24557642	1	Whitby warriors	Abhishek Vij	2	0	9	3	8	0	1	0	0	4.50	30087208	1973340	GTCC - Spring League 2026	12	TENNIS
W	24557642	1	Whitby warriors	Neeraj Jindal	1	0	3	1	3	0	0	0	0	3.00	50089490	1973340	GTCC - Spring League 2026	12	TENNIS
W	24557642	1	Whitby warriors	Akish walia	1	0	10	2	3	0	1	0	1	10.00	50073324	1973340	GTCC - Spring League 2026	12	TENNIS
B	24557642	2	Whitby warriors	Karmuhilan chellakkannu	0	2	0	0	0.00	RHB	c LIJON JOSE b SIDHARTH	39647385	1973340	GTCC - Spring League 2026	12	TENNIS
B	24557642	2	Whitby warriors	Rajiv Mishra	4	8	0	0	50.00	RHB	b Vishal Sharma	50068951	1973340	GTCC - Spring League 2026	12	TENNIS
B	24557642	2	Whitby warriors	Harmanpreet Singh	9	7	0	1	128.57	RHB	c †Manu Rajan b SIDHARTH	50094181	1973340	GTCC - Spring League 2026	12	TENNIS
B	24557642	2	Whitby warriors	Saksham Arora	10	13	1	0	76.92	LHB	c SHEFFIN MOIDEEN b Manu Rajan	40779668	1973340	GTCC - Spring League 2026	12	TENNIS
B	24557642	2	Whitby warriors	Tarun jaswal	33	22	1	3	150.00	RHB	c Martin Sachin Cricket b Manu Rajan	30147776	1973340	GTCC - Spring League 2026	12	TENNIS
B	24557642	2	Whitby warriors	Neeraj Jindal	7	9	0	0	77.78	RHB	c Gokulraj Venugopal b Manu Rajan	50089490	1973340	GTCC - Spring League 2026	12	TENNIS
B	24557642	2	Whitby warriors	Akash Bhalla  (c)	7	4	0	1	175.00	RHB	c Milton p mathew b SIDHARTH	10133419	1973340	GTCC - Spring League 2026	12	TENNIS
B	24557642	2	Whitby warriors	Gurman Singh  (wk)	6	5	0	0	120.00	LHB	not out	50071259	1973340	GTCC - Spring League 2026	12	TENNIS
B	24557642	2	Whitby warriors	Rahul Kalra	0	1	0	0	0.00	RHB	not out	10138742	1973340	GTCC - Spring League 2026	12	TENNIS
W	24557642	2	Markham Challengers-GTCC	SIDHARTH  (c)	3	0	17	3	12	0	1	5	0	5.67	9386087	1973340	GTCC - Spring League 2026	12	TENNIS
W	24557642	2	Markham Challengers-GTCC	LIJON JOSE	1	0	10	0	2	0	1	1	0	10.00	21802533	1973340	GTCC - Spring League 2026	12	TENNIS
W	24557642	2	Markham Challengers-GTCC	Vishal Sharma	2	0	18	1	3	1	1	0	0	9.00	50639638	1973340	GTCC - Spring League 2026	12	TENNIS
W	24557642	2	Markham Challengers-GTCC	Mohamed Muhsin	2	0	16	0	1	0	1	0	0	8.00	14452372	1973340	GTCC - Spring League 2026	12	TENNIS
W	24557642	2	Markham Challengers-GTCC	Manu Rajan	3	0	16	3	12	1	1	1	0	5.33	23101507	1973340	GTCC - Spring League 2026	12	TENNIS
W	24557642	2	Markham Challengers-GTCC	Gokulraj Venugopal	0.5	0	7	0	2	0	0	1	0	8.40	16136970	1973340	GTCC - Spring League 2026	12	TENNIS
B	25321283	1	Phoenix Youngsters	Prasanth Pillai	39	31	1	3	125.81	RHB	c Chinmay b Praveen Pesala	27671092	1973340	GTCC - Spring League 2026	12	TENNIS
B	25321283	1	Phoenix Youngsters	Shobith Balakrishnan	17	14	1	0	121.43	RHB	c †Sunny Sharath b KRISHNA Mohan SETTY	27727065	1973340	GTCC - Spring League 2026	12	TENNIS
B	25321283	1	Phoenix Youngsters	Dheeraj Antony Phoenix 2025	9	8	0	1	112.50	RHB	c Prem b KRISHNA Mohan SETTY	39626145	1973340	GTCC - Spring League 2026	12	TENNIS
B	25321283	1	Phoenix Youngsters	Nirmal Joseph Abraham	7	6	0	1	116.67	RHB	c Manish Gidwani b Krishna	9001596	1973340	GTCC - Spring League 2026	12	TENNIS
B	25321283	1	Phoenix Youngsters	Anu Krishnan	15	8	1	1	187.50	RHB	not out	9017665	1973340	GTCC - Spring League 2026	12	TENNIS
B	25321283	1	Phoenix Youngsters	Akhil Mathew	4	3	0	0	133.33	RHB	c Manish Gidwani b Krishna	21845898	1973340	GTCC - Spring League 2026	12	TENNIS
B	25321283	1	Phoenix Youngsters	Sanjay S  (wk)	5	2	1	0	250.00	RHB	not out	27671100	1973340	GTCC - Spring League 2026	12	TENNIS
W	25321283	1	Toronto Jaguars	Manish Gidwani	2	0	24	0	2	1	1	1	0	12.00	30803809	1973340	GTCC - Spring League 2026	12	TENNIS
W	25321283	1	Toronto Jaguars	Krishna	2	0	11	2	6	1	0	0	0	5.50	16792823	1973340	GTCC - Spring League 2026	12	TENNIS
W	25321283	1	Toronto Jaguars	Mohit Sharma	2	0	16	0	5	0	1	0	0	8.00	20967947	1973340	GTCC - Spring League 2026	12	TENNIS
W	25321283	1	Toronto Jaguars	KRISHNA Mohan SETTY	3	0	29	2	7	2	2	0	0	9.67	31956251	1973340	GTCC - Spring League 2026	12	TENNIS
W	25321283	1	Toronto Jaguars	Praveen Pesala  (c)	2	0	18	1	6	0	2	2	0	9.00	32222868	1973340	GTCC - Spring League 2026	12	TENNIS
W	25321283	1	Toronto Jaguars	Akshay Kumar	1	0	2	0	4	0	0	0	0	2.00	30175036	1973340	GTCC - Spring League 2026	12	TENNIS
B	25321283	2	Toronto Jaguars	Chinmay	0	1	0	0	0.00	RHB	b Ditto Jose	50014048	1973340	GTCC - Spring League 2026	12	TENNIS
B	25321283	2	Toronto Jaguars	Praveen Pesala  (c)	2	2	0	0	100.00	RHB	c †Sanjay S b Nirmal Joseph Abraham	32222868	1973340	GTCC - Spring League 2026	12	TENNIS
B	25321283	2	Toronto Jaguars	Akshay Kumar	6	8	0	1	75.00	RHB	b Nirmal Joseph Abraham	30175036	1973340	GTCC - Spring League 2026	12	TENNIS
B	25321283	2	Toronto Jaguars	Manish Gidwani	34	23	2	2	147.83	RHB	c Christo Joseph b Ditto Jose	30803809	1973340	GTCC - Spring League 2026	12	TENNIS
B	25321283	2	Toronto Jaguars	Mohit Sharma	8	9	0	1	88.89	RHB	c †Sanjay S b Akhil Mathew	20967947	1973340	GTCC - Spring League 2026	12	TENNIS
B	25321283	2	Toronto Jaguars	Sunny Sharath  (wk)	5	6	0	0	83.33	RHB	c Nirmal Joseph Abraham b Anu Krishnan	23847219	1973340	GTCC - Spring League 2026	12	TENNIS
B	25321283	2	Toronto Jaguars	Prem	0	2	0	0	0.00	LHB	b Anu Krishnan	16792486	1973340	GTCC - Spring League 2026	12	TENNIS
B	25321283	2	Toronto Jaguars	KRISHNA Mohan SETTY	1	7	0	0	14.29	RHB	b Ditto Jose	31956251	1973340	GTCC - Spring League 2026	12	TENNIS
B	25321283	2	Toronto Jaguars	Akshay George	19	9	0	2	211.11	RHB	run out Akhil Mathew / † Sanjay S	40601434	1973340	GTCC - Spring League 2026	12	TENNIS
B	25321283	2	Toronto Jaguars	Krishna	2	5	0	0	40.00	RHB	not out	16792823	1973340	GTCC - Spring League 2026	12	TENNIS
B	25321283	2	Toronto Jaguars	Syam Akilesh	0	1	0	0	0.00	RHB	st †Sanjay S b Ditto Jose	9513914	1973340	GTCC - Spring League 2026	12	TENNIS
W	25321283	2	Phoenix Youngsters	Ditto Jose  (c)	3	0	26	4	12	0	3	2	0	8.67	27671072	1973340	GTCC - Spring League 2026	12	TENNIS
W	25321283	2	Phoenix Youngsters	Nirmal Joseph Abraham	2	0	16	2	9	0	0	9	1	8.00	9001596	1973340	GTCC - Spring League 2026	12	TENNIS
W	25321283	2	Phoenix Youngsters	Anu Krishnan	3	0	16	2	9	0	1	0	0	5.33	9017665	1973340	GTCC - Spring League 2026	12	TENNIS
W	25321283	2	Phoenix Youngsters	Akhil Mathew	2	0	22	1	4	2	1	3	0	11.00	21845898	1973340	GTCC - Spring League 2026	12	TENNIS
W	25321283	2	Phoenix Youngsters	Dheeraj Antony Phoenix 2025	1	0	10	0	1	0	1	0	0	10.00	39626145	1973340	GTCC - Spring League 2026	12	TENNIS
W	25321283	2	Phoenix Youngsters	Arun Raj Somasekharan Nair	1	0	3	0	4	0	0	0	0	3.00	21088621	1973340	GTCC - Spring League 2026	12	TENNIS
B	25318393	1	TCF DCC	Abhinay	13	14	2	0	92.86	RHB	c †Sunny Sharath b KRISHNA Mohan SETTY	104346	1973340	GTCC - Spring League 2026	12	TENNIS
B	25318393	1	TCF DCC	Rahush	3	5	0	0	60.00	RHB	b Krishna	1050410	1973340	GTCC - Spring League 2026	12	TENNIS
B	25318393	1	TCF DCC	Chandan Volkaji	5	9	0	0	55.56	RHB	c Praveen Pesala b Akshay George	31779636	1973340	GTCC - Spring League 2026	12	TENNIS
B	25318393	1	TCF DCC	Teja Kokkula  (wk)	17	15	1	0	113.33	RHB	c Manish Gidwani b Chinmay	14055267	1973340	GTCC - Spring League 2026	12	TENNIS
B	25318393	1	TCF DCC	Gowtham Vemareddy	12	8	1	0	150.00	RHB	c †Sunny Sharath b Akshay George	14762600	1973340	GTCC - Spring League 2026	12	TENNIS
B	25318393	1	TCF DCC	Aftab	22	12	0	2	183.33	RHB	c Chinmay b Praveen Pesala	1541269	1973340	GTCC - Spring League 2026	12	TENNIS
B	25318393	1	TCF DCC	Praveen Reddy	0	1	0	0	0.00	LHB	c Prem b Praveen Pesala	5413093	1973340	GTCC - Spring League 2026	12	TENNIS
B	25318393	1	TCF DCC	Sudheer Aki  (c)	8	5	0	1	160.00	RHB	c Mohit Sharma b Chinmay	14762522	1973340	GTCC - Spring League 2026	12	TENNIS
B	25318393	1	TCF DCC	Akhil Reddy	4	2	1	0	200.00	RHB	c †Sunny Sharath b Chinmay	5549928	1973340	GTCC - Spring League 2026	12	TENNIS
B	25318393	1	TCF DCC	JayaKrishna Gujjari	1	1	0	0	100.00	RHB	not out	1225653	1973340	GTCC - Spring League 2026	12	TENNIS
W	25318393	1	Toronto Jaguars	Krishna	3	0	15	1	10	0	1	0	0	5.00	16792823	1973340	GTCC - Spring League 2026	12	TENNIS
W	25318393	1	Toronto Jaguars	KRISHNA Mohan SETTY	2	0	14	1	6	2	0	1	0	7.00	31956251	1973340	GTCC - Spring League 2026	12	TENNIS
W	25318393	1	Toronto Jaguars	Akshay George	3	0	24	2	5	0	1	0	0	8.00	40601434	1973340	GTCC - Spring League 2026	12	TENNIS
W	25318393	1	Toronto Jaguars	Chinmay	2	0	15	3	5	2	0	1	0	7.50	50014048	1973340	GTCC - Spring League 2026	12	TENNIS
W	25318393	1	Toronto Jaguars	Praveen Pesala  (c)	2	0	22	2	3	1	1	3	0	11.00	32222868	1973340	GTCC - Spring League 2026	12	TENNIS
B	25318393	2	Toronto Jaguars	Manish Gidwani	5	11	0	0	45.45	RHB	c Akhil Reddy b Sudheer Aki	30803809	1973340	GTCC - Spring League 2026	12	TENNIS
B	25318393	2	Toronto Jaguars	Prem	0	5	0	0	0.00	LHB	c Praveen Reddy b Akhil Reddy	16792486	1973340	GTCC - Spring League 2026	12	TENNIS
B	25318393	2	Toronto Jaguars	Mohit Sharma	0	3	0	0	0.00	RHB	c Praveen Reddy b Akhil Reddy	20967947	1973340	GTCC - Spring League 2026	12	TENNIS
B	25318393	2	Toronto Jaguars	Sunny Sharath  (wk)	16	10	1	1	160.00	RHB	c Akhil Reddy b Sankethreddy	23847219	1973340	GTCC - Spring League 2026	12	TENNIS
B	25318393	2	Toronto Jaguars	KRISHNA Mohan SETTY	3	5	0	0	60.00	RHB	c Sudheer Aki b Praveen Reddy	31956251	1973340	GTCC - Spring League 2026	12	TENNIS
B	25318393	2	Toronto Jaguars	Akshay Kumar	0	2	0	0	0.00	RHB	c Akhil Reddy b Praveen Reddy	30175036	1973340	GTCC - Spring League 2026	12	TENNIS
B	25318393	2	Toronto Jaguars	Praveen Pesala  (c)	0	2	0	0	0.00	RHB	c †Teja Kokkula b Sankethreddy	32222868	1973340	GTCC - Spring League 2026	12	TENNIS
B	25318393	2	Toronto Jaguars	Akshay George	1	3	0	0	33.33	RHB	b Praveen Reddy	40601434	1973340	GTCC - Spring League 2026	12	TENNIS
B	25318393	2	Toronto Jaguars	Syam Akilesh	1	5	0	0	20.00	RHB	c †Teja Kokkula b Sankethreddy	9513914	1973340	GTCC - Spring League 2026	12	TENNIS
B	25318393	2	Toronto Jaguars	Chinmay	10	16	1	0	62.50	RHB	c Sudheer Aki b Aftab	50014048	1973340	GTCC - Spring League 2026	12	TENNIS
B	25318393	2	Toronto Jaguars	Krishna	6	7	1	0	85.71	RHB	not out	16792823	1973340	GTCC - Spring League 2026	12	TENNIS
W	25318393	2	TCF DCC	Akhil Reddy	2	0	4	2	9	0	0	0	0	2.00	5549928	1973340	GTCC - Spring League 2026	12	TENNIS
W	25318393	2	TCF DCC	Sudheer Aki  (c)	2	0	6	1	9	1	0	0	0	3.00	14762522	1973340	GTCC - Spring League 2026	12	TENNIS
W	25318393	2	TCF DCC	Praveen Reddy	3	0	6	3	14	0	0	1	0	2.00	5413093	1973340	GTCC - Spring League 2026	12	TENNIS
W	25318393	2	TCF DCC	Sankethreddy	2	0	13	3	6	0	1	0	0	6.50	39355221	1973340	GTCC - Spring League 2026	12	TENNIS
W	25318393	2	TCF DCC	JayaKrishna Gujjari	1	0	10	0	2	2	0	0	0	10.00	1225653	1973340	GTCC - Spring League 2026	12	TENNIS
W	25318393	2	TCF DCC	Rahush	1	0	3	0	4	0	0	1	0	3.00	1050410	1973340	GTCC - Spring League 2026	12	TENNIS
W	25318393	2	TCF DCC	Aftab	0.3	0	2	1	2	0	0	0	0	4.00	1541269	1973340	GTCC - Spring League 2026	12	TENNIS
B	24327389	1	Toronto valiant knights	Rubaiat Rabby	1	2	0	0	50.00	RHB	c Gowtham Vemareddy b Akhil Reddy	15564727	1973340	GTCC - Spring League 2026	12	TENNIS
B	24327389	1	Toronto valiant knights	NagaRaju Bolla	4	9	0	0	44.44	LHB	c Aftab b Akhil Reddy	32364090	1973340	GTCC - Spring League 2026	12	TENNIS
B	24327389	1	Toronto valiant knights	Arunachalam DhakshinaMurthy	0	3	0	0	0.00	RHB	c Sankethreddy b Akhil Reddy	39493811	1973340	GTCC - Spring League 2026	12	TENNIS
B	24327389	1	Toronto valiant knights	Sujith Kumar	5	6	0	0	83.33	RHB	c †Teja Kokkula b Sankethreddy	15333613	1973340	GTCC - Spring League 2026	12	TENNIS
B	24327389	1	Toronto valiant knights	Naveen Manivannan	9	14	0	1	64.29	RHB	c&b Praveen Reddy	41868061	1973340	GTCC - Spring League 2026	12	TENNIS
B	24327389	1	Toronto valiant knights	Naga Praveen	56	26	1	6	215.38	LHB	not out	23358772	1973340	GTCC - Spring League 2026	12	TENNIS
B	24327389	1	Toronto valiant knights	Lokeswar Pamarthi	3	5	0	0	60.00	RHB	c †Teja Kokkula b Praveen Reddy	31721859	1973340	GTCC - Spring League 2026	12	TENNIS
B	24327389	1	Toronto valiant knights	Siranjeevi nandagopal	0	5	0	0	0.00	RHB	c †Teja Kokkula b Sudheer Aki	32560733	1973340	GTCC - Spring League 2026	12	TENNIS
B	24327389	1	Toronto valiant knights	K Partha Sarathy	8	2	2	0	400.00	RHB	not out	31983408	1973340	GTCC - Spring League 2026	12	TENNIS
W	24327389	1	TCF DCC	Akhil Reddy	2	0	6	3	9	0	0	2	0	3.00	5549928	1973340	GTCC - Spring League 2026	12	TENNIS
W	24327389	1	TCF DCC	Sankethreddy	2	0	8	1	7	0	0	1	0	4.00	39355221	1973340	GTCC - Spring League 2026	12	TENNIS
W	24327389	1	TCF DCC	Gowtham Vemareddy	2	0	31	0	3	0	4	1	0	15.50	14762600	1973340	GTCC - Spring League 2026	12	TENNIS
W	24327389	1	TCF DCC	JayaKrishna Gujjari	1	0	9	0	3	0	1	0	0	9.00	1225653	1973340	GTCC - Spring League 2026	12	TENNIS
W	24327389	1	TCF DCC	Praveen Reddy	3	0	21	2	9	1	1	2	0	7.00	5413093	1973340	GTCC - Spring League 2026	12	TENNIS
W	24327389	1	TCF DCC	Sudheer Aki  (c)	2	0	17	1	6	2	1	0	0	8.50	14762522	1973340	GTCC - Spring League 2026	12	TENNIS
B	24327389	2	TCF DCC	Rushi Mannepalli	4	4	0	0	100.00	RHB	c Kaushik Jagadeesan b Joydip kirtunia	14762497	1973340	GTCC - Spring League 2026	12	TENNIS
B	24327389	2	TCF DCC	Rahush	23	27	2	0	85.19	RHB	not out	1050410	1973340	GTCC - Spring League 2026	12	TENNIS
B	24327389	2	TCF DCC	Sudheer Aki  (c)	31	21	1	3	147.62	RHB	run out Arunachalam DhakshinaMurthy	14762522	1973340	GTCC - Spring League 2026	12	TENNIS
B	24327389	2	TCF DCC	Aftab	24	11	0	3	218.18	RHB	not out	1541269	1973340	GTCC - Spring League 2026	12	TENNIS
W	24327389	2	Toronto valiant knights	Joydip kirtunia	3	0	18	1	11	1	0	2	2	6.00	49764760	1973340	GTCC - Spring League 2026	12	TENNIS
W	24327389	2	Toronto valiant knights	NagaRaju Bolla	2	0	27	0	4	1	3	1	0	13.50	32364090	1973340	GTCC - Spring League 2026	12	TENNIS
W	24327389	2	Toronto valiant knights	Lokeswar Pamarthi	2	0	17	0	5	1	1	1	0	8.50	31721859	1973340	GTCC - Spring League 2026	12	TENNIS
W	24327389	2	Toronto valiant knights	K Partha Sarathy	1	0	9	0	2	0	0	3	0	9.00	31983408	1973340	GTCC - Spring League 2026	12	TENNIS
W	24327389	2	Toronto valiant knights	Naga Praveen	2.1	0	21	0	3	0	2	0	0	9.69	23358772	1973340	GTCC - Spring League 2026	12	TENNIS
B	24327386	1	Nizam royal knights	Srikanth Reddy P	16	11	2	1	145.45	RHB	c †Aashish TIWARI b Rajesh seelam	9118169	1973340	GTCC - Spring League 2026	12	TENNIS
B	24327386	1	Nizam royal knights	Pranay Reddy	20	11	1	1	181.82	RHB	b Rajesh seelam	18543580	1973340	GTCC - Spring League 2026	12	TENNIS
B	24327386	1	Nizam royal knights	Gopikrishna reddy	1	4	0	0	25.00	RHB	c Sahil Thareja b Ashu Sharma	16013884	1973340	GTCC - Spring League 2026	12	TENNIS
B	24327386	1	Nizam royal knights	Ashok Vatrapu	7	5	0	1	140.00	RHB	c Chetan b Karan Bajwa	21362452	1973340	GTCC - Spring League 2026	12	TENNIS
B	24327386	1	Nizam royal knights	Rajpal Reddy	13	16	1	0	81.25	RHB	b Navdeep Singh	22695075	1973340	GTCC - Spring League 2026	12	TENNIS
B	24327386	1	Nizam royal knights	Anvesh Reddy  (c)	0	4	0	0	0.00	RHB	b Ashu Sharma	30346362	1973340	GTCC - Spring League 2026	12	TENNIS
B	24327386	1	Nizam royal knights	Raghu Reddy	1	3	0	0	33.33	RHB	c Japnam Singh b Karan Bajwa	15998250	1973340	GTCC - Spring League 2026	12	TENNIS
B	24327386	1	Nizam royal knights	Charith Reddy	8	5	0	1	160.00	RHB	c Japnam Singh b Ashu Sharma	16203159	1973340	GTCC - Spring League 2026	12	TENNIS
B	24327386	1	Nizam royal knights	SaiKumar Kothakapu	0	2	0	0	0.00	RHB	c Amandeep Singh b Ashu Sharma	27674048	1973340	GTCC - Spring League 2026	12	TENNIS
B	24327386	1	Nizam royal knights	Kishore DK	0	2	0	0	0.00	LHB	c Rajesh seelam b Ashu Sharma	21832964	1973340	GTCC - Spring League 2026	12	TENNIS
B	24327386	1	Nizam royal knights	Maniteja Yerra	0	0	0	0	0.00	RHB	not out	22695071	1973340	GTCC - Spring League 2026	12	TENNIS
W	24327386	1	Friends United	Navdeep Singh	2.2	0	22	1	6	3	1	0	0	9.43	39095211	1973340	GTCC - Spring League 2026	12	TENNIS
W	24327386	1	Friends United	Rajesh seelam	2	0	16	2	6	0	1	1	0	8.00	32057148	1973340	GTCC - Spring League 2026	12	TENNIS
W	24327386	1	Friends United	Ashu Sharma	3	0	7	5	12	0	0	1	0	2.33	6562419	1973340	GTCC - Spring League 2026	12	TENNIS
W	24327386	1	Friends United	Karan Bajwa	2	0	18	2	6	1	1	2	1	9.00	6249085	1973340	GTCC - Spring League 2026	12	TENNIS
W	24327386	1	Friends United	Saurav  (c)	1	0	10	0	3	0	1	2	0	10.00	38188893	1973340	GTCC - Spring League 2026	12	TENNIS
B	24327386	2	Friends United	Saurav  (c)	20	20	1	1	100.00	RHB	not out	38188893	1973340	GTCC - Spring League 2026	12	TENNIS
B	24327386	2	Friends United	Chetan	53	18	5	5	294.44	RHB	not out	22115674	1973340	GTCC - Spring League 2026	12	TENNIS
W	24327386	2	Nizam royal knights	Maniteja Yerra	2	0	28	0	4	3	2	0	0	14.00	22695071	1973340	GTCC - Spring League 2026	12	TENNIS
W	24327386	2	Nizam royal knights	Ashok Vatrapu	2	0	24	0	5	2	2	1	0	12.00	21362452	1973340	GTCC - Spring League 2026	12	TENNIS
W	24327386	2	Nizam royal knights	SaiKumar Kothakapu	1	0	9	0	3	0	1	1	0	9.00	27674048	1973340	GTCC - Spring League 2026	12	TENNIS
W	24327386	2	Nizam royal knights	Pranay Reddy	1	0	11	0	2	0	1	1	0	11.00	18543580	1973340	GTCC - Spring League 2026	12	TENNIS
W	24327386	2	Nizam royal knights	Srikanth Reddy P	0.2	0	4	0	1	1	0	0	0	12.00	9118169	1973340	GTCC - Spring League 2026	12	TENNIS
B	24327400	1	Deccan Avengers	Anudeep Baganarapu  (c)	6	9	0	0	66.67	RHB	c †Naveen Manivannan b NagaRaju Bolla	39217407	1973340	GTCC - Spring League 2026	12	TENNIS
B	24327400	1	Deccan Avengers	Avinash	9	13	0	0	69.23	RHB	c †Naveen Manivannan b Lokeswar Pamarthi	30683148	1973340	GTCC - Spring League 2026	12	TENNIS
B	24327400	1	Deccan Avengers	Manoj Gayam	11	16	0	0	68.75	RHB	b Naga Praveen	39879802	1973340	GTCC - Spring League 2026	12	TENNIS
B	24327400	1	Deccan Avengers	Harjeet Maan  (wk)	1	3	0	0	33.33	LHB	b Lokeswar Pamarthi	39512592	1973340	GTCC - Spring League 2026	12	TENNIS
B	24327400	1	Deccan Avengers	Ganesh	4	8	0	0	50.00	RHB	b Naga Praveen	23100592	1973340	GTCC - Spring League 2026	12	TENNIS
B	24327400	1	Deccan Avengers	Kishore Nomula	6	6	1	0	100.00	RHB	b MAHESH THUMMALA	39217424	1973340	GTCC - Spring League 2026	12	TENNIS
B	24327400	1	Deccan Avengers	Manu Chowdary	9	9	0	0	100.00	RHB	not out	31933873	1973340	GTCC - Spring League 2026	12	TENNIS
B	24327400	1	Deccan Avengers	Saikiran Thota	2	2	0	0	100.00	RHB	c †Naveen Manivannan b Joydip kirtunia	30683435	1973340	GTCC - Spring League 2026	12	TENNIS
B	24327400	1	Deccan Avengers	Sai charan	13	8	2	0	162.50	RHB	run out MAHESH THUMMALA / MAHESH THUMMALA	31253860	1973340	GTCC - Spring League 2026	12	TENNIS
W	24327400	1	Toronto valiant knights	Joydip kirtunia	3	0	17	1	7	1	0	0	1	5.67	49764760	1973340	GTCC - Spring League 2026	12	TENNIS
W	24327400	1	Toronto valiant knights	NagaRaju Bolla	2	0	10	1	3	0	0	0	0	5.00	32364090	1973340	GTCC - Spring League 2026	12	TENNIS
W	24327400	1	Toronto valiant knights	Lokeswar Pamarthi	2	0	8	2	6	0	0	1	0	4.00	31721859	1973340	GTCC - Spring League 2026	12	TENNIS
W	24327400	1	Toronto valiant knights	Naga Praveen	3	0	14	2	9	1	0	0	0	4.67	23358772	1973340	GTCC - Spring League 2026	12	TENNIS
W	24327400	1	Toronto valiant knights	MAHESH THUMMALA	2	0	16	1	5	1	0	1	1	8.00	23337751	1973340	GTCC - Spring League 2026	12	TENNIS
B	24327400	2	Toronto valiant knights	Rubaiat Rabby	43	20	2	4	215.00	RHB	b Anudeep Baganarapu	15564727	1973340	GTCC - Spring League 2026	12	TENNIS
B	24327400	2	Toronto valiant knights	NagaRaju Bolla	5	9	0	0	55.56	LHB	c †Harjeet Maan b Ganesh	32364090	1973340	GTCC - Spring League 2026	12	TENNIS
B	24327400	2	Toronto valiant knights	Arunachalam DhakshinaMurthy  (c)	9	9	0	1	100.00	RHB	not out	39493811	1973340	GTCC - Spring League 2026	12	TENNIS
B	24327400	2	Toronto valiant knights	Lokeswar Pamarthi	4	1	1	0	400.00	RHB	not out	31721859	1973340	GTCC - Spring League 2026	12	TENNIS
W	24327400	2	Deccan Avengers	Saikiran Thota	2	0	22	0	4	1	2	0	0	11.00	30683435	1973340	GTCC - Spring League 2026	12	TENNIS
W	24327400	2	Deccan Avengers	Kishore Nomula	1	0	9	0	2	1	0	1	0	9.00	39217424	1973340	GTCC - Spring League 2026	12	TENNIS
W	24327400	2	Deccan Avengers	Ganesh	2	0	19	1	5	0	2	1	1	9.50	23100592	1973340	GTCC - Spring League 2026	12	TENNIS
W	24327400	2	Deccan Avengers	Manoj Kumar Gunda	1	0	12	0	2	0	1	2	0	12.00	22916115	1973340	GTCC - Spring League 2026	12	TENNIS
W	24327400	2	Deccan Avengers	Anudeep Baganarapu  (c)	0.2	0	4	1	1	1	0	0	0	12.00	39217407	1973340	GTCC - Spring League 2026	12	TENNIS
B	24327397	1	Royal Punjab	Jugraj Singh	7	12	0	0	58.33	RHB	run out Mangesh p / Mohit Palkar	41127561	1973340	GTCC - Spring League 2026	12	TENNIS
B	24327397	1	Royal Punjab	Jaskaran 	55	35	2	5	157.14	RHB	not out	39251673	1973340	GTCC - Spring League 2026	12	TENNIS
B	24327397	1	Royal Punjab	Prince	17	11	0	2	154.55	RHB	c Sai Prakash Balamandakottam b Ajit Parab	23012388	1973340	GTCC - Spring League 2026	12	TENNIS
B	24327397	1	Royal Punjab	Bikramjeet singh	13	15	0	0	86.67	RHB	run out Shantanu VedePatil / Vishv Chaudhari	41099524	1973340	GTCC - Spring League 2026	12	TENNIS
W	24327397	1	team4869028	Vishv Chaudhari	3	0	9	0	11	0	0	1	0	3.00	24787292	1973340	GTCC - Spring League 2026	12	TENNIS
W	24327397	1	team4869028	Tanishq B	3	0	24	0	6	0	2	1	0	8.00	23168646	1973340	GTCC - Spring League 2026	12	TENNIS
W	24327397	1	team4869028	Ajit Parab  (c)	2	0	19	1	3	0	1	2	1	9.50	23168749	1973340	GTCC - Spring League 2026	12	TENNIS
W	24327397	1	team4869028	Sai Prakash Balamandakottam	1	0	13	0	3	0	2	0	0	13.00	9729000	1973340	GTCC - Spring League 2026	12	TENNIS
W	24327397	1	team4869028	Digil davis	2	0	20	0	2	1	1	0	0	10.00	21961653	1973340	GTCC - Spring League 2026	12	TENNIS
W	24327397	1	team4869028	Pratik Udawant	1	0	12	0	2	1	1	0	0	12.00	31286233	1973340	GTCC - Spring League 2026	12	TENNIS
B	24327397	2	team4869028	Vivin Thomas	12	7	0	2	171.43	RHB	c Lovepreet Khosa b Amrit Amrit	21919124	1973340	GTCC - Spring League 2026	12	TENNIS
B	24327397	2	team4869028	Keval Kadam	1	3	0	0	33.33	RHB	c Lovepreet Khosa b Amritpal  Singh	9175068	1973340	GTCC - Spring League 2026	12	TENNIS
B	24327397	2	team4869028	Mohit Palkar	1	4	0	0	25.00	RHB	b Lovepreet Khosa	30088867	1973340	GTCC - Spring League 2026	12	TENNIS
B	24327397	2	team4869028	Digil davis	6	2	0	1	300.00	RHB	c Gurwinder Toor b Lovepreet Khosa	21961653	1973340	GTCC - Spring League 2026	12	TENNIS
B	24327397	2	team4869028	Kunal Ghaware	7	12	1	0	58.33	RHB	b Amrit Amrit	32815971	1973340	GTCC - Spring League 2026	12	TENNIS
B	24327397	2	team4869028	Pratik Udawant	1	3	0	0	33.33	RHB	c&b Lovepreet Khosa	31286233	1973340	GTCC - Spring League 2026	12	TENNIS
B	24327397	2	team4869028	Sai Prakash Balamandakottam	1	2	0	0	50.00	RHB	c Amrit Amrit b Jasandeep Jasandeep	9729000	1973340	GTCC - Spring League 2026	12	TENNIS
B	24327397	2	team4869028	Vishv Chaudhari	7	12	1	0	58.33	RHB	c †Vikram Singh b Ashu Sharma	24787292	1973340	GTCC - Spring League 2026	12	TENNIS
B	24327397	2	team4869028	Shantanu VedePatil	2	9	0	0	22.22	RHB	b Amritpal  Singh	32590912	1973340	GTCC - Spring League 2026	12	TENNIS
B	24327397	2	team4869028	Ajit Parab  (c)	3	9	0	0	33.33	RHB	not out	23168749	1973340	GTCC - Spring League 2026	12	TENNIS
B	24327397	2	team4869028	Mangesh p	0	5	0	0	0.00	RHB	b Lovepreet Khosa	23041375	1973340	GTCC - Spring League 2026	12	TENNIS
W	24327397	2	Royal Punjab	Parbjot Singh Aulakh	1	0	12	0	4	0	2	0	0	12.00	41091824	1973340	GTCC - Spring League 2026	12	TENNIS
W	24327397	2	Royal Punjab	Amrit Amrit	1.3	0	3	2	6	0	0	0	0	2.00	41671523	1973340	GTCC - Spring League 2026	12	TENNIS
W	24327397	2	Royal Punjab	Amritpal  Singh	2.3	0	9	2	11	1	0	1	0	3.60	41127556	1973340	GTCC - Spring League 2026	12	TENNIS
W	24327397	2	Royal Punjab	Lovepreet Khosa	3	0	16	4	11	0	1	2	0	5.33	41122178	1973340	GTCC - Spring League 2026	12	TENNIS
W	24327397	2	Royal Punjab	Jasandeep Jasandeep  (c)	2	1	9	1	10	1	0	1	2	4.50	41089636	1973340	GTCC - Spring League 2026	12	TENNIS
W	24327397	2	Royal Punjab	Ashu Sharma	1	0	1	1	6	0	0	1	0	1.00	41099374	1973340	GTCC - Spring League 2026	12	TENNIS
B	24327392	1	Royal Punjab	Jugraj Singh	20	27	1	1	74.07	RHB	c Sachin Satheesan b Siva Ganesh Medisetti	41127561	1973340	GTCC - Spring League 2026	12	TENNIS
B	24327392	1	Royal Punjab	Jaskaran 	56	14	3	7	400.00	RHB	c Yadukumar Jayakumar b Raj Pradeep Rajendran	39251673	1973340	GTCC - Spring League 2026	12	TENNIS
B	24327392	1	Royal Punjab	Prince	0	2	0	0	0.00	RHB	c Siva Ganesh Medisetti b Ashin	23012388	1973340	GTCC - Spring League 2026	12	TENNIS
B	24327392	1	Royal Punjab	Lovepreet Khosa	68	20	1	10	340.00	RHB	c Ajith Kumar AA b Jaison Varghese	41122178	1973340	GTCC - Spring League 2026	12	TENNIS
B	24327392	1	Royal Punjab	Bikramjeet singh	11	4	1	1	275.00	RHB	c&b Ajith Kumar AA	41099524	1973340	GTCC - Spring League 2026	12	TENNIS
B	24327392	1	Royal Punjab	Amrit Amrit	14	5	0	2	280.00	RHB	not out	41671523	1973340	GTCC - Spring League 2026	12	TENNIS
B	24327392	1	Royal Punjab	Amritpal  Singh	4	2	1	0	200.00	RHB	c Sachin Satheesan b Ajith Kumar AA	41127556	1973340	GTCC - Spring League 2026	12	TENNIS
W	24327392	1	Markham Shots	Sachin Satheesan	2	0	36	0	5	2	4	2	0	18.00	49913756	1973340	GTCC - Spring League 2026	12	TENNIS
W	24327392	1	Markham Shots	Yadukumar Jayakumar	1	0	23	0	1	1	3	0	0	23.00	41966225	1973340	GTCC - Spring League 2026	12	TENNIS
W	24327392	1	Markham Shots	Raj Pradeep Rajendran	2	0	23	1	4	1	2	2	0	11.50	42165773	1973340	GTCC - Spring League 2026	12	TENNIS
W	24327392	1	Markham Shots	Ashin  (c)	2	0	32	1	4	1	4	0	1	16.00	9861238	1973340	GTCC - Spring League 2026	12	TENNIS
W	24327392	1	Markham Shots	Rakesh	1	0	19	0	2	0	3	0	0	19.00	25399146	1973340	GTCC - Spring League 2026	12	TENNIS
W	24327392	1	Markham Shots	Ajith Kumar AA	2	0	28	2	4	1	3	2	0	14.00	21879972	1973340	GTCC - Spring League 2026	12	TENNIS
W	24327392	1	Markham Shots	Siva Ganesh Medisetti	1	0	8	1	3	1	0	1	1	8.00	49884027	1973340	GTCC - Spring League 2026	12	TENNIS
W	24327392	1	Markham Shots	Jaison Varghese	1	0	18	1	2	0	2	4	0	18.00	49882924	1973340	GTCC - Spring League 2026	12	TENNIS
B	24327392	2	Markham Shots	Ajith Kumar AA	9	9	1	0	100.00	RHB	run out Jugraj Singh / Jugraj Singh	21879972	1973340	GTCC - Spring League 2026	12	TENNIS
B	24327392	2	Markham Shots	Indrajith Das	0	2	0	0	0.00	RHB	c Prince b Jasandeep Jasandeep	24120932	1973340	GTCC - Spring League 2026	12	TENNIS
B	24327392	2	Markham Shots	Raj Pradeep Rajendran	0	1	0	0	0.00	RHB	c Parbjot Singh Aulakh b Jasandeep Jasandeep	42165773	1973340	GTCC - Spring League 2026	12	TENNIS
B	24327392	2	Markham Shots	Ashin  (c)	34	20	0	5	170.00	RHB	st †Vikram Singh b Ashu Sharma	9861238	1973340	GTCC - Spring League 2026	12	TENNIS
B	24327392	2	Markham Shots	Jaison Varghese	0	2	0	0	0.00	RHB	c †Vikram Singh b Amritpal  Singh	49882924	1973340	GTCC - Spring League 2026	12	TENNIS
B	24327392	2	Markham Shots	Vasanth Paul J	0	1	0	0	0.00	RHB	b Amritpal  Singh	31907587	1973340	GTCC - Spring League 2026	12	TENNIS
B	24327392	2	Markham Shots	Lijo John	0	4	0	0	0.00	RHB	b Amritpal  Singh	41976791	1973340	GTCC - Spring League 2026	12	TENNIS
B	24327392	2	Markham Shots	Rajeev Navayath	8	7	0	1	114.29	RHB	b Jasandeep Jasandeep	9632856	1973340	GTCC - Spring League 2026	12	TENNIS
B	24327392	2	Markham Shots	Yadukumar Jayakumar	6	4	1	0	150.00	RHB	c †Vikram Singh b Gurwinder Toor	41966225	1973340	GTCC - Spring League 2026	12	TENNIS
B	24327392	2	Markham Shots	Siva Ganesh Medisetti	0	1	0	0	0.00	RHB	b Gurwinder Toor	49884027	1973340	GTCC - Spring League 2026	12	TENNIS
B	24327392	2	Markham Shots	Sachin Satheesan	2	3	0	0	66.67	RHB	not out	49913756	1973340	GTCC - Spring League 2026	12	TENNIS
W	24327392	2	Royal Punjab	Jasandeep Jasandeep  (c)	2.5	0	28	3	10	0	4	1	0	9.88	41089636	1973340	GTCC - Spring League 2026	12	TENNIS
W	24327392	2	Royal Punjab	Amritpal  Singh	3	0	17	3	12	0	1	2	1	5.67	41127556	1973340	GTCC - Spring League 2026	12	TENNIS
W	24327392	2	Royal Punjab	Parbjot Singh Aulakh	1	0	6	0	4	1	0	0	0	6.00	41091824	1973340	GTCC - Spring League 2026	12	TENNIS
W	24327392	2	Royal Punjab	Ashu Sharma	1	0	10	1	4	1	1	0	0	10.00	41099374	1973340	GTCC - Spring League 2026	12	TENNIS
W	24327392	2	Royal Punjab	Gurwinder Toor	1	0	7	2	3	0	0	2	0	7.00	31489988	1973340	GTCC - Spring League 2026	12	TENNIS
B	24327407	1	DesiBoyz CC	Qayam Mir	6	5	1	0	120.00	RHB	c Dharmik Patel b Dev Sardar	39709744	1973340	GTCC - Spring League 2026	12	TENNIS
B	24327407	1	DesiBoyz CC	Moe Ali  (c)	10	10	0	0	100.00	RHB	c Dhruvik Gogna b Sukhpal Singh	49885150	1973340	GTCC - Spring League 2026	12	TENNIS
B	24327407	1	DesiBoyz CC	Amir Walajahi	2	5	0	0	40.00	RHB	c Dharmik Patel b Ankur Sharma	49940875	1973340	GTCC - Spring League 2026	12	TENNIS
B	24327407	1	DesiBoyz CC	Syyid Muhammed Ali Zainulabideen	9	13	1	0	69.23	RHB	b Ravi	3186741	1973340	GTCC - Spring League 2026	12	TENNIS
B	24327407	1	DesiBoyz CC	Ali Syed	2	8	0	0	25.00	RHB	b Ankur Sharma	48840512	1973340	GTCC - Spring League 2026	12	TENNIS
B	24327407	1	DesiBoyz CC	Salman Mirza	3	5	0	0	60.00	RHB	c Ravi b Ankur Sharma	49940992	1973340	GTCC - Spring League 2026	12	TENNIS
B	24327407	1	DesiBoyz CC	Irfan Mirza	0	3	0	0	0.00	RHB	c Dev Sardar b Ravi	49943491	1973340	GTCC - Spring League 2026	12	TENNIS
B	24327407	1	DesiBoyz CC	Akber Hassan Syed	1	7	0	0	14.29	RHB	c Dharmik Patel b Ravi	49913221	1973340	GTCC - Spring League 2026	12	TENNIS
B	24327407	1	DesiBoyz CC	Abbas Mirza  (wk)	5	7	0	0	71.43	RHB	not out	49943493	1973340	GTCC - Spring League 2026	12	TENNIS
B	24327407	1	DesiBoyz CC	Ali Naqvi	1	2	0	0	50.00	RHB	run out Ankur Sharma / Dhruvik Gogna	49943492	1973340	GTCC - Spring League 2026	12	TENNIS
B	24327407	1	DesiBoyz CC	Askari Hasan	1	2	0	0	50.00	RHB	b Ravi	49940879	1973340	GTCC - Spring League 2026	12	TENNIS
W	24327407	1	PYO13	Sukhpal Singh	2	0	17	1	3	2	0	1	0	8.50	41804896	1973340	GTCC - Spring League 2026	12	TENNIS
W	24327407	1	PYO13	Dev Sardar	2	0	10	1	7	0	0	2	0	5.00	11402008	1973340	GTCC - Spring League 2026	12	TENNIS
W	24327407	1	PYO13	Ankur Sharma	3	1	6	3	12	0	0	0	0	2.00	7889875	1973340	GTCC - Spring League 2026	12	TENNIS
W	24327407	1	PYO13	Kushal Desai	2	0	8	0	6	0	0	0	0	4.00	31956726	1973340	GTCC - Spring League 2026	12	TENNIS
W	24327407	1	PYO13	Ravi	2.1	0	3	4	10	0	0	0	0	1.38	1153446	1973340	GTCC - Spring League 2026	12	TENNIS
B	24327407	2	PYO13	Dhruvik Gogna	9	13	1	0	69.23	RHB	c Syyid Muhammed Ali Zainulabideen b Amir Walajahi	23202313	1973340	GTCC - Spring League 2026	12	TENNIS
B	24327407	2	PYO13	Jaimin Kapdi	15	14	2	0	107.14	RHB	c †Abbas Mirza b Amir Walajahi	39359870	1973340	GTCC - Spring League 2026	12	TENNIS
B	24327407	2	PYO13	Harjot Singh Toor	10	9	0	1	111.11	RHB	not out	41538204	1973340	GTCC - Spring League 2026	12	TENNIS
B	24327407	2	PYO13	Dharmik Patel	0	1	0	0	0.00	RHB	c Akber Hassan Syed b Qayam Mir	23033837	1973340	GTCC - Spring League 2026	12	TENNIS
B	24327407	2	PYO13	Prince  (c)	3	6	0	0	50.00	RHB	not out	23202334	1973340	GTCC - Spring League 2026	12	TENNIS
W	24327407	2	DesiBoyz CC	Ali Syed	2	0	11	0	6	1	0	1	0	5.50	48840512	1973340	GTCC - Spring League 2026	12	TENNIS
W	24327407	2	DesiBoyz CC	Akber Hassan Syed	2	0	14	0	4	2	0	0	0	7.00	49913221	1973340	GTCC - Spring League 2026	12	TENNIS
W	24327407	2	DesiBoyz CC	Amir Walajahi	1.4	0	4	2	8	0	0	0	1	2.40	49940875	1973340	GTCC - Spring League 2026	12	TENNIS
W	24327407	2	DesiBoyz CC	Qayam Mir	1	0	15	1	2	0	1	3	2	15.00	39709744	1973340	GTCC - Spring League 2026	12	TENNIS
B	24327413	1	Whitby Thunderbolts Gtcc hard tennis	Sai Sharan Pandramish	13	14	0	0	92.86	RHB	c †Pawan Khaira b Guri	23646490	1973340	GTCC - Spring League 2026	12	TENNIS
B	24327413	1	Whitby Thunderbolts Gtcc hard tennis	Venkata Balaji Balabha Drapatruni	1	6	0	0	16.67	LHB	b Arpan Singh	23656575	1973340	GTCC - Spring League 2026	12	TENNIS
B	24327413	1	Whitby Thunderbolts Gtcc hard tennis	Jaswanth Reddy	8	15	0	0	53.33	RHB	c Amandeep Singh b Arpan Singh	22732988	1973340	GTCC - Spring League 2026	12	TENNIS
B	24327413	1	Whitby Thunderbolts Gtcc hard tennis	Junaid Usmani	19	21	0	2	90.48	RHB	c Arpan Singh b Guri	15998322	1973340	GTCC - Spring League 2026	12	TENNIS
B	24327413	1	Whitby Thunderbolts Gtcc hard tennis	Vishnu Pothugunta	27	15	1	2	180.00	RHB	c Arpan Singh b Satwinder Singh	19614396	1973340	GTCC - Spring League 2026	12	TENNIS
B	24327413	1	Whitby Thunderbolts Gtcc hard tennis	Chaitanya Tummala	3	1	0	0	300.00	LHB	not out	9213048	1973340	GTCC - Spring League 2026	12	TENNIS
W	24327413	1	team7410139	Amandeep Singh	3	0	17	0	8	0	1	0	0	5.67	41624226	1973340	GTCC - Spring League 2026	12	TENNIS
W	24327413	1	team7410139	Arpan Singh	3	1	11	2	10	0	0	1	0	3.67	31041170	1973340	GTCC - Spring League 2026	12	TENNIS
W	24327413	1	team7410139	Surjeet Singh	2	0	9	0	5	0	0	0	0	4.50	38766896	1973340	GTCC - Spring League 2026	12	TENNIS
W	24327413	1	team7410139	Guri	2	0	12	2	8	1	1	0	0	6.00	31537124	1973340	GTCC - Spring League 2026	12	TENNIS
W	24327413	1	team7410139	Satwinder Singh	2	0	23	1	4	0	2	0	0	11.50	42515588	1973340	GTCC - Spring League 2026	12	TENNIS
B	24327413	2	team7410139	Pawan Khaira  (wk)	9	13	0	0	69.23	RHB	c Chaitanya Tummala b Naren C	32888366	1973340	GTCC - Spring League 2026	12	TENNIS
B	24327413	2	team7410139	Sanjiv sharma	9	9	1	0	100.00	RHB	c Jaswanth Reddy b RamaRao Boyapati	39683013	1973340	GTCC - Spring League 2026	12	TENNIS
B	24327413	2	team7410139	Pardeep Singh	0	4	0	0	0.00	RHB	c †Srinivasu.K b RamaRao Boyapati	42485355	1973340	GTCC - Spring League 2026	12	TENNIS
B	24327413	2	team7410139	Sunny Bains	2	4	0	0	50.00	RHB	c Shravan Popuri b Naren C	40808518	1973340	GTCC - Spring League 2026	12	TENNIS
B	24327413	2	team7410139	Satwinder Singh	2	3	0	0	66.67	RHB	c Chaitanya Tummala b Sai Sharan Pandramish	42515588	1973340	GTCC - Spring League 2026	12	TENNIS
B	24327413	2	team7410139	Surjeet Singh	2	7	0	0	28.57	LHB	c Sai Sharan Pandramish b Vishnu Pothugunta	38766896	1973340	GTCC - Spring League 2026	12	TENNIS
B	24327413	2	team7410139	Guri	6	10	0	0	60.00	LHB	b RamaRao Boyapati	31537124	1973340	GTCC - Spring League 2026	12	TENNIS
B	24327413	2	team7410139	Amandeep Singh	12	15	0	0	80.00	RHB	c Chaitanya Tummala b RamaRao Boyapati	41624226	1973340	GTCC - Spring League 2026	12	TENNIS
B	24327413	2	team7410139	Arpan Singh	2	2	0	0	100.00	RHB	not out	31041170	1973340	GTCC - Spring League 2026	12	TENNIS
B	24327413	2	team7410139	Akashdeep Singh	0	2	0	0	0.00	RHB	c Naren C b Sai Sharan Pandramish	32913068	1973340	GTCC - Spring League 2026	12	TENNIS
B	24327413	2	team7410139	Ali Hakimi  (c)	0	1	0	0	0.00	RHB	c Chaitanya Tummala b Sai Sharan Pandramish	31612548	1973340	GTCC - Spring League 2026	12	TENNIS
W	24327413	2	Whitby Thunderbolts Gtcc hard tennis	Kiran Chigiri	2	0	16	0	5	1	0	2	0	8.00	22537910	1973340	GTCC - Spring League 2026	12	TENNIS
W	24327413	2	Whitby Thunderbolts Gtcc hard tennis	RamaRao Boyapati  (c)	3	0	5	4	14	0	0	0	0	1.67	24281581	1973340	GTCC - Spring League 2026	12	TENNIS
W	24327413	2	Whitby Thunderbolts Gtcc hard tennis	Naren C	2	0	7	2	6	0	0	0	0	3.50	24254648	1973340	GTCC - Spring League 2026	12	TENNIS
W	24327413	2	Whitby Thunderbolts Gtcc hard tennis	Sai Sharan Pandramish	2.4	0	12	3	10	0	0	5	0	4.50	23646490	1973340	GTCC - Spring League 2026	12	TENNIS
W	24327413	2	Whitby Thunderbolts Gtcc hard tennis	Vishnu Pothugunta	2	0	16	1	4	0	0	4	0	8.00	19614396	1973340	GTCC - Spring League 2026	12	TENNIS
B	24327405	1	DesiBoyz CC	Amir Walajahi	6	13	0	0	46.15	RHB	c Jay Patel b Himil Patel	49940875	1973340	GTCC - Spring League 2026	12	TENNIS
B	24327405	1	DesiBoyz CC	Akber Hassan Syed	41	36	2	2	113.89	RHB	not out	49913221	1973340	GTCC - Spring League 2026	12	TENNIS
B	24327405	1	DesiBoyz CC	Moe Ali  (c)	3	9	0	0	33.33	RHB	c Himil Patel b Hashpreet Sandhu	49885150	1973340	GTCC - Spring League 2026	12	TENNIS
B	24327405	1	DesiBoyz CC	Syed Raza Razvi	0	2	0	0	0.00	LHB	b Hashpreet Sandhu	41068451	1973340	GTCC - Spring League 2026	12	TENNIS
B	24327405	1	DesiBoyz CC	Syyid Muhammed Ali Zainulabideen	1	3	0	0	33.33	RHB	c Deep Patel b Hashpreet Sandhu	3186741	1973340	GTCC - Spring League 2026	12	TENNIS
B	24327405	1	DesiBoyz CC	Salman Mirza	1	5	0	0	20.00	RHB	c †Ravi Solanki b Hashpreet Sandhu	49940992	1973340	GTCC - Spring League 2026	12	TENNIS
B	24327405	1	DesiBoyz CC	Ali Rizwan Razvi	0	3	0	0	0.00	RHB	c Parth Patel b Hashpreet Sandhu	49940877	1973340	GTCC - Spring League 2026	12	TENNIS
B	24327405	1	DesiBoyz CC	Zeeshan Mirza	0	1	0	0	0.00	RHB	not out	49940897	1973340	GTCC - Spring League 2026	12	TENNIS
W	24327405	1	The Tandoori Titans	Shubham Acharya	3	0	9	0	10	0	0	0	0	3.00	41347123	1973340	GTCC - Spring League 2026	12	TENNIS
W	24327405	1	The Tandoori Titans	Kandarp Suthar	2	0	10	0	7	1	0	1	0	5.00	31328000	1973340	GTCC - Spring League 2026	12	TENNIS
W	24327405	1	The Tandoori Titans	Himil Patel	2	0	16	1	5	1	1	1	0	8.00	41364005	1973340	GTCC - Spring League 2026	12	TENNIS
W	24327405	1	The Tandoori Titans	Parth Patel	2	0	10	0	6	0	0	3	0	5.00	9962141	1973340	GTCC - Spring League 2026	12	TENNIS
W	24327405	1	The Tandoori Titans	Hashpreet Sandhu	3	0	12	5	12	0	1	0	0	4.00	41351955	1973340	GTCC - Spring League 2026	12	TENNIS
B	24327405	2	The Tandoori Titans	Kandarp Suthar	39	18	1	5	216.67	RHB	not out	31328000	1973340	GTCC - Spring League 2026	12	TENNIS
B	24327405	2	The Tandoori Titans	Hashpreet Sandhu	19	11	3	0	172.73	RHB	not out	41351955	1973340	GTCC - Spring League 2026	12	TENNIS
W	24327405	2	DesiBoyz CC	Rafath Kazmi	2	0	23	0	5	1	2	2	0	11.50	49943024	1973340	GTCC - Spring League 2026	12	TENNIS
W	24327405	2	DesiBoyz CC	Akber Hassan Syed	1	0	11	0	2	2	0	0	0	11.00	49913221	1973340	GTCC - Spring League 2026	12	TENNIS
W	24327405	2	DesiBoyz CC	Amir Walajahi	1	0	17	0	2	1	2	0	0	17.00	49940875	1973340	GTCC - Spring League 2026	12	TENNIS
W	24327405	2	DesiBoyz CC	Kazim Zaidi	0.5	0	9	0	2	0	1	0	0	10.80	41870563	1973340	GTCC - Spring League 2026	12	TENNIS
B	24327438	1	Toronto Jaguars	Manish Gidwani  (wk)	3	5	0	0	60.00	RHB	c Avinash b Abhi b	30803809	1973340	GTCC - Spring League 2026	12	TENNIS
B	24327438	1	Toronto Jaguars	Sravan Gangula	12	15	1	0	80.00	RHB	c Manu Chowdary b Ganesh	41484131	1973340	GTCC - Spring League 2026	12	TENNIS
B	24327438	1	Toronto Jaguars	Vignesh Eetaram	22	25	1	0	88.00	RHB	st †Manoj Gayam b Kishore Nomula	22286754	1973340	GTCC - Spring League 2026	12	TENNIS
B	24327438	1	Toronto Jaguars	KRISHNA Mohan SETTY	0	3	0	0	0.00	RHB	c Manu Chowdary b Aravind Reddy	31956251	1973340	GTCC - Spring League 2026	12	TENNIS
B	24327438	1	Toronto Jaguars	Praveen Pesala  (c)	2	4	0	0	50.00	RHB	c Saikiran Thota b Aravind Reddy	32222868	1973340	GTCC - Spring League 2026	12	TENNIS
B	24327438	1	Toronto Jaguars	Sunny Sharath  (wk)	0	5	0	0	0.00	RHB	c †Manoj Gayam b Aravind Reddy	23847219	1973340	GTCC - Spring League 2026	12	TENNIS
B	24327438	1	Toronto Jaguars	Mohit Sharma	20	12	2	0	166.67	RHB	run out Anudeep Baganarapu	20967947	1973340	GTCC - Spring League 2026	12	TENNIS
B	24327438	1	Toronto Jaguars	Syam Akilesh	0	1	0	0	0.00	RHB	c †Manoj Gayam b Kishore Nomula	9513914	1973340	GTCC - Spring League 2026	12	TENNIS
B	24327438	1	Toronto Jaguars	Chinmay	0	0	0	0	0.00	RHB	not out	50014048	1973340	GTCC - Spring League 2026	12	TENNIS
B	24327438	1	Toronto Jaguars	Khushkhangura	2	2	0	0	100.00	RHB	not out	9526621	1973340	GTCC - Spring League 2026	12	TENNIS
W	24327438	1	Deccan Avengers	Saikiran Thota	3	0	16	0	10	1	0	0	0	5.33	30683435	1973340	GTCC - Spring League 2026	12	TENNIS
W	24327438	1	Deccan Avengers	Abhi b	3	0	21	1	6	1	0	1	0	7.00	22916114	1973340	GTCC - Spring League 2026	12	TENNIS
W	24327438	1	Deccan Avengers	Ganesh	2	0	15	1	5	2	0	0	0	7.50	23100592	1973340	GTCC - Spring League 2026	12	TENNIS
W	24327438	1	Deccan Avengers	Aravind Reddy	2	0	3	3	10	0	0	1	0	1.50	22879367	1973340	GTCC - Spring League 2026	12	TENNIS
W	24327438	1	Deccan Avengers	Kishore Nomula	2	0	9	2	6	0	0	1	0	4.50	39217424	1973340	GTCC - Spring League 2026	12	TENNIS
B	24327438	2	Deccan Avengers	Anudeep Baganarapu  (c)	19	25	0	0	76.00	RHB	run out Praveen Pesala	39217407	1973340	GTCC - Spring League 2026	12	TENNIS
B	24327438	2	Deccan Avengers	Avinash	35	37	2	0	94.59	RHB	c †Sunny Sharath b Chinmay	30683148	1973340	GTCC - Spring League 2026	12	TENNIS
B	24327438	2	Deccan Avengers	Kishore Nomula	0	1	0	0	0.00	RHB	c Praveen Pesala b KRISHNA Mohan SETTY	39217424	1973340	GTCC - Spring League 2026	12	TENNIS
B	24327438	2	Deccan Avengers	Ganesh	2	4	0	0	50.00	RHB	run out † Sunny Sharath	23100592	1973340	GTCC - Spring League 2026	12	TENNIS
B	24327438	2	Deccan Avengers	Aravind Reddy	0	2	0	0	0.00	RHB	st †Sunny Sharath b Chinmay	22879367	1973340	GTCC - Spring League 2026	12	TENNIS
B	24327438	2	Deccan Avengers	Abhi b	2	3	0	0	66.67	RHB	c Mohit Sharma b Chinmay	22916114	1973340	GTCC - Spring League 2026	12	TENNIS
B	24327438	2	Deccan Avengers	Sai charan	0	0	0	0	0.00	RHB	not out	31253860	1973340	GTCC - Spring League 2026	12	TENNIS
W	24327438	2	Toronto Jaguars	Sravan Gangula	3	0	13	0	9	0	0	0	0	4.33	41484131	1973340	GTCC - Spring League 2026	12	TENNIS
W	24327438	2	Toronto Jaguars	Chinmay	2	0	13	3	6	1	0	2	0	6.50	50014048	1973340	GTCC - Spring League 2026	12	TENNIS
W	24327438	2	Toronto Jaguars	KRISHNA Mohan SETTY	3	0	14	1	8	0	0	0	0	4.67	31956251	1973340	GTCC - Spring League 2026	12	TENNIS
W	24327438	2	Toronto Jaguars	Praveen Pesala  (c)	2	0	10	0	7	0	0	3	0	5.00	32222868	1973340	GTCC - Spring League 2026	12	TENNIS
W	24327438	2	Toronto Jaguars	Mohit Sharma	2	0	14	0	4	1	0	1	0	7.00	20967947	1973340	GTCC - Spring League 2026	12	TENNIS
B	24327445	1	Maple Eagles	Pawan Khaira	4	5	0	0	80.00	RHB	c Akhil b Christo Joy	32888366	1973340	GTCC - Spring League 2026	12	TENNIS
B	24327445	1	Maple Eagles	Satwinder Singh	10	6	0	1	166.67	RHB	c Abi Antony b Christo Joy	42515588	1973340	GTCC - Spring League 2026	12	TENNIS
B	24327445	1	Maple Eagles	Sanjiv sharma  (wk)	4	6	0	0	66.67	RHB	c Jackson Ouseph b Christo Joy	39683013	1973340	GTCC - Spring League 2026	12	TENNIS
B	24327445	1	Maple Eagles	Divyanshu Thakur	0	1	0	0	0.00	RHB	b Nidhil	48651015	1973340	GTCC - Spring League 2026	12	TENNIS
B	24327445	1	Maple Eagles	Arpan Singh	0	6	0	0	0.00	RHB	c †Kripal K S b Abi Antony	31041170	1973340	GTCC - Spring League 2026	12	TENNIS
B	24327445	1	Maple Eagles	Guri	5	5	1	0	100.00	LHB	c Jackson Ouseph b Akhil	31537124	1973340	GTCC - Spring League 2026	12	TENNIS
B	24327445	1	Maple Eagles	Amandeep Singh	1	6	0	0	16.67	RHB	c Akhil b Abin Mathew	41624226	1973340	GTCC - Spring League 2026	12	TENNIS
B	24327445	1	Maple Eagles	Surjeet Singh	5	8	0	0	62.50	LHB	c&b Akshay Kumar	38766896	1973340	GTCC - Spring League 2026	12	TENNIS
B	24327445	1	Maple Eagles	Sunny Bains	6	6	0	0	100.00	RHB	b Ashish Shahji	40808518	1973340	GTCC - Spring League 2026	12	TENNIS
B	24327445	1	Maple Eagles	Samrat Samrat	3	6	0	0	50.00	RHB	c †Kripal K S b Christo Joy	49937560	1973340	GTCC - Spring League 2026	12	TENNIS
B	24327445	1	Maple Eagles	Akashdeep Singh  (c)	3	12	0	0	25.00	RHB	not out	32913068	1973340	GTCC - Spring League 2026	12	TENNIS
W	24327445	1	Red Wings	Nidhil	2	0	9	1	5	0	0	0	0	4.50	28117737	1973340	GTCC - Spring League 2026	12	TENNIS
W	24327445	1	Red Wings	Christo Joy  (c)	2.1	0	11	4	10	0	1	2	0	5.08	30376963	1973340	GTCC - Spring League 2026	12	TENNIS
W	24327445	1	Red Wings	Abi Antony	1	0	4	1	5	1	0	0	0	4.00	23202311	1973340	GTCC - Spring League 2026	12	TENNIS
W	24327445	1	Red Wings	Akhil	1	0	3	1	3	0	0	0	0	3.00	30322919	1973340	GTCC - Spring League 2026	12	TENNIS
W	24327445	1	Red Wings	Abin Mathew	1	0	5	1	2	0	0	1	0	5.00	30379080	1973340	GTCC - Spring League 2026	12	TENNIS
W	24327445	1	Red Wings	Ashish Shahji	1	0	6	1	1	0	0	0	0	6.00	29592609	1973340	GTCC - Spring League 2026	12	TENNIS
W	24327445	1	Red Wings	Akshay Kumar	1	0	2	1	5	0	0	1	0	2.00	31836652	1973340	GTCC - Spring League 2026	12	TENNIS
W	24327445	1	Red Wings	Melvin Thomas	1	0	4	0	2	0	0	0	0	4.00	31248062	1973340	GTCC - Spring League 2026	12	TENNIS
W	24327445	1	Red Wings	Kashif Minhaj	1	0	1	0	5	0	0	0	0	1.00	30376502	1973340	GTCC - Spring League 2026	12	TENNIS
B	24327445	2	Red Wings	Jackson Ouseph	5	7	0	0	71.43	RHB	c Arpan Singh b Amandeep Singh	21818163	1973340	GTCC - Spring League 2026	12	TENNIS
B	24327445	2	Red Wings	Abi Antony	10	12	0	0	83.33	RHB	c Divyanshu Thakur b Arpan Singh	23202311	1973340	GTCC - Spring League 2026	12	TENNIS
B	24327445	2	Red Wings	Kripal K S  (wk)	12	14	1	1	85.71	RHB	c Akashdeep Singh b Arpan Singh	21940499	1973340	GTCC - Spring League 2026	12	TENNIS
B	24327445	2	Red Wings	Vaishnav	1	4	0	0	25.00	RHB	b Divyanshu Thakur	31247987	1973340	GTCC - Spring League 2026	12	TENNIS
B	24327445	2	Red Wings	Akhil	1	6	0	0	16.67	RHB	b Guri	30322919	1973340	GTCC - Spring League 2026	12	TENNIS
B	24327445	2	Red Wings	Akshay Kumar	2	3	0	0	66.67	RHB	c Surjeet Singh b Guri	31836652	1973340	GTCC - Spring League 2026	12	TENNIS
B	24327445	2	Red Wings	Christo Joy  (c)	14	4	0	2	350.00	RHB	not out	30376963	1973340	GTCC - Spring League 2026	12	TENNIS
B	24327445	2	Red Wings	Kashif Minhaj	0	1	0	0	0.00	RHB	not out	30376502	1973340	GTCC - Spring League 2026	12	TENNIS
W	24327445	2	Maple Eagles	Amandeep Singh	3	1	13	1	11	1	0	0	0	4.33	41624226	1973340	GTCC - Spring League 2026	12	TENNIS
W	24327445	2	Maple Eagles	Divyanshu Thakur	2	0	10	1	8	0	0	3	0	5.00	48651015	1973340	GTCC - Spring League 2026	12	TENNIS
W	24327445	2	Maple Eagles	Arpan Singh	2.3	0	22	2	8	0	3	0	0	8.80	31041170	1973340	GTCC - Spring League 2026	12	TENNIS
W	24327445	2	Maple Eagles	Guri	1	0	3	2	3	0	0	0	0	3.00	31537124	1973340	GTCC - Spring League 2026	12	TENNIS
B	24327442	1	Rising Force XI	Pavan Kumar	5	12	0	0	41.67	RHB	c †Gurman Singh b Sukhpreet Singh	30175034	1973340	GTCC - Spring League 2026	12	TENNIS
B	24327442	1	Rising Force XI	Akhil Rao	2	5	0	0	40.00	RHB	c Harmanpreet Singh b Balkar singh	39147418	1973340	GTCC - Spring League 2026	12	TENNIS
B	24327442	1	Rising Force XI	Rakesh Pavuluri	1	1	0	0	100.00	RHB	run out Rahul Kalra / Gurman Singh	21573196	1973340	GTCC - Spring League 2026	12	TENNIS
B	24327442	1	Rising Force XI	Sharath Reddy	0	1	0	0	0.00	RHB	c †Gurman Singh b Rahul Kalra	18848533	1973340	GTCC - Spring League 2026	12	TENNIS
B	24327442	1	Rising Force XI	Koustub Manchiraju  (c)	10	13	1	0	76.92	LHB	c †Gurman Singh b Mohamed Shahin Aziz	9406531	1973340	GTCC - Spring League 2026	12	TENNIS
B	24327442	1	Rising Force XI	Kvs Narayana	28	33	1	0	84.85	RHB	run out Balkar singh / † Gurman Singh	13816654	1973340	GTCC - Spring League 2026	12	TENNIS
B	24327442	1	Rising Force XI	Mohammed Nadeem Imran	1	4	0	0	25.00	RHB	c †Gurman Singh b Neeraj Jindal	50379281	1973340	GTCC - Spring League 2026	12	TENNIS
B	24327442	1	Rising Force XI	Eshwar 	0	3	0	0	0.00	RHB	c †Gurman Singh b Mohamed Shahin Aziz	23100591	1973340	GTCC - Spring League 2026	12	TENNIS
B	24327442	1	Rising Force XI	Chaitanya Vemavarapu	1	1	0	0	100.00	RHB	not out	21572077	1973340	GTCC - Spring League 2026	12	TENNIS
W	24327442	1	Whitby warriors	Rahul Kalra	2	0	7	1	6	0	0	1	0	3.50	10138742	1973340	GTCC - Spring League 2026	12	TENNIS
W	24327442	1	Whitby warriors	Balkar singh	2	0	8	1	8	1	0	1	0	4.00	41693676	1973340	GTCC - Spring League 2026	12	TENNIS
W	24327442	1	Whitby warriors	Sukhpreet Singh	2	0	9	1	9	0	0	5	0	4.50	50096375	1973340	GTCC - Spring League 2026	12	TENNIS
W	24327442	1	Whitby warriors	Akash Bhalla  (c)	2	0	8	0	7	0	0	2	0	4.00	10133419	1973340	GTCC - Spring League 2026	12	TENNIS
W	24327442	1	Whitby warriors	Abhishek Vij	1	0	13	0	0	1	0	1	1	13.00	30087208	1973340	GTCC - Spring League 2026	12	TENNIS
W	24327442	1	Whitby warriors	Mohamed Shahin Aziz	2	0	11	2	4	0	0	0	0	5.50	50141899	1973340	GTCC - Spring League 2026	12	TENNIS
W	24327442	1	Whitby warriors	Neeraj Jindal	1	0	3	1	3	0	0	0	0	3.00	50089490	1973340	GTCC - Spring League 2026	12	TENNIS
B	24327442	2	Whitby warriors	Harmanpreet Singh	1	3	0	0	33.33	RHB	b Chaitanya Vemavarapu	50094181	1973340	GTCC - Spring League 2026	12	TENNIS
B	24327442	2	Whitby warriors	Saksham Arora	8	8	2	0	100.00	LHB	c Pavan Kumar b Eshwar 	40779668	1973340	GTCC - Spring League 2026	12	TENNIS
B	24327442	2	Whitby warriors	Gurman Singh  (wk)	20	14	3	0	142.86	LHB	not out	50071259	1973340	GTCC - Spring League 2026	12	TENNIS
B	24327442	2	Whitby warriors	Pulkit Malhotra	17	8	1	2	212.50	RHB	c Rakesh Pavuluri b Koustub Manchiraju	30168192	1973340	GTCC - Spring League 2026	12	TENNIS
B	24327442	2	Whitby warriors	Mohamed Shahin Aziz	12	4	0	2	300.00	RHB	not out	50141899	1973340	GTCC - Spring League 2026	12	TENNIS
W	24327442	2	Rising Force XI	Eshwar 	2	0	13	1	8	1	1	1	0	6.50	23100591	1973340	GTCC - Spring League 2026	12	TENNIS
W	24327442	2	Rising Force XI	Chaitanya Vemavarapu	2	0	29	1	4	5	0	3	0	14.50	21572077	1973340	GTCC - Spring League 2026	12	TENNIS
W	24327442	2	Rising Force XI	Pavan Kumar	1	0	10	0	2	0	1	1	0	10.00	30175034	1973340	GTCC - Spring League 2026	12	TENNIS
W	24327442	2	Rising Force XI	Koustub Manchiraju  (c)	1	0	15	1	3	0	2	1	1	15.00	9406531	1973340	GTCC - Spring League 2026	12	TENNIS
B	24327451	1	Golden City	Parry  (c)	1	4	0	0	25.00	RHB	c Vigneshwar Reddy b Naitik Patel	38211758	1973340	GTCC - Spring League 2026	12	TENNIS
B	24327451	1	Golden City	Preetinder Brar	18	22	1	0	81.82	RHB	not out	40870987	1973340	GTCC - Spring League 2026	12	TENNIS
B	24327451	1	Golden City	Abhi dhami	0	1	0	0	0.00	RHB	c Yash Vandra b Naitik Patel	42525345	1973340	GTCC - Spring League 2026	12	TENNIS
B	24327451	1	Golden City	Ragu Sharma	6	2	0	1	300.00	RHB	c †Raja Sekhar Reddy Gantla b Yash Vandra	39147762	1973340	GTCC - Spring League 2026	12	TENNIS
B	24327451	1	Golden City	Sumit	8	6	0	1	133.33	RHB	c Kushal Reddy b Naitik Patel	13339410	1973340	GTCC - Spring League 2026	12	TENNIS
B	24327451	1	Golden City	Harpreet Parmar	0	6	0	0	0.00	RHB	b Yash Vandra	42046780	1973340	GTCC - Spring League 2026	12	TENNIS
B	24327451	1	Golden City	Shaibaz Khan	4	3	1	0	133.33	RHB	c †Raja Sekhar Reddy Gantla b Sharan kumar reddy Suram	41537512	1973340	GTCC - Spring League 2026	12	TENNIS
B	24327451	1	Golden City	Jagjeet singh	3	5	0	0	60.00	RHB	c Kishan Gosai b Kushal Reddy	49882883	1973340	GTCC - Spring League 2026	12	TENNIS
B	24327451	1	Golden City	Abhishek Thakur	17	13	0	2	130.77	LHB	c Yash Vandra b Raja Sekhar Reddy Gantla	39122063	1973340	GTCC - Spring League 2026	12	TENNIS
B	24327451	1	Golden City	Abhy  (wk)	21	12	1	1	175.00	RHB	not out	39113369	1973340	GTCC - Spring League 2026	12	TENNIS
W	24327451	1	FERAL XI	Naitik Patel	3	0	19	3	11	0	2	2	0	6.33	49883245	1973340	GTCC - Spring League 2026	12	TENNIS
W	24327451	1	FERAL XI	Yash Vandra	3	0	19	2	12	1	2	0	0	6.33	50353197	1973340	GTCC - Spring League 2026	12	TENNIS
W	24327451	1	FERAL XI	Sharan kumar reddy Suram	2	0	10	1	6	1	0	1	0	5.00	27785656	1973340	GTCC - Spring League 2026	12	TENNIS
W	24327451	1	FERAL XI	Kushal Reddy  (c)	2	0	10	1	4	0	0	2	0	5.00	15283637	1973340	GTCC - Spring League 2026	12	TENNIS
W	24327451	1	FERAL XI	Raja Sekhar Reddy Gantla	2	0	32	1	2	1	1	5	2	16.00	15282981	1973340	GTCC - Spring League 2026	12	TENNIS
B	24327451	2	FERAL XI	Tazeemahamed Shaikh	5	11	0	0	45.45	RHB	c Abhi dhami b Harmeet Singh	49882750	1973340	GTCC - Spring League 2026	12	TENNIS
B	24327451	2	FERAL XI	Fardeen Khan	20	30	0	0	66.67	RHB	not out	27729185	1973340	GTCC - Spring League 2026	12	TENNIS
B	24327451	2	FERAL XI	Yash Vandra	0	3	0	0	0.00	LHB	c Ragu Sharma b Harmeet Singh	50353197	1973340	GTCC - Spring League 2026	12	TENNIS
B	24327451	2	FERAL XI	Manikandan Kolanjinathan	8	15	0	0	53.33	RHB	retired out	49884058	1973340	GTCC - Spring League 2026	12	TENNIS
B	24327451	2	FERAL XI	Sharan kumar reddy Suram	10	6	0	1	166.67	RHB	c Jasraj Singh b Abhi dhami	27785656	1973340	GTCC - Spring League 2026	12	TENNIS
B	24327451	2	FERAL XI	Kushal Reddy  (c)	16	8	2	1	200.00	RHB	not out	15283637	1973340	GTCC - Spring League 2026	12	TENNIS
W	24327451	2	Golden City	Harmeet Singh	2	0	6	2	10	0	0	2	1	3.00	39255428	1973340	GTCC - Spring League 2026	12	TENNIS
W	24327451	2	Golden City	Jasraj Singh	1	0	4	0	3	0	0	1	0	4.00	42437530	1973340	GTCC - Spring League 2026	12	TENNIS
W	24327451	2	Golden City	Abhishek Thakur	1	0	7	0	2	0	0	2	0	7.00	39122063	1973340	GTCC - Spring League 2026	12	TENNIS
W	24327451	2	Golden City	Parry  (c)	3	0	27	0	7	2	0	5	0	9.00	38211758	1973340	GTCC - Spring League 2026	12	TENNIS
W	24327451	2	Golden City	Ragu Sharma	1	0	3	0	3	0	0	0	0	3.00	39147762	1973340	GTCC - Spring League 2026	12	TENNIS
W	24327451	2	Golden City	Abhi dhami	2	0	12	1	6	0	1	0	0	6.00	42525345	1973340	GTCC - Spring League 2026	12	TENNIS
W	24327451	2	Golden City	Shaibaz Khan	2	0	12	0	6	0	1	0	0	6.00	41537512	1973340	GTCC - Spring League 2026	12	TENNIS
B	24327454	1	PYO13	Utsav sutariya {US}	1	3	0	0	33.33	RHB	c Sethu Rama Lingam b Harishankar Srinivasan	7067699	1973340	GTCC - Spring League 2026	12	TENNIS
B	24327454	1	PYO13	Dhruvik Gogna	23	14	2	1	164.29	RHB	c Praveen b Chandramenan Sivakumar	23202313	1973340	GTCC - Spring League 2026	12	TENNIS
B	24327454	1	PYO13	Dev Sardar	2	5	0	0	40.00	RHB	c Chandramenan Sivakumar b Harishankar Srinivasan	11402008	1973340	GTCC - Spring League 2026	12	TENNIS
B	24327454	1	PYO13	Harjot Singh Toor	5	4	1	0	125.00	RHB	c †Manikandan b Chandramenan Sivakumar	41538204	1973340	GTCC - Spring League 2026	12	TENNIS
B	24327454	1	PYO13	Ravi  (wk)	20	16	2	1	125.00	RHB	b Harishankar Srinivasan	1153446	1973340	GTCC - Spring League 2026	12	TENNIS
B	24327454	1	PYO13	Kushal Desai	24	8	0	4	300.00	RHB	c †Manikandan b Krishnamoorthi M	31956726	1973340	GTCC - Spring League 2026	12	TENNIS
B	24327454	1	PYO13	Prince  (c & wk)	17	14	0	1	121.43	RHB	run out Sethu Rama Lingam / † Manikandan	23202334	1973340	GTCC - Spring League 2026	12	TENNIS
B	24327454	1	PYO13	Dharmik Patel	9	7	0	1	128.57	RHB	b Sethu Rama Lingam	23033837	1973340	GTCC - Spring League 2026	12	TENNIS
B	24327454	1	PYO13	Jaimin Kapdi	5	2	1	0	250.00	RHB	not out	39359870	1973340	GTCC - Spring League 2026	12	TENNIS
W	24327454	1	PONGO BIFFERS	Harishankar Srinivasan	3	0	17	3	11	1	1	1	0	5.67	9992183	1973340	GTCC - Spring League 2026	12	TENNIS
W	24327454	1	PONGO BIFFERS	Sethu Rama Lingam	3	0	22	1	7	3	0	0	0	7.33	29326915	1973340	GTCC - Spring League 2026	12	TENNIS
W	24327454	1	PONGO BIFFERS	Chandramenan Sivakumar	2	0	22	2	7	0	3	2	0	11.00	10882019	1973340	GTCC - Spring League 2026	12	TENNIS
W	24327454	1	PONGO BIFFERS	Sasidharan	2	0	21	0	4	1	1	1	0	10.50	16108054	1973340	GTCC - Spring League 2026	12	TENNIS
W	24327454	1	PONGO BIFFERS	Krishnamoorthi M	2	0	29	1	4	1	3	0	1	14.50	23592090	1973340	GTCC - Spring League 2026	12	TENNIS
B	24327454	2	PONGO BIFFERS	Manikandan	32	28	0	2	114.29	RHB	not out	31192382	1973340	GTCC - Spring League 2026	12	TENNIS
B	24327454	2	PONGO BIFFERS	Mayil Vaganan	8	7	1	0	114.29	RHB	c †Ravi b Muhammad Bilal Munir	31905928	1973340	GTCC - Spring League 2026	12	TENNIS
B	24327454	2	PONGO BIFFERS	Sasidharan	66	32	1	7	206.25	RHB	c †Prince b Muhammad Bilal Munir	16108054	1973340	GTCC - Spring League 2026	12	TENNIS
B	24327454	2	PONGO BIFFERS	Harishankar Srinivasan	0	0	0	0	0.00	RHB	not out	9992183	1973340	GTCC - Spring League 2026	12	TENNIS
W	24327454	2	PYO13	Muhammad Bilal Munir	3	0	33	2	6	0	3	3	0	11.00	41772649	1973340	GTCC - Spring League 2026	12	TENNIS
W	24327454	2	PYO13	Appu G	2	0	32	0	3	2	3	2	0	16.00	50020845	1973340	GTCC - Spring League 2026	12	TENNIS
W	24327454	2	PYO13	Ankur Sharma	2	0	20	0	3	0	2	0	0	10.00	7889875	1973340	GTCC - Spring League 2026	12	TENNIS
W	24327454	2	PYO13	Ravi	3	0	13	0	9	0	0	0	0	4.33	1153446	1973340	GTCC - Spring League 2026	12	TENNIS
W	24327454	2	PYO13	Kushal Desai	1	0	11	0	2	0	1	0	0	11.00	31956726	1973340	GTCC - Spring League 2026	12	TENNIS
W	24327454	2	PYO13	Dev Sardar	0.1	0	3	0	0	0	0	1	0	18.00	11402008	1973340	GTCC - Spring League 2026	12	TENNIS
B	24327448	1	Phoenix Youngsters	Vipin Vijayan	17	9	2	1	188.89	RHB	c Murali krishna b Raghuvardhan Reddy	21088452	1973340	GTCC - Spring League 2026	12	TENNIS
B	24327448	1	Phoenix Youngsters	Dheeraj Antony Phoenix 2025	27	20	1	2	135.00	RHB	b Mahesh shetty nani	39626145	1973340	GTCC - Spring League 2026	12	TENNIS
B	24327448	1	Phoenix Youngsters	Prasanth Pillai	8	5	0	1	160.00	RHB	c Murali krishna b Raghuvardhan Reddy	27671092	1973340	GTCC - Spring League 2026	12	TENNIS
B	24327448	1	Phoenix Youngsters	Sanjay S  (wk)	1	4	0	0	25.00	RHB	c Balu b Nasakath Shaikkumthodi	27671100	1973340	GTCC - Spring League 2026	12	TENNIS
B	24327448	1	Phoenix Youngsters	Shobith Balakrishnan	10	12	0	0	83.33	RHB	c Murali krishna b Raghuvardhan Reddy	27727065	1973340	GTCC - Spring League 2026	12	TENNIS
B	24327448	1	Phoenix Youngsters	Nirmal Joseph Abraham	35	16	0	4	218.75	RHB	c Balu b Sajin Kumar	9001596	1973340	GTCC - Spring League 2026	12	TENNIS
B	24327448	1	Phoenix Youngsters	Anu Krishnan	5	5	1	0	100.00	RHB	c Siva Sankar Reddy b Mahesh shetty nani	9017665	1973340	GTCC - Spring League 2026	12	TENNIS
B	24327448	1	Phoenix Youngsters	Aravind Arun Nair	0	1	0	0	0.00	RHB	b Sajin Kumar	14575138	1973340	GTCC - Spring League 2026	12	TENNIS
B	24327448	1	Phoenix Youngsters	Christo Joseph	0	1	0	0	0.00	RHB	c †Altaf Ahmed b Sajin Kumar	30469742	1973340	GTCC - Spring League 2026	12	TENNIS
B	24327448	1	Phoenix Youngsters	Aswin saji	0	0	0	0	0.00	RHB	not out	41654893	1973340	GTCC - Spring League 2026	12	TENNIS
W	24327448	1	Marvels	Eswar P	2	0	24	0	4	1	2	1	0	12.00	22652758	1973340	GTCC - Spring League 2026	12	TENNIS
W	24327448	1	Marvels	Raghuvardhan Reddy	3	0	17	3	9	1	1	0	0	5.67	15600146	1973340	GTCC - Spring League 2026	12	TENNIS
W	24327448	1	Marvels	Nasakath Shaikkumthodi	2	0	14	1	4	1	0	1	1	7.00	31273662	1973340	GTCC - Spring League 2026	12	TENNIS
W	24327448	1	Marvels	Mahesh shetty nani	3	0	21	2	6	1	1	0	0	7.00	31475597	1973340	GTCC - Spring League 2026	12	TENNIS
W	24327448	1	Marvels	Sajin Kumar	2	0	33	3	4	0	4	2	0	16.50	30109342	1973340	GTCC - Spring League 2026	12	TENNIS
B	24327448	2	Marvels	Nasakath Shaikkumthodi	0	2	0	0	0.00	RHB	c †Sanjay S b Nirmal Joseph Abraham	31273662	1973340	GTCC - Spring League 2026	12	TENNIS
B	24327448	2	Marvels	Rohit Chahal	12	12	1	0	100.00	LHB	b Dheeraj Antony Phoenix 2025	23545274	1973340	GTCC - Spring League 2026	12	TENNIS
B	24327448	2	Marvels	Shyam komaravolu	0	4	0	0	0.00	RHB	c Aravind Arun Nair b Dheeraj Antony Phoenix 2025	31366180	1973340	GTCC - Spring League 2026	12	TENNIS
B	24327448	2	Marvels	Murali krishna	1	2	0	0	50.00	RHB	b Nirmal Joseph Abraham	21441516	1973340	GTCC - Spring League 2026	12	TENNIS
B	24327448	2	Marvels	Balu	7	8	0	1	87.50	RHB	c †Sanjay S b Aravind Arun Nair	3592747	1973340	GTCC - Spring League 2026	12	TENNIS
B	24327448	2	Marvels	Altaf Ahmed  (wk)	1	3	0	0	33.33	RHB	b Christo Joseph	5413138	1973340	GTCC - Spring League 2026	12	TENNIS
B	24327448	2	Marvels	Jitin p  (c)	0	4	0	0	0.00	RHB	c †Sanjay S b Christo Joseph	21442321	1973340	GTCC - Spring League 2026	12	TENNIS
B	24327448	2	Marvels	Eswar P	7	14	0	0	50.00	RHB	c Prasanth Pillai b Aswin saji	22652758	1973340	GTCC - Spring League 2026	12	TENNIS
B	24327448	2	Marvels	Raghuvardhan Reddy	6	7	0	0	85.71	RHB	c Dheeraj Antony Phoenix 2025 b Aswin saji	15600146	1973340	GTCC - Spring League 2026	12	TENNIS
B	24327448	2	Marvels	Siva Sankar Reddy	3	8	0	0	37.50	RHB	not out	15967245	1973340	GTCC - Spring League 2026	12	TENNIS
B	24327448	2	Marvels	Sajin Kumar	10	9	0	1	111.11	RHB	not out	30109342	1973340	GTCC - Spring League 2026	12	TENNIS
W	24327448	2	Phoenix Youngsters	Nirmal Joseph Abraham	2	0	13	2	8	0	1	4	0	6.50	9001596	1973340	GTCC - Spring League 2026	12	TENNIS
W	24327448	2	Phoenix Youngsters	Dheeraj Antony Phoenix 2025	2	0	8	2	8	1	0	0	0	4.00	39626145	1973340	GTCC - Spring League 2026	12	TENNIS
W	24327448	2	Phoenix Youngsters	Aravind Arun Nair	2	0	5	1	8	0	0	0	0	2.50	14575138	1973340	GTCC - Spring League 2026	12	TENNIS
W	24327448	2	Phoenix Youngsters	Christo Joseph	2	0	7	2	7	0	0	1	1	3.50	30469742	1973340	GTCC - Spring League 2026	12	TENNIS
W	24327448	2	Phoenix Youngsters	Anu Krishnan	1	0	6	0	2	0	0	0	0	6.00	9017665	1973340	GTCC - Spring League 2026	12	TENNIS
W	24327448	2	Phoenix Youngsters	Aswin saji	2	0	9	2	8	0	0	3	0	4.50	41654893	1973340	GTCC - Spring League 2026	12	TENNIS
W	24327448	2	Phoenix Youngsters	Shobith Balakrishnan	1	0	8	0	3	0	1	0	0	8.00	27727065	1973340	GTCC - Spring League 2026	12	TENNIS
B	24327466	1	Deccan Avengers	Kiran Reddy	2	4	0	0	50.00	RHB	retired hurt	15343772	1973340	GTCC - Spring League 2026	12	TENNIS
B	24327466	1	Deccan Avengers	Aravind Reddy	1	4	0	0	25.00	RHB	c Neeladri Dey b Hardip Vasava	22879367	1973340	GTCC - Spring League 2026	12	TENNIS
B	24327466	1	Deccan Avengers	Avinash	9	13	0	0	69.23	RHB	c †Charan Shekar b Amit Mahajan	30683148	1973340	GTCC - Spring League 2026	12	TENNIS
B	24327466	1	Deccan Avengers	Kishore Nomula	12	9	1	0	133.33	RHB	c Viral Patel b Samil Vig	39217424	1973340	GTCC - Spring League 2026	12	TENNIS
B	24327466	1	Deccan Avengers	Jagan Reddy	1	6	0	0	16.67	RHB	c †Justus Charles b Harish Thunga	22935651	1973340	GTCC - Spring League 2026	12	TENNIS
B	24327466	1	Deccan Avengers	Manu Chowdary  (c)	8	17	0	0	47.06	RHB	retired hurt	31933873	1973340	GTCC - Spring League 2026	12	TENNIS
B	24327466	1	Deccan Avengers	Ganesh	3	10	0	0	30.00	RHB	retired hurt	23100592	1973340	GTCC - Spring League 2026	12	TENNIS
B	24327466	1	Deccan Avengers	Abhi b	3	4	0	0	75.00	RHB	run out † Justus Charles / Harish Thunga	22916114	1973340	GTCC - Spring League 2026	12	TENNIS
B	24327466	1	Deccan Avengers	Manoj Kumar Medarametla	2	3	0	0	66.67	RHB	not out	39063308	1973340	GTCC - Spring League 2026	12	TENNIS
B	24327466	1	Deccan Avengers	Saikiran Thota	3	2	0	0	150.00	RHB	run out Sampath Reddy / Harish Thunga	30683435	1973340	GTCC - Spring League 2026	12	TENNIS
W	24327466	1	Friends XI	Luxminarayanan Venkatapathy	3	0	15	0	9	1	0	0	0	5.00	19801237	1973340	GTCC - Spring League 2026	12	TENNIS
W	24327466	1	Friends XI	Hardip Vasava	2	0	10	1	3	0	0	0	0	5.00	675278	1973340	GTCC - Spring League 2026	12	TENNIS
W	24327466	1	Friends XI	Amit Mahajan	2	0	8	1	7	0	0	2	0	4.00	16293564	1973340	GTCC - Spring League 2026	12	TENNIS
W	24327466	1	Friends XI	Samil Vig	2	0	8	1	5	0	0	1	0	4.00	31956279	1973340	GTCC - Spring League 2026	12	TENNIS
W	24327466	1	Friends XI	Harish Thunga  (c)	3	1	6	1	13	0	0	0	0	2.00	31956278	1973340	GTCC - Spring League 2026	12	TENNIS
B	24327466	2	Friends XI	Viral Patel	3	5	0	0	60.00	RHB	b Abhi b	15815175	1973340	GTCC - Spring League 2026	12	TENNIS
B	24327466	2	Friends XI	Krutarth	1	2	0	0	50.00	LHB	b Abhi b	31851733	1973340	GTCC - Spring League 2026	12	TENNIS
B	24327466	2	Friends XI	Neeladri Dey	0	4	0	0	0.00	RHB	c Kishore Nomula b Saikiran Thota	31989572	1973340	GTCC - Spring League 2026	12	TENNIS
B	24327466	2	Friends XI	Amit Mahajan	11	12	0	0	91.67	RHB	c Saikiran Thota b Ganesh	16293564	1973340	GTCC - Spring League 2026	12	TENNIS
B	24327466	2	Friends XI	Harish Thunga  (c)	23	18	2	1	127.78	RHB	not out	31956278	1973340	GTCC - Spring League 2026	12	TENNIS
B	24327466	2	Friends XI	Dharmendra Singh parihar	6	6	0	0	100.00	RHB	not out	23337498	1973340	GTCC - Spring League 2026	12	TENNIS
W	24327466	2	Deccan Avengers	Abhi b	2	0	10	2	5	0	0	0	0	5.00	22916114	1973340	GTCC - Spring League 2026	12	TENNIS
W	24327466	2	Deccan Avengers	Saikiran Thota	2	0	10	1	5	0	0	3	0	5.00	30683435	1973340	GTCC - Spring League 2026	12	TENNIS
W	24327466	2	Deccan Avengers	Manu Chowdary  (c)	2	0	11	0	5	0	0	2	1	5.50	31933873	1973340	GTCC - Spring League 2026	12	TENNIS
W	24327466	2	Deccan Avengers	Ganesh	1	0	6	1	3	1	0	0	0	6.00	23100592	1973340	GTCC - Spring League 2026	12	TENNIS
W	24327466	2	Deccan Avengers	Jagan Reddy	0.4	0	13	0	0	1	1	0	0	19.50	22935651	1973340	GTCC - Spring League 2026	12	TENNIS
B	24327462	1	Markham Shots	Ajith Kumar AA	17	19	1	0	89.47	RHB	retired out	21879972	1973340	GTCC - Spring League 2026	12	TENNIS
B	24327462	1	Markham Shots	Raj Pradeep Rajendran	19	19	0	1	100.00	RHB	b Syyid Muhammed Ali Zainulabideen	42165773	1973340	GTCC - Spring League 2026	12	TENNIS
B	24327462	1	Markham Shots	Jithu Mohan  (wk)	12	12	1	0	100.00	RHB	b Salman Mirza	9861241	1973340	GTCC - Spring League 2026	12	TENNIS
B	24327462	1	Markham Shots	Indrajith Das	0	1	0	0	0.00	RHB	c †Abbas Mirza b Syyid Muhammed Ali Zainulabideen	24120932	1973340	GTCC - Spring League 2026	12	TENNIS
B	24327462	1	Markham Shots	Vasanth Paul J	48	18	2	5	266.67	RHB	not out	31907587	1973340	GTCC - Spring League 2026	12	TENNIS
B	24327462	1	Markham Shots	Eldhose George	5	3	1	0	166.67	RHB	not out	32268589	1973340	GTCC - Spring League 2026	12	TENNIS
W	24327462	1	DesiBoyz CC	Akber Hassan Syed	3	0	20	0	12	1	1	3	0	6.67	49913221	1973340	GTCC - Spring League 2026	12	TENNIS
W	24327462	1	DesiBoyz CC	Amir Walajahi	3	0	36	0	6	1	3	2	0	12.00	49940875	1973340	GTCC - Spring League 2026	12	TENNIS
W	24327462	1	DesiBoyz CC	Syyid Muhammed Ali Zainulabideen	2	0	14	2	5	0	1	0	0	7.00	3186741	1973340	GTCC - Spring League 2026	12	TENNIS
W	24327462	1	DesiBoyz CC	Salman Mirza	2	0	24	1	2	2	1	2	0	12.00	49940992	1973340	GTCC - Spring League 2026	12	TENNIS
W	24327462	1	DesiBoyz CC	Qayam Mir	2	0	17	0	2	1	0	3	0	8.50	39709744	1973340	GTCC - Spring League 2026	12	TENNIS
B	24327462	2	DesiBoyz CC	Qayam Mir	12	7	1	1	171.43	RHB	c Eldhose George b Yadukumar Jayakumar	39709744	1973340	GTCC - Spring League 2026	12	TENNIS
B	24327462	2	DesiBoyz CC	Syed Raza Razvi	2	10	0	0	20.00	LHB	c Sachin Satheesan b Yadukumar Jayakumar	41068451	1973340	GTCC - Spring League 2026	12	TENNIS
B	24327462	2	DesiBoyz CC	Moe Ali  (c)	5	6	0	0	83.33	RHB	b Sachin Satheesan	49885150	1973340	GTCC - Spring League 2026	12	TENNIS
B	24327462	2	DesiBoyz CC	Husbaan 	9	18	0	0	50.00	RHB	retired out	49941320	1973340	GTCC - Spring League 2026	12	TENNIS
B	24327462	2	DesiBoyz CC	Syyid Muhammed Ali Zainulabideen	27	21	2	0	128.57	RHB	c †Jithu Mohan b Jaison Varghese	3186741	1973340	GTCC - Spring League 2026	12	TENNIS
B	24327462	2	DesiBoyz CC	Amir Walajahi	1	2	0	0	50.00	RHB	run out Siva Ganesh Medisetti / Vinu Joy	49940875	1973340	GTCC - Spring League 2026	12	TENNIS
B	24327462	2	DesiBoyz CC	Akber Hassan Syed	1	2	0	0	50.00	RHB	c †Jithu Mohan b Siva Ganesh Medisetti	49913221	1973340	GTCC - Spring League 2026	12	TENNIS
B	24327462	2	DesiBoyz CC	Ali Naqvi	7	6	0	0	116.67	RHB	not out	49943492	1973340	GTCC - Spring League 2026	12	TENNIS
W	24327462	2	Markham Shots	Sachin Satheesan	2	0	10	1	9	1	0	2	0	5.00	49913756	1973340	GTCC - Spring League 2026	12	TENNIS
W	24327462	2	Markham Shots	Yadukumar Jayakumar	2	0	13	2	6	0	1	0	0	6.50	41966225	1973340	GTCC - Spring League 2026	12	TENNIS
W	24327462	2	Markham Shots	PRAJITH MP	2	0	6	0	8	0	0	2	0	3.00	31886701	1973340	GTCC - Spring League 2026	12	TENNIS
W	24327462	2	Markham Shots	Vinu Joy	2	0	14	0	1	0	0	0	0	7.00	21777638	1973340	GTCC - Spring League 2026	12	TENNIS
W	24327462	2	Markham Shots	Siva Ganesh Medisetti	2	0	15	1	5	2	0	1	0	7.50	49884027	1973340	GTCC - Spring League 2026	12	TENNIS
W	24327462	2	Markham Shots	Indrajith Das	1	0	8	0	0	0	0	0	0	8.00	24120932	1973340	GTCC - Spring League 2026	12	TENNIS
W	24327462	2	Markham Shots	Jaison Varghese  (c)	1	0	3	1	3	0	0	0	0	3.00	49882924	1973340	GTCC - Spring League 2026	12	TENNIS
B	24327457	1	TCF DCC	Teja Kokkula  (wk)	0	1	0	0	0.00	RHB	c Manu Chowdary b Saikiran Thota	14055267	1973340	GTCC - Spring League 2026	12	TENNIS
B	24327457	1	TCF DCC	Rushi Mannepalli	4	6	1	0	66.67	RHB	c Aravind Reddy b Abhi b	14762497	1973340	GTCC - Spring League 2026	12	TENNIS
B	24327457	1	TCF DCC	Chandan Volkaji	11	15	0	0	73.33	RHB	c Kishore Nomula b Aravind Reddy	31779636	1973340	GTCC - Spring League 2026	12	TENNIS
B	24327457	1	TCF DCC	Leela Ashok	0	1	0	0	0.00	RHB	c Abhi b b Saikiran Thota	14762797	1973340	GTCC - Spring League 2026	12	TENNIS
B	24327457	1	TCF DCC	Sudheer Aki  (c)	6	3	0	1	200.00	RHB	c Ganesh b Saikiran Thota	14762522	1973340	GTCC - Spring League 2026	12	TENNIS
B	24327457	1	TCF DCC	Gowtham Vemareddy	18	20	2	0	90.00	RHB	b Abhi b	14762600	1973340	GTCC - Spring League 2026	12	TENNIS
B	24327457	1	TCF DCC	Aftab	15	8	1	1	187.50	RHB	c Avinash b Ganesh	1541269	1973340	GTCC - Spring League 2026	12	TENNIS
B	24327457	1	TCF DCC	Rahush	4	5	0	0	80.00	RHB	b Saikiran Thota	1050410	1973340	GTCC - Spring League 2026	12	TENNIS
B	24327457	1	TCF DCC	Akhil Reddy	1	2	0	0	50.00	RHB	not out	5549928	1973340	GTCC - Spring League 2026	12	TENNIS
B	24327457	1	TCF DCC	Praveen Reddy	7	6	1	0	116.67	LHB	c Avinash b Ganesh	5413093	1973340	GTCC - Spring League 2026	12	TENNIS
B	24327457	1	TCF DCC	JayaKrishna Gujjari	0	1	0	0	0.00	RHB	c Kishore Nomula b Ganesh	1225653	1973340	GTCC - Spring League 2026	12	TENNIS
W	24327457	1	Deccan Avengers	Saikiran Thota	3	0	20	4	10	2	1	0	0	6.67	30683435	1973340	GTCC - Spring League 2026	12	TENNIS
W	24327457	1	Deccan Avengers	Abhi b	3	0	10	2	13	1	0	1	0	3.33	22916114	1973340	GTCC - Spring League 2026	12	TENNIS
W	24327457	1	Deccan Avengers	Aravind Reddy	2	0	9	1	5	0	0	0	0	4.50	22879367	1973340	GTCC - Spring League 2026	12	TENNIS
W	24327457	1	Deccan Avengers	Manu Chowdary  (c)	2	0	23	0	2	2	1	1	0	11.50	31933873	1973340	GTCC - Spring League 2026	12	TENNIS
W	24327457	1	Deccan Avengers	Ganesh	1.2	0	6	3	4	0	0	0	0	4.50	23100592	1973340	GTCC - Spring League 2026	12	TENNIS
B	24327457	2	Deccan Avengers	Harjeet Maan	0	1	0	0	0.00	LHB	c Sankethreddy b Akhil Reddy	39512592	1973340	GTCC - Spring League 2026	12	TENNIS
B	24327457	2	Deccan Avengers	Anudeep Baganarapu	12	13	1	0	92.31	RHB	c JayaKrishna Gujjari b Sudheer Aki	39217407	1973340	GTCC - Spring League 2026	12	TENNIS
B	24327457	2	Deccan Avengers	Avinash	21	24	2	1	87.50	RHB	c †Teja Kokkula b JayaKrishna Gujjari	30683148	1973340	GTCC - Spring League 2026	12	TENNIS
B	24327457	2	Deccan Avengers	Kishore Nomula	0	1	0	0	0.00	RHB	c Rahush b Sudheer Aki	39217424	1973340	GTCC - Spring League 2026	12	TENNIS
B	24327457	2	Deccan Avengers	Vishnu Reddy	0	2	0	0	0.00	RHB	c Aftab b JayaKrishna Gujjari	50373676	1973340	GTCC - Spring League 2026	12	TENNIS
B	24327457	2	Deccan Avengers	Aravind Reddy	5	8	0	0	62.50	RHB	run out Rahush / Gowtham Vemareddy	22879367	1973340	GTCC - Spring League 2026	12	TENNIS
B	24327457	2	Deccan Avengers	Jagan Reddy	0	2	0	0	0.00	RHB	c Gowtham Vemareddy b Sudheer Aki	22935651	1973340	GTCC - Spring League 2026	12	TENNIS
B	24327457	2	Deccan Avengers	Ganesh	3	5	0	0	60.00	RHB	c Leela Ashok b Gowtham Vemareddy	23100592	1973340	GTCC - Spring League 2026	12	TENNIS
B	24327457	2	Deccan Avengers	Abhi b	5	7	0	0	71.43	RHB	c Gowtham Vemareddy b JayaKrishna Gujjari	22916114	1973340	GTCC - Spring League 2026	12	TENNIS
B	24327457	2	Deccan Avengers	Saikiran Thota	3	6	0	0	50.00	RHB	c Praveen Reddy b JayaKrishna Gujjari	30683435	1973340	GTCC - Spring League 2026	12	TENNIS
B	24327457	2	Deccan Avengers	Manu Chowdary  (c)	0	2	0	0	0.00	RHB	not out	31933873	1973340	GTCC - Spring League 2026	12	TENNIS
W	24327457	2	TCF DCC	Akhil Reddy	2	0	16	1	6	3	0	0	0	8.00	5549928	1973340	GTCC - Spring League 2026	12	TENNIS
W	24327457	2	TCF DCC	Praveen Reddy	3	0	12	0	8	0	0	0	0	4.00	5413093	1973340	GTCC - Spring League 2026	12	TENNIS
W	24327457	2	TCF DCC	JayaKrishna Gujjari	2.5	0	9	4	14	0	1	0	0	3.18	1225653	1973340	GTCC - Spring League 2026	12	TENNIS
W	24327457	2	TCF DCC	Sudheer Aki  (c)	2	0	5	3	8	0	0	1	0	2.50	14762522	1973340	GTCC - Spring League 2026	12	TENNIS
W	24327457	2	TCF DCC	Gowtham Vemareddy	1	0	4	1	3	0	0	0	0	4.00	14762600	1973340	GTCC - Spring League 2026	12	TENNIS
W	24327457	2	TCF DCC	Sankethreddy	1	0	6	0	3	0	0	2	0	6.00	39355221	1973340	GTCC - Spring League 2026	12	TENNIS
B	24327480	1	Royal Punjab	Lovepreet Khosa	2	3	0	0	66.67	RHB	c †Ravi Solanki b Shubham Acharya	41122178	1973340	GTCC - Spring League 2026	12	TENNIS
B	24327480	1	Royal Punjab	Prince	5	17	0	0	29.41	RHB	c Parth Patel b Hashpreet Sandhu	23012388	1973340	GTCC - Spring League 2026	12	TENNIS
B	24327480	1	Royal Punjab	Gurwinder Toor	19	19	0	1	100.00	LHB	c †Ravi Solanki b Parth Patel	31489988	1973340	GTCC - Spring League 2026	12	TENNIS
B	24327480	1	Royal Punjab	Bikramjeet singh	0	0	0	0	0.00	RHB	run out Vrushi Patel	41099524	1973340	GTCC - Spring League 2026	12	TENNIS
B	24327480	1	Royal Punjab	Jaskaran 	1	5	0	0	20.00	RHB	c Vignesh b Parth Patel	39251673	1973340	GTCC - Spring League 2026	12	TENNIS
B	24327480	1	Royal Punjab	Amrit Amrit	1	4	0	0	25.00	RHB	c Vignesh b Vaidik KK	41671523	1973340	GTCC - Spring League 2026	12	TENNIS
B	24327480	1	Royal Punjab	Vikram Singh	4	10	0	0	40.00	RHB	not out	41170578	1973340	GTCC - Spring League 2026	12	TENNIS
B	24327480	1	Royal Punjab	Amritpal  Singh	0	2	0	0	0.00	RHB	c Shubham Acharya b Vaidik KK	41127556	1973340	GTCC - Spring League 2026	12	TENNIS
B	24327480	1	Royal Punjab	Jasandeep Jasandeep  (c)	0	1	0	0	0.00	RHB	b Hashpreet Sandhu	41089636	1973340	GTCC - Spring League 2026	12	TENNIS
B	24327480	1	Royal Punjab	Jugraj Singh	0	3	0	0	0.00	RHB	c †Ravi Solanki b Hashpreet Sandhu	41127561	1973340	GTCC - Spring League 2026	12	TENNIS
B	24327480	1	Royal Punjab	Ashu Sharma	10	8	0	0	125.00	RHB	not out	41099374	1973340	GTCC - Spring League 2026	12	TENNIS
W	24327480	1	The Tandoori Titans	Shubham Acharya	2	1	2	1	11	0	0	0	0	1.00	41347123	1973340	GTCC - Spring League 2026	12	TENNIS
W	24327480	1	The Tandoori Titans	Kandarp Suthar	2	0	10	0	5	0	0	1	0	5.00	31328000	1973340	GTCC - Spring League 2026	12	TENNIS
W	24327480	1	The Tandoori Titans	Parth Patel	2	0	5	2	7	0	0	0	0	2.50	9962141	1973340	GTCC - Spring League 2026	12	TENNIS
W	24327480	1	The Tandoori Titans	Hashpreet Sandhu	3	0	20	3	9	0	1	1	0	6.67	41351955	1973340	GTCC - Spring League 2026	12	TENNIS
W	24327480	1	The Tandoori Titans	Vaidik KK	3	0	9	2	12	0	0	1	0	3.00	49884139	1973340	GTCC - Spring League 2026	12	TENNIS
B	24327480	2	The Tandoori Titans	Parth Patel	0	1	0	0	0.00	LHB	c Prince b Amritpal  Singh	9962141	1973340	GTCC - Spring League 2026	12	TENNIS
B	24327480	2	The Tandoori Titans	Hashpreet Sandhu	13	20	0	0	65.00	RHB	not out	41351955	1973340	GTCC - Spring League 2026	12	TENNIS
B	24327480	2	The Tandoori Titans	Kandarp Suthar	16	14	0	1	114.29	RHB	b Amrit Amrit	31328000	1973340	GTCC - Spring League 2026	12	TENNIS
B	24327480	2	The Tandoori Titans	Vaidik KK	17	8	2	1	212.50	RHB	not out	49884139	1973340	GTCC - Spring League 2026	12	TENNIS
W	24327480	2	Royal Punjab	Amritpal  Singh	2	0	8	1	7	0	0	0	0	4.00	41127556	1973340	GTCC - Spring League 2026	12	TENNIS
W	24327480	2	Royal Punjab	Parbjot Singh Aulakh	2	0	13	0	6	0	1	0	0	6.50	41091824	1973340	GTCC - Spring League 2026	12	TENNIS
W	24327480	2	Royal Punjab	Lovepreet Khosa	1	0	6	0	3	0	0	2	0	6.00	41122178	1973340	GTCC - Spring League 2026	12	TENNIS
W	24327480	2	Royal Punjab	Amrit Amrit	1	0	6	1	4	1	0	0	0	6.00	41671523	1973340	GTCC - Spring League 2026	12	TENNIS
W	24327480	2	Royal Punjab	Jasandeep Jasandeep  (c)	1	0	13	0	1	1	1	0	0	13.00	41089636	1973340	GTCC - Spring League 2026	12	TENNIS
W	24327480	2	Royal Punjab	Jugraj Singh	0.1	0	2	0	0	0	0	0	0	12.00	41127561	1973340	GTCC - Spring League 2026	12	TENNIS
B	24327475	1	Downtown Hunterz	Hassan khulaidi	0	1	0	0	0.00	RHB	c Ram K b Ashok Balakrishnan	31856676	1973340	GTCC - Spring League 2026	12	TENNIS
B	24327475	1	Downtown Hunterz	AsRar RaHman	1	2	0	0	50.00	RHB	c Vijay K b Gayatri Das G	42406798	1973340	GTCC - Spring League 2026	12	TENNIS
B	24327475	1	Downtown Hunterz	Irfan Mohammed  (wk)	0	3	0	0	0.00	RHB	c Ravikumar Swaminathan b Ashok Balakrishnan	15608701	1973340	GTCC - Spring League 2026	12	TENNIS
B	24327475	1	Downtown Hunterz	Faisal Yafai  (c)	2	4	0	0	50.00	RHB	c Saurabh Singh b Gayatri Das G	10200084	1973340	GTCC - Spring League 2026	12	TENNIS
B	24327475	1	Downtown Hunterz	Mohammed Ateeq	19	20	2	0	95.00	LHB	st †Suresh Sekar b Ashok Balakrishnan	18497213	1973340	GTCC - Spring League 2026	12	TENNIS
B	24327475	1	Downtown Hunterz	MOHAMMED MANNAN ALI	5	7	0	0	71.43	RHB	c Suresh Sekar b Lakku	41759501	1973340	GTCC - Spring League 2026	12	TENNIS
B	24327475	1	Downtown Hunterz	Mohammed Khulaidi	5	13	1	0	38.46	RHB	c Ravikumar Swaminathan b Vijay K	31096973	1973340	GTCC - Spring League 2026	12	TENNIS
B	24327475	1	Downtown Hunterz	Syed Azeem Uddin	28	12	2	2	233.33	RHB	run out Lakku / Suresh Sekar	16455606	1973340	GTCC - Spring League 2026	12	TENNIS
B	24327475	1	Downtown Hunterz	Sam	3	3	0	0	100.00	RHB	c Lakku b Abhi K	42529904	1973340	GTCC - Spring League 2026	12	TENNIS
B	24327475	1	Downtown Hunterz	Mir Mujahed Ali	5	8	0	0	62.50	RHB	c Ravikumar Swaminathan b Ashok Balakrishnan	41497900	1973340	GTCC - Spring League 2026	12	TENNIS
B	24327475	1	Downtown Hunterz	Mohammed Abdul Salman	0	0	0	0	0.00	RHB	not out	49754437	1973340	GTCC - Spring League 2026	12	TENNIS
W	24327475	1	Red Dragons	Ashok Balakrishnan	3	0	19	4	11	3	0	1	0	6.33	39878064	1973340	GTCC - Spring League 2026	12	TENNIS
W	24327475	1	Red Dragons	Gayatri Das G	2	0	15	2	4	1	0	1	1	7.50	9736753	1973340	GTCC - Spring League 2026	12	TENNIS
W	24327475	1	Red Dragons	Lakku	2	0	9	1	7	0	0	3	0	4.50	9736741	1973340	GTCC - Spring League 2026	12	TENNIS
W	24327475	1	Red Dragons	Vijay K	3	1	15	1	13	1	1	1	0	5.00	23322068	1973340	GTCC - Spring League 2026	12	TENNIS
W	24327475	1	Red Dragons	Saurabh Singh	1	0	13	0	1	0	1	0	0	13.00	42838591	1973340	GTCC - Spring League 2026	12	TENNIS
W	24327475	1	Red Dragons	Abhi K	1	0	5	1	3	0	0	1	0	5.00	42838777	1973340	GTCC - Spring League 2026	12	TENNIS
B	24327475	2	Red Dragons	Ram K	0	1	0	0	0.00	RHB	c †Irfan Mohammed b Mohammed Abdul Salman	50378644	1973340	GTCC - Spring League 2026	12	TENNIS
B	24327475	2	Red Dragons	Vijay Rajendran	4	12	0	0	33.33	RHB	c Hassan khulaidi b Mohammed Khulaidi	42854431	1973340	GTCC - Spring League 2026	12	TENNIS
B	24327475	2	Red Dragons	Suresh Sekar	0	2	0	0	0.00	RHB	b Mohammed Abdul Salman	42851790	1973340	GTCC - Spring League 2026	12	TENNIS
B	24327475	2	Red Dragons	Ravikumar Swaminathan	13	13	0	1	100.00	RHB	c †Irfan Mohammed b Hassan khulaidi	29716954	1973340	GTCC - Spring League 2026	12	TENNIS
B	24327475	2	Red Dragons	Gayatri Das G	0	1	0	0	0.00	RHB	c MOHAMMED MANNAN ALI b Mohammed Khulaidi	9736753	1973340	GTCC - Spring League 2026	12	TENNIS
B	24327475	2	Red Dragons	Abhi K	16	13	2	0	123.08	RHB	c Syed Azeem Uddin b Sam	42838777	1973340	GTCC - Spring League 2026	12	TENNIS
B	24327475	2	Red Dragons	Lakku	12	16	0	0	75.00	RHB	not out	9736741	1973340	GTCC - Spring League 2026	12	TENNIS
B	24327475	2	Red Dragons	Ashok Balakrishnan	1	4	0	0	25.00	RHB	b Mohammed Khulaidi	39878064	1973340	GTCC - Spring League 2026	12	TENNIS
B	24327475	2	Red Dragons	Vijay K	0	1	0	0	0.00	RHB	b Mohammed Khulaidi	23322068	1973340	GTCC - Spring League 2026	12	TENNIS
B	24327475	2	Red Dragons	Saurabh Singh	2	6	0	0	33.33	RHB	c †Irfan Mohammed b Mohammed Abdul Salman	42838591	1973340	GTCC - Spring League 2026	12	TENNIS
B	24327475	2	Red Dragons	Vinoth G  (c)	1	4	0	0	25.00	RHB	not out	42838480	1973340	GTCC - Spring League 2026	12	TENNIS
W	24327475	2	Downtown Hunterz	Mohammed Emad	2	0	6	0	7	0	0	1	0	3.00	31856679	1973340	GTCC - Spring League 2026	12	TENNIS
W	24327475	2	Downtown Hunterz	Mohammed Abdul Salman	3	1	13	3	11	0	0	2	1	4.33	49754437	1973340	GTCC - Spring League 2026	12	TENNIS
W	24327475	2	Downtown Hunterz	Mohammed Khulaidi	3	0	4	4	14	0	0	0	0	1.33	31096973	1973340	GTCC - Spring League 2026	12	TENNIS
W	24327475	2	Downtown Hunterz	Sam	2	0	15	1	4	1	0	3	0	7.50	42529904	1973340	GTCC - Spring League 2026	12	TENNIS
W	24327475	2	Downtown Hunterz	Mir Mujahed Ali	1	0	13	0	0	0	1	1	0	13.00	41497900	1973340	GTCC - Spring League 2026	12	TENNIS
W	24327475	2	Downtown Hunterz	Hassan khulaidi	1	0	8	1	3	1	0	2	0	8.00	31856676	1973340	GTCC - Spring League 2026	12	TENNIS
B	24327472	1	TCF	Sharath Reddy Kongari	6	10	0	0	60.00	RHB	b NIRANJAN GOTTIPATI	23027924	1973340	GTCC - Spring League 2026	12	TENNIS
B	24327472	1	TCF	Madhav	2	3	0	0	66.67	RHB	c Mahendra Pullaganti b NIRANJAN GOTTIPATI	14174243	1973340	GTCC - Spring League 2026	12	TENNIS
B	24327472	1	TCF	Kumar Voleti	10	15	1	0	66.67	RHB	run out Tharun kumar Jalli / Sampath kumar madala	9118126	1973340	GTCC - Spring League 2026	12	TENNIS
B	24327472	1	TCF	Ananda Reddy Yarradoddi  (c)	3	6	0	0	50.00	RHB	run out Mahendra Pullaganti / Sampath kumar madala	21776986	1973340	GTCC - Spring League 2026	12	TENNIS
B	24327472	1	TCF	Aditya Panchal	5	10	0	0	50.00	RHB	run out Junaid Khan / Sampath kumar madala	50328852	1973340	GTCC - Spring League 2026	12	TENNIS
B	24327472	1	TCF	Pavan Kumar kandimalla	5	12	0	0	41.67	RHB	c †Sampath kumar madala b Srujan Gandla	23028065	1973340	GTCC - Spring League 2026	12	TENNIS
B	24327472	1	TCF	Raja Yerneni	0	2	0	0	0.00	RHB	not out	41616062	1973340	GTCC - Spring League 2026	12	TENNIS
B	24327472	1	TCF	Prajeeth Reddy	1	3	0	0	33.33	RHB	c Sampath kumar madala b Mahendra Pullaganti	49074855	1973340	GTCC - Spring League 2026	12	TENNIS
B	24327472	1	TCF	Manoj	0	2	0	0	0.00	RHB	c Rajkumar Bingi b Mahendra Pullaganti	23423501	1973340	GTCC - Spring League 2026	12	TENNIS
W	24327472	1	Team Phoenix	NIRANJAN GOTTIPATI	2	0	6	2	8	0	0	1	0	3.00	39257621	1973340	GTCC - Spring League 2026	12	TENNIS
W	24327472	1	Team Phoenix	Srujan Gandla	3	0	17	1	8	0	0	4	0	5.67	23847345	1973340	GTCC - Spring League 2026	12	TENNIS
W	24327472	1	Team Phoenix	Ganesh Rayapati	1	0	6	0	5	1	0	2	0	6.00	32590770	1973340	GTCC - Spring League 2026	12	TENNIS
W	24327472	1	Team Phoenix	Junaid Jr	2	0	8	0	6	0	0	1	0	4.00	42515948	1973340	GTCC - Spring League 2026	12	TENNIS
W	24327472	1	Team Phoenix	Mahendra Pullaganti	2.3	0	4	2	12	0	0	1	0	1.60	29518729	1973340	GTCC - Spring League 2026	12	TENNIS
B	24327472	2	Team Phoenix	Rajkumar Bingi	10	17	0	0	58.82	RHB	c Madhav b Kumar Voleti	15000727	1973340	GTCC - Spring League 2026	12	TENNIS
B	24327472	2	Team Phoenix	Vinod Goud Boyapalli	3	5	0	0	60.00	RHB	c Madhav b Kumar Voleti	32071427	1973340	GTCC - Spring League 2026	12	TENNIS
B	24327472	2	Team Phoenix	Tharun kumar Jalli	9	14	0	0	64.29	RHB	not out	29519121	1973340	GTCC - Spring League 2026	12	TENNIS
B	24327472	2	Team Phoenix	Junaid Khan	14	11	0	0	127.27	RHB	not out	41651972	1973340	GTCC - Spring League 2026	12	TENNIS
W	24327472	2	TCF	Sharath Reddy Kongari	2	0	10	0	7	0	0	2	0	5.00	23027924	1973340	GTCC - Spring League 2026	12	TENNIS
W	24327472	2	TCF	Kumar Voleti	2	0	8	2	7	0	0	2	0	4.00	9118126	1973340	GTCC - Spring League 2026	12	TENNIS
W	24327472	2	TCF	Ananda Reddy Yarradoddi  (c)	2	0	13	0	5	0	0	2	0	6.50	21776986	1973340	GTCC - Spring League 2026	12	TENNIS
W	24327472	2	TCF	Pavan Kumar kandimalla	1	0	6	0	2	0	0	0	0	6.00	23028065	1973340	GTCC - Spring League 2026	12	TENNIS
W	24327472	2	TCF	Madhav	0.5	0	5	0	1	0	0	0	0	6.00	14174243	1973340	GTCC - Spring League 2026	12	TENNIS
B	24327493	1	Friends United	Saurav  (c)	34	38	0	2	89.47	RHB	run out Abhishek Thakur / Jasraj Singh	38188893	1973340	GTCC - Spring League 2026	12	TENNIS
B	24327493	1	Friends United	Chetan	4	5	0	0	80.00	RHB	c Ragu Sharma b Harmeet Singh	22115674	1973340	GTCC - Spring League 2026	12	TENNIS
B	24327493	1	Friends United	Hemanth Lingraj	1	4	0	0	25.00	RHB	c †Abhy b Jasraj Singh	30361816	1973340	GTCC - Spring League 2026	12	TENNIS
B	24327493	1	Friends United	Navdeep Singh	1	3	0	0	33.33	RHB	c Ragu Sharma b Jasraj Singh	39095211	1973340	GTCC - Spring League 2026	12	TENNIS
B	24327493	1	Friends United	Karan Bajwa	15	12	2	1	125.00	RHB	c †Abhy b Abhi dhami	6249085	1973340	GTCC - Spring League 2026	12	TENNIS
B	24327493	1	Friends United	Amandeep Singh	4	4	0	0	100.00	RHB	c Shaibaz Khan b Harmeet Singh	39148817	1973340	GTCC - Spring League 2026	12	TENNIS
B	24327493	1	Friends United	Gurpreet singh	6	6	1	0	100.00	RHB	run out Abhi dhami / Abhi dhami	41628752	1973340	GTCC - Spring League 2026	12	TENNIS
B	24327493	1	Friends United	Japnam Singh	1	4	0	0	25.00	RHB	c Parry b Ragu Sharma	39456572	1973340	GTCC - Spring League 2026	12	TENNIS
B	24327493	1	Friends United	Rajesh seelam	0	0	0	0	0.00	RHB	run out Abhi dhami / Ragu Sharma	32057148	1973340	GTCC - Spring League 2026	12	TENNIS
B	24327493	1	Friends United	Harmanjot Singh	0	0	0	0	0.00	LHB	not out	41628927	1973340	GTCC - Spring League 2026	12	TENNIS
W	24327493	1	Golden City	Shaibaz Khan	1	0	6	0	3	0	0	0	1	6.00	41537512	1973340	GTCC - Spring League 2026	12	TENNIS
W	24327493	1	Golden City	Ragu Sharma	3	0	17	1	11	1	1	0	0	5.67	39147762	1973340	GTCC - Spring League 2026	12	TENNIS
W	24327493	1	Golden City	Abhishek Thakur	1	0	13	0	2	0	1	0	1	13.00	39122063	1973340	GTCC - Spring League 2026	12	TENNIS
W	24327493	1	Golden City	Harmeet Singh	3	0	9	2	11	0	0	1	0	3.00	39255428	1973340	GTCC - Spring League 2026	12	TENNIS
W	24327493	1	Golden City	Jasraj Singh	2	0	18	2	7	1	1	1	2	9.00	42437530	1973340	GTCC - Spring League 2026	12	TENNIS
W	24327493	1	Golden City	Abhi dhami	2	0	9	1	7	1	0	0	0	4.50	42525345	1973340	GTCC - Spring League 2026	12	TENNIS
B	24327493	2	Golden City	Parry  (c)	2	7	0	0	28.57	RHB	c Amandeep Singh b Rajesh seelam	38211758	1973340	GTCC - Spring League 2026	12	TENNIS
B	24327493	2	Golden City	Abhy  (wk)	5	8	0	0	62.50	RHB	c †Aashish TIWARI b Rajesh seelam	39113369	1973340	GTCC - Spring League 2026	12	TENNIS
B	24327493	2	Golden City	Preetinder Brar	11	20	1	0	55.00	RHB	c Harmanjot Singh b Navdeep Singh	40870987	1973340	GTCC - Spring League 2026	12	TENNIS
B	24327493	2	Golden City	Abhi dhami	4	7	0	0	57.14	RHB	b Karan Bajwa	42525345	1973340	GTCC - Spring League 2026	12	TENNIS
B	24327493	2	Golden City	Jagjeet singh	8	6	0	1	133.33	RHB	c Hemanth Lingraj b Karan Bajwa	49882883	1973340	GTCC - Spring League 2026	12	TENNIS
B	24327493	2	Golden City	Abhishek Thakur	15	12	0	1	125.00	LHB	not out	39122063	1973340	GTCC - Spring League 2026	12	TENNIS
B	24327493	2	Golden City	Shaibaz Khan	15	7	1	1	214.29	RHB	not out	41537512	1973340	GTCC - Spring League 2026	12	TENNIS
W	24327493	2	Friends United	Navdeep Singh	3	0	17	1	9	1	0	4	0	5.67	39095211	1973340	GTCC - Spring League 2026	12	TENNIS
W	24327493	2	Friends United	Rajesh seelam	3	0	16	2	9	0	0	3	2	5.33	32057148	1973340	GTCC - Spring League 2026	12	TENNIS
W	24327493	2	Friends United	Karan Bajwa	2	0	10	2	7	0	1	0	0	5.00	6249085	1973340	GTCC - Spring League 2026	12	TENNIS
W	24327493	2	Friends United	Gurpreet singh	2	0	11	0	5	0	0	3	0	5.50	41628752	1973340	GTCC - Spring League 2026	12	TENNIS
W	24327493	2	Friends United	Amandeep Singh	0.5	0	20	0	1	1	2	1	0	24.00	39148817	1973340	GTCC - Spring League 2026	12	TENNIS
B	24327488	1	FERAL XI	Tazeemahamed Shaikh	4	8	0	0	50.00	RHB	c Mohammed Khulaidi b Mohammed Abdul Salman	49882750	1973340	GTCC - Spring League 2026	12	TENNIS
B	24327488	1	FERAL XI	Vigneshwar Reddy	3	3	0	0	100.00	RHB	run out Irfan Mohammed	15282856	1973340	GTCC - Spring League 2026	12	TENNIS
B	24327488	1	FERAL XI	Santosh Natarajan	5	18	0	0	27.78	RHB	b Mir Mujahed Ali	23117493	1973340	GTCC - Spring League 2026	12	TENNIS
B	24327488	1	FERAL XI	Abhiram AS	3	4	0	0	75.00	RHB	b Mir Mujahed Ali	32212089	1973340	GTCC - Spring League 2026	12	TENNIS
B	24327488	1	FERAL XI	Fardeen Khan	4	8	0	0	50.00	RHB	c Mohammed Abdul Salman b Mir Mujahed Ali	27729185	1973340	GTCC - Spring League 2026	12	TENNIS
B	24327488	1	FERAL XI	Yash Vandra	1	6	0	0	16.67	LHB	c Syed Azeem Uddin b Mohammed Emad	50353197	1973340	GTCC - Spring League 2026	12	TENNIS
B	24327488	1	FERAL XI	Kushal Reddy  (c)	2	4	0	0	50.00	RHB	c Mir Mujahed Ali b Irfan Mohammed	15283637	1973340	GTCC - Spring League 2026	12	TENNIS
B	24327488	1	FERAL XI	Pawankumar Peddibhotla	1	2	0	0	50.00	RHB	c Hassan khulaidi b Mir Mujahed Ali	23117962	1973340	GTCC - Spring League 2026	12	TENNIS
B	24327488	1	FERAL XI	Naitik Patel	1	4	0	0	25.00	RHB	c †Irfan Mohammed b Mir Mujahed Ali	49883245	1973340	GTCC - Spring League 2026	12	TENNIS
B	24327488	1	FERAL XI	Kishan Gosai  (wk)	0	1	0	0	0.00	RHB	c Syed Azeem Uddin b Mohammed Khulaidi	49913477	1973340	GTCC - Spring League 2026	12	TENNIS
B	24327488	1	FERAL XI	Ayaan Shaikh	0	4	0	0	0.00	RHB	not out	42302314	1973340	GTCC - Spring League 2026	12	TENNIS
W	24327488	1	Downtown Hunterz	Sam	2	0	8	0	7	0	0	2	0	4.00	42529904	1973340	GTCC - Spring League 2026	12	TENNIS
W	24327488	1	Downtown Hunterz	Mohammed Abdul Salman	2	0	8	1	6	0	0	1	0	4.00	49754437	1973340	GTCC - Spring League 2026	12	TENNIS
W	24327488	1	Downtown Hunterz	Mir Mujahed Ali	3	0	8	5	12	0	0	1	0	2.67	41497900	1973340	GTCC - Spring League 2026	12	TENNIS
W	24327488	1	Downtown Hunterz	Mohammed Emad	2	0	7	1	9	0	0	4	0	3.50	31856679	1973340	GTCC - Spring League 2026	12	TENNIS
W	24327488	1	Downtown Hunterz	Mohammed Khulaidi	1	0	1	1	5	0	0	0	0	1.00	31096973	1973340	GTCC - Spring League 2026	12	TENNIS
W	24327488	1	Downtown Hunterz	Irfan Mohammed	0.2	0	0	1	2	0	0	0	0	0.00	15608701	1973340	GTCC - Spring League 2026	12	TENNIS
B	24327488	2	Downtown Hunterz	Hassan khulaidi	13	12	0	1	108.33	RHB	not out	31856676	1973340	GTCC - Spring League 2026	12	TENNIS
B	24327488	2	Downtown Hunterz	AsRar RaHman	22	13	2	2	169.23	RHB	b Naitik Patel	42406798	1973340	GTCC - Spring League 2026	12	TENNIS
B	24327488	2	Downtown Hunterz	Irfan Mohammed  (wk)	1	1	0	0	100.00	RHB	not out	15608701	1973340	GTCC - Spring League 2026	12	TENNIS
W	24327488	2	FERAL XI	Pawankumar Peddibhotla	2	0	18	0	7	1	2	0	0	9.00	23117962	1973340	GTCC - Spring League 2026	12	TENNIS
W	24327488	2	FERAL XI	Naitik Patel	2	0	13	1	5	1	0	0	1	6.50	49883245	1973340	GTCC - Spring League 2026	12	TENNIS
W	24327488	2	FERAL XI	Ayaan Shaikh	0.1	0	6	0	0	0	1	0	0	36.00	42302314	1973340	GTCC - Spring League 2026	12	TENNIS
B	24327483	1	Markham Shots	Sreekanth Sugathan  (wk)	0	7	0	0	0.00	LHB	b Sukhpal Singh	8328080	1973340	GTCC - Spring League 2026	12	TENNIS
B	24327483	1	Markham Shots	Vasanth Paul J	3	4	0	0	75.00	RHB	b Muhammad Bilal Munir	31907587	1973340	GTCC - Spring League 2026	12	TENNIS
B	24327483	1	Markham Shots	Vinu Joy	1	6	0	0	16.67	LHB	c Jaimin Kapdi b Muhammad Bilal Munir	21777638	1973340	GTCC - Spring League 2026	12	TENNIS
B	24327483	1	Markham Shots	Rajeev Navayath	19	19	0	0	100.00	RHB	retired hurt	9632856	1973340	GTCC - Spring League 2026	12	TENNIS
B	24327483	1	Markham Shots	Lijo John	1	4	0	0	25.00	RHB	c Dharmik Patel b Sukhpal Singh	41976791	1973340	GTCC - Spring League 2026	12	TENNIS
B	24327483	1	Markham Shots	Indrajith Das	23	17	0	3	135.29	RHB	c Utsav sutariya {US} b Ravi	24120932	1973340	GTCC - Spring League 2026	12	TENNIS
B	24327483	1	Markham Shots	Ashin  (c)	9	10	0	0	90.00	RHB	not out	9861238	1973340	GTCC - Spring League 2026	12	TENNIS
B	24327483	1	Markham Shots	Siva Ganesh Medisetti	1	5	0	0	20.00	RHB	not out	49884027	1973340	GTCC - Spring League 2026	12	TENNIS
W	24327483	1	PYO13	Muhammad Bilal Munir	3	0	7	2	13	0	0	2	0	2.33	41772649	1973340	GTCC - Spring League 2026	12	TENNIS
W	24327483	1	PYO13	Sukhpal Singh	2	0	5	2	7	0	0	0	0	2.50	41804896	1973340	GTCC - Spring League 2026	12	TENNIS
W	24327483	1	PYO13	Appu G	2	0	22	0	3	0	1	2	0	11.00	50020845	1973340	GTCC - Spring League 2026	12	TENNIS
W	24327483	1	PYO13	Ankur Sharma	2	0	14	0	5	0	1	0	0	7.00	7889875	1973340	GTCC - Spring League 2026	12	TENNIS
W	24327483	1	PYO13	Ravi	3	0	15	1	13	0	1	2	0	5.00	1153446	1973340	GTCC - Spring League 2026	12	TENNIS
B	24327483	2	PYO13	Utsav sutariya {US}	17	11	1	1	154.55	RHB	c †Sreekanth Sugathan b GISMON ALIAS	7067699	1973340	GTCC - Spring League 2026	12	TENNIS
B	24327483	2	PYO13	Jaimin Kapdi	10	9	1	0	111.11	RHB	c †Sreekanth Sugathan b Sachin Satheesan	39359870	1973340	GTCC - Spring League 2026	12	TENNIS
B	24327483	2	PYO13	Harjot Singh Toor	22	21	1	1	104.76	RHB	not out	41538204	1973340	GTCC - Spring League 2026	12	TENNIS
B	24327483	2	PYO13	Kushal Desai	12	9	1	1	133.33	RHB	b Ashin	31956726	1973340	GTCC - Spring League 2026	12	TENNIS
B	24327483	2	PYO13	Dharmik Patel	0	3	0	0	0.00	RHB	b Ashin	23033837	1973340	GTCC - Spring League 2026	12	TENNIS
B	24327483	2	PYO13	Dev Sardar	3	3	0	0	100.00	RHB	not out	11402008	1973340	GTCC - Spring League 2026	12	TENNIS
W	24327483	2	Markham Shots	Jaison Varghese	1.2	0	11	0	3	0	1	1	0	8.25	49882924	1973340	GTCC - Spring League 2026	12	TENNIS
W	24327483	2	Markham Shots	GISMON ALIAS	2	0	11	1	5	0	0	1	0	5.50	50096645	1973340	GTCC - Spring League 2026	12	TENNIS
W	24327483	2	Markham Shots	Sachin Satheesan	2	0	16	1	6	3	0	0	0	8.00	49913756	1973340	GTCC - Spring League 2026	12	TENNIS
W	24327483	2	Markham Shots	Ashin  (c)	2	0	8	2	9	0	1	0	0	4.00	9861238	1973340	GTCC - Spring League 2026	12	TENNIS
W	24327483	2	Markham Shots	Siva Ganesh Medisetti	1	0	11	0	2	0	1	0	0	11.00	49884027	1973340	GTCC - Spring League 2026	12	TENNIS
W	24327483	2	Markham Shots	Yadukumar Jayakumar	1	0	12	0	1	1	0	3	0	12.00	41966225	1973340	GTCC - Spring League 2026	12	TENNIS
B	24327497	1	Phoenix Youngsters	Shobith Balakrishnan	5	4	1	0	125.00	RHB	c Siranjeevi nandagopal b Joydip kirtunia	27727065	1973340	GTCC - Spring League 2026	12	TENNIS
B	24327497	1	Phoenix Youngsters	Dheeraj Antony Phoenix 2025	24	14	0	2	171.43	RHB	c †Kaushik Jagadeesan b K Partha Sarathy	39626145	1973340	GTCC - Spring League 2026	12	TENNIS
B	24327497	1	Phoenix Youngsters	Prasanth Pillai	48	32	3	3	150.00	RHB	not out	27671092	1973340	GTCC - Spring League 2026	12	TENNIS
B	24327497	1	Phoenix Youngsters	Jose Cherian	8	6	0	0	133.33	RHB	c Siranjeevi nandagopal b Naga Praveen	18158792	1973340	GTCC - Spring League 2026	12	TENNIS
B	24327497	1	Phoenix Youngsters	Sanjay S  (wk)	0	1	0	0	0.00	RHB	c Sujith Kumar b Naga Praveen	27671100	1973340	GTCC - Spring League 2026	12	TENNIS
B	24327497	1	Phoenix Youngsters	Akhil Mathew	11	12	0	0	91.67	RHB	c Naga Praveen b NagaRaju Bolla	21845898	1973340	GTCC - Spring League 2026	12	TENNIS
B	24327497	1	Phoenix Youngsters	Prasanth Alakkottu padmakumar	1	2	0	0	50.00	RHB	c Lokeswar Pamarthi b Naga Praveen	20873375	1973340	GTCC - Spring League 2026	12	TENNIS
B	24327497	1	Phoenix Youngsters	Nirmal Joseph Abraham	1	2	0	0	50.00	RHB	run out Naga Praveen	9001596	1973340	GTCC - Spring League 2026	12	TENNIS
W	24327497	1	Toronto valiant knights	Joydip kirtunia	2	0	20	1	5	2	1	0	1	10.00	49764760	1973340	GTCC - Spring League 2026	12	TENNIS
W	24327497	1	Toronto valiant knights	Lokeswar Pamarthi	2	0	22	0	2	1	1	0	0	11.00	31721859	1973340	GTCC - Spring League 2026	12	TENNIS
W	24327497	1	Toronto valiant knights	K Partha Sarathy	3	0	23	1	7	0	1	1	0	7.67	31983408	1973340	GTCC - Spring League 2026	12	TENNIS
W	24327497	1	Toronto valiant knights	Naga Praveen	3	0	23	3	7	1	1	1	0	7.67	23358772	1973340	GTCC - Spring League 2026	12	TENNIS
W	24327497	1	Toronto valiant knights	NagaRaju Bolla	2	0	15	1	6	0	1	2	0	7.50	32364090	1973340	GTCC - Spring League 2026	12	TENNIS
B	24327497	2	Toronto valiant knights	Arunachalam DhakshinaMurthy	0	1	0	0	0.00	RHB	b Nirmal Joseph Abraham	39493811	1973340	GTCC - Spring League 2026	12	TENNIS
B	24327497	2	Toronto valiant knights	Sujith Kumar	1	10	0	0	10.00	RHB	c †Sanjay S b Amal Joy	15333613	1973340	GTCC - Spring League 2026	12	TENNIS
B	24327497	2	Toronto valiant knights	Rubaiat Rabby	59	30	6	3	196.67	RHB	b Nirmal Joseph Abraham	15564727	1973340	GTCC - Spring League 2026	12	TENNIS
B	24327497	2	Toronto valiant knights	Naga Praveen	5	5	0	0	100.00	LHB	c Prasanth Alakkottu padmakumar b Arun Raj Somasekharan Nair	23358772	1973340	GTCC - Spring League 2026	12	TENNIS
B	24327497	2	Toronto valiant knights	Siranjeevi nandagopal	2	4	0	0	50.00	RHB	c †Sanjay S b Anu Krishnan	32560733	1973340	GTCC - Spring League 2026	12	TENNIS
B	24327497	2	Toronto valiant knights	NagaRaju Bolla	7	7	1	0	100.00	LHB	b Anu Krishnan	32364090	1973340	GTCC - Spring League 2026	12	TENNIS
B	24327497	2	Toronto valiant knights	K Partha Sarathy	2	5	0	0	40.00	RHB	c Prasanth Alakkottu padmakumar b Amal Joy	31983408	1973340	GTCC - Spring League 2026	12	TENNIS
B	24327497	2	Toronto valiant knights	Lokeswar Pamarthi	3	4	0	0	75.00	RHB	c Akhil Mathew b Amal Joy	31721859	1973340	GTCC - Spring League 2026	12	TENNIS
B	24327497	2	Toronto valiant knights	Kaushik Jagadeesan  (c & wk)	3	3	0	0	100.00	RHB	not out	40153823	1973340	GTCC - Spring League 2026	12	TENNIS
B	24327497	2	Toronto valiant knights	Joydip kirtunia	5	3	0	0	166.67	RHB	c †Sanjay S b Dheeraj Antony Phoenix 2025	49764760	1973340	GTCC - Spring League 2026	12	TENNIS
B	24327497	2	Toronto valiant knights	MAHESH THUMMALA	5	2	0	0	250.00	RHB	not out	23337751	1973340	GTCC - Spring League 2026	12	TENNIS
W	24327497	2	Phoenix Youngsters	Nirmal Joseph Abraham	3	0	13	2	12	1	0	3	0	4.33	9001596	1973340	GTCC - Spring League 2026	12	TENNIS
W	24327497	2	Phoenix Youngsters	Amal Joy	3	0	16	3	10	2	0	0	0	5.33	21089336	1973340	GTCC - Spring League 2026	12	TENNIS
W	24327497	2	Phoenix Youngsters	Akhil Mathew	2	0	27	0	1	1	2	1	0	13.50	21845898	1973340	GTCC - Spring League 2026	12	TENNIS
W	24327497	2	Phoenix Youngsters	Arun Raj Somasekharan Nair	1	0	11	1	1	1	0	0	1	11.00	21088621	1973340	GTCC - Spring League 2026	12	TENNIS
W	24327497	2	Phoenix Youngsters	Anu Krishnan  (c)	2	0	21	2	6	2	1	0	1	10.50	9017665	1973340	GTCC - Spring League 2026	12	TENNIS
W	24327497	2	Phoenix Youngsters	Dheeraj Antony Phoenix 2025	1	0	12	1	1	0	0	2	0	12.00	39626145	1973340	GTCC - Spring League 2026	12	TENNIS
